4.44;-11.31;-1.92;-42.67;-15.98;-127.59;38.14;17.62;4.88;71.33;215.4;-37.36;-14.1;-26.14;-23.53;-169.48;-399.23;-221.43;12.86;10.39;7.76;52.51;142.21;56.84
8.59;-7.62;-1.97;35.6;20.33;95.4;18.08;4.71;21.58;156.53;175.97;449.95;-5.75;-35.12;-10.26;-253.26;-218.9;-313.52;4.57;8.76;5.93;101.89;124.42;242.76
4.23;-11.91;-1.16;-40.85;-18.89;-127.63;21.91;14.25;4.14;39.15;86.72;-0.48;-14.87;-26.01;-15.39;-139.03;-186.46;-253.32;9.92;9.49;6.07;46.6;85.39;72.72
8;-6.96;-2.44;77.39;42.98;159.98;17.77;1.32;18.26;233.08;298.25;436.3;-9.57;-32.13;-7.73;-162.93;-231.96;-298.2;7.87;7.94;6.62;124.05;143.51;235.3
3.49;-11.06;-1.59;-52;-19.54;-138.72;18.45;14.99;5.11;0.78;34.52;-53.99;-11.86;-27.56;-22.21;-144.06;-153.32;-257.12;9.33;9.58;6.87;36.93;60.69;64.97
7.66;-7.41;-1.81;35.98;18.23;105.89;14.84;2.36;19.75;167.87;276.37;445.1;-10.4;-35.5;-7;-152.44;-351.41;-297.04;6.67;9.16;5.85;94.31;163.19;240.73
4.51;-10.85;-2.39;-40.63;-12.07;-138.19;35.93;22.96;4.28;52.14;190.13;-28.75;-16.1;-32.16;-21.82;-197.2;-317.75;-243.91;12.79;12.12;7.64;51.72;135.88;68.68
8.15;-6.93;-3.06;59.2;28.89;125.03;16;3.49;19.48;192.9;237.08;476.21;-7.79;-34.07;-9.27;-175.88;-296.24;-299.92;5.74;10.71;7.13;105.23;164.4;248.89
4.6;-10.19;-2.01;-45.69;-0.24;-116.53;28.97;27.64;5.28;27.92;97.53;-24.52;-11.8;-38;-20.69;-200.19;-223.44;-230.24;11.47;13.78;7.28;56.84;88.72;57.06
7.45;-8.68;-1.69;29.79;15.62;102.35;14.98;4.23;19.58;138.9;225.46;491.45;-1.47;-36.5;-10.85;-229.98;-212.25;-279.61;4.04;10.23;6.42;106.61;140.64;265.06
3.45;-10.61;-1.15;-50.65;-16.42;-128.1;23.79;19.88;5.6;7.35;95.88;-30.25;-13.85;-30.98;-20.74;-161.8;-233.73;-251.72;10.99;10.75;6.58;47.23;89.78;67.83
8.81;-7.5;-2.6;44.32;20.52;109.73;14.63;4.89;16.72;149.31;183.77;461.92;2.86;-33.93;-8.66;-195.05;-201.61;-262.87;3.31;10.16;5.65;89.2;124.24;242.23
3.54;-11.07;-1.38;-49.7;-16.7;-136.1;23.36;16.16;5.5;17.68;90.95;-35.87;-13.66;-29.5;-15.43;-160.5;-165.32;-241.01;10.39;9.83;5.97;44.69;86.82;61.43
8.22;-6.61;-3.79;62.5;34.54;126.14;13.56;2.63;15.65;185.86;185.74;422.64;-0.27;-37.42;-10.77;-189.94;-271.09;-359.27;3.63;9.38;4.83;112.44;115.41;228.46
4.57;-11.41;-0.84;-56.7;-31.84;-133.78;33.75;20.78;10.54;49.08;135.12;-44.14;-13.93;-32.53;-19.23;-165.91;-289.1;-225.5;12.03;12.46;7.21;44.22;115.96;64.77
8.47;-7.36;-2.67;43.12;43.16;124.24;16.97;2.7;16.97;158.01;232.12;419.92;-5.31;-34.95;-6.73;-189.2;-274.13;-325.69;5.45;10.78;6.34;101.01;121.19;226.88
4.14;-10.81;-1.52;-43.07;-16.86;-136.14;30.51;22.47;6.02;46.83;156.01;-36.48;-13.97;-37.52;-22.28;-190.93;-274.99;-242.91;12.41;12.59;7.42;57.63;112.18;60.22
9.7;-7.54;-2.55;38.37;7.13;113.25;17.67;4.54;15.24;166.85;200.65;473.74;0.76;-34.83;-11.23;-246.2;-282.42;-301.6;4.03;9.18;4.86;102.97;146.1;254.17
3.37;-11.51;-1.36;-59.79;-7.48;-132.96;23.7;16.16;6.45;6.05;100.41;-28.58;-18.3;-30.27;-16.82;-180.47;-175.3;-236.79;12.06;11.04;6.45;48.33;95.19;65.9
9.05;-6.97;-2.56;53.12;29.13;132.71;13.78;6.51;23.52;198.46;210.07;471.06;3.4;-36.49;-9.96;-243.72;-153.32;-308.66;3.38;11.99;7.41;127.71;104.13;261.42
3.5;-10.66;-1.41;-46.21;-23.53;-130.57;24.73;18.51;6.94;23.09;60.8;-25.46;-13.12;-35.63;-21.38;-153.73;-194.43;-262.88;10.63;11.9;8.46;42.91;77.29;75.99
9.13;-7.61;-2.61;34.19;14.93;104.6;20.58;6.02;17.58;161.06;195.16;490.24;2.81;-34.83;-8.66;-235.44;-206.43;-321.66;4.2;10.26;5.74;105.5;133.91;266.03
4.03;-11.8;-1.72;-57.55;-19.59;-141.03;26.4;23.85;8.51;34.35;85.57;-36.04;-16.55;-32.78;-20.66;-183.72;-194.74;-245.64;11.41;12.09;7.5;55.86;86.53;62.09
8.83;-6.24;-3.32;59.83;34.67;126.48;16.97;5.54;21.08;210.47;253.7;477.62;-6.16;-32.95;-15.19;-244.15;-291.53;-331.01;5.97;10.04;6.41;116.49;156.78;263.19
2.95;-10.48;-1.6;-50.99;-8.05;-128.48;23.66;27.52;4.81;31.69;89.21;4.19;-14.7;-36;-23.28;-188.09;-208.33;-285.44;12.09;13.58;8.53;52.97;90.79;85.97
9.03;-7.52;-2.13;43.95;27.4;114.69;16.22;5.52;19.01;154.15;200.05;484.79;-1.81;-33.96;-7.49;-216.87;-217.43;-293.29;3.97;10.87;5.81;98.53;140.05;262.46
3.21;-11.37;-1.55;-44.86;-18.53;-143.9;23.29;20.7;5.22;24.02;83.56;-49.32;-14.93;-31.41;-19.03;-159.07;-257.16;-252.79;10.75;11.83;7.33;47.05;87.78;66.08
9.68;-6.76;-2.89;43.79;13.89;129.28;17.72;5.22;16.71;162.51;257.26;479.5;-2.01;-34.73;-10.94;-254.23;-311.13;-337.1;4.17;9.71;5.24;103.29;157.42;266.04
3.61;-10.74;-1.55;-54.11;-15.8;-142.95;25.96;23.16;7.88;33.96;91.54;-32.71;-15.27;-33.73;-22.55;-177.92;-203.5;-251.94;11.76;12.6;7.21;59.29;101.59;66.52
9.57;-7.69;-3.75;55.89;31.11;119.53;16.58;4.34;10.21;212.98;173.42;438.35;1.94;-33.04;-9.49;-199.1;-232.16;-416.45;3.48;8.59;3.99;112.46;110.83;254.25
4.2;-10.91;-1.19;-54.4;-15.34;-114.47;34.09;16.67;5.27;33.55;117.44;-26.43;-12.78;-30.79;-19.16;-169.67;-279.37;-209.08;13.06;9.95;5.89;49.14;117.18;66.69
8.94;-6.81;-3.55;34.76;8.85;89.79;17.03;3.01;8.3;147.54;159.29;414.45;0.61;-30.27;-8.08;-183.55;-278.48;-353.95;4.71;9.66;4.69;100.31;123.11;239.04
4.31;-11.37;-1.34;-54.92;4.03;-110.35;35.02;19.06;4.58;50.12;129.39;-21.9;-13.82;-27.48;-20.57;-155.73;-231;-177.52;11.87;9.4;5.76;42.94;97.29;46.53
9.6;-6.82;-3.6;54.23;11.22;103.55;16.79;1.07;8.61;188.44;160.53;370.81;2.22;-28.79;-7.16;-182.54;-220.47;-343.12;4.01;8.86;4.04;105.9;105.23;210.16
4.32;-12.33;-0.9;-62.34;-1.46;-127;31.12;16.77;7.56;24.13;108.61;-34.67;-11.25;-28.02;-22.72;-156.66;-222.07;-217.27;11.07;9.95;6.83;40.45;84.47;48.93
9.42;-7.08;-2.97;52.56;5.49;116.91;15.4;3.55;11.42;158.91;180.4;409.63;2.43;-34.91;-8.16;-218.82;-135.76;-352.25;3.15;9.8;4.67;102.33;106.27;230.62
4.19;-12.01;-1.03;-56.65;-27.69;-128.04;25.49;19.25;6.37;27.75;72.61;-40.35;-15.2;-27.71;-20.28;-161.61;-204.24;-193.68;10.89;10.97;6.81;43.36;82.76;57.74
9.23;-5.44;-3.02;39.07;26.95;129.91;16.9;6.15;17.58;152.71;185.5;428.31;0.53;-32.26;-8.27;-209.81;-244.17;-301.83;3.99;9.25;5.33;95.52;122.16;238.09
3.87;-11.71;-1.3;-54.79;-15.97;-125.75;26.75;25.35;5.36;39.28;101.93;-30.67;-15.1;-29.57;-22.32;-182.88;-159.46;-215.66;11.81;12.39;7.52;48.45;90.88;50.77
8.88;-6.1;-2.93;31.6;13.14;97.61;16.25;6.14;20.05;156.46;190.94;439.47;-0.71;-33.24;-13.53;-208.86;-263.58;-278.07;3.95;9.07;6.07;97.02;125.16;237.12
4.74;-13.19;-1.13;-63.09;-15.66;-136.14;22.68;25.09;6.72;26.12;77.96;-4.65;-13.75;-32.45;-19.93;-164.74;-143.19;-239.58;10.31;12.62;6.48;44.02;71.71;58.25
9.45;-3.95;-3.51;63.89;29.85;166.13;16.92;6.32;14.35;175.32;173.26;424.89;3.36;-36.18;-9.52;-203.76;-161.95;-284.67;3.54;10.38;5.02;106.61;103.5;227.65
3.33;-11.84;-0.68;-69.04;6.71;-138.28;21.86;17.61;6.57;11.7;76.97;-54.46;-11.34;-31.44;-17.86;-145.1;-157.44;-233.7;10.68;11.23;7.03;41.83;75.04;60.12
8.77;-7.28;-3.11;45.66;-1.31;106.92;15.37;2.76;15.24;180.28;223.18;428.23;-3.85;-34.28;-8.53;-195.98;-304.17;-297.13;5.08;9.89;5.7;103.6;145.18;246.97
3.77;-12.47;-1.28;-63.54;-22.88;-145.8;28.39;15.94;9.11;12.58;62.24;-24.96;-14.91;-26.31;-19.44;-142.22;-179.95;-266.32;11.77;9.58;6.72;36.88;91.55;67.91
10.52;-5;-3.35;50.72;43.22;124.89;23.38;5.87;13.38;169.63;184.3;482.79;2.67;-34.97;-11.3;-269.38;-213.71;-336.97;4.42;10.65;5.11;115.14;125.15;259.89
1.86;-11.79;-0.55;-48.01;-34.35;-142.09;29.13;21.37;9.32;24.1;111.96;-37.36;-17.48;-36.44;-23.65;-166.37;-230.81;-278.67;11.83;12.08;7.75;56.67;112.06;78.13
9.74;-7.45;-3.62;38.45;31.33;135.86;24.15;4.11;9.83;162.04;202;472.26;-1.01;-36.58;-12.06;-231.51;-331.87;-400.29;5.06;10.32;4.26;98.64;152.46;271.18
3.87;-10.63;-1.5;-47.5;-21.72;-135.59;26.6;23.77;5.83;16.14;64.54;-39.26;-16.33;-33.77;-20.8;-182.63;-218.92;-256.91;12.35;12.94;6.86;52.96;99.98;81.98
9.4;-7.31;-2.89;36.6;30.99;117.68;16.06;1.42;14.56;166.14;239.11;451.08;0.52;-31.08;-10.06;-146.52;-382.78;-422.97;4.21;9.23;4.93;96.17;164.91;264.52
4.08;-11.34;-1.87;-46.6;-18.19;-132.23;38.11;22.19;3.71;45.42;210.58;-52.57;-17.1;-32.22;-21.32;-181.76;-327.42;-222.82;14.02;11.36;6.58;48.88;140.24;72.78
9.89;-7;-2.01;36.89;36.12;133.16;18.25;5.28;25.8;152.43;228.84;418.08;0.21;-37.07;-13.21;-213.12;-289.07;-409.4;4.89;10.46;6.76;95.64;144.57;244.48
3.62;-10.09;-1.66;-41.36;-32.31;-148.09;29.64;28.33;8;53.58;140.26;-53.94;-14.63;-35.37;-24.56;-180.86;-197.79;-253.25;12.07;13.45;7.69;57.21;107.39;59.21
10.05;-5.67;-2.89;23.44;31.69;112.56;15.56;4.76;17.15;150.1;168.25;445.38;1.49;-30.98;-13.57;-195.35;-292.9;-355.93;3.85;9.49;6.2;95.77;139.92;258.4
4.79;-12.35;-1.11;-27.36;-24.92;-131.53;38.74;20.44;5.68;38.16;227.84;-58.06;-20.61;-33.99;-21.58;-176.44;-303.41;-211.52;15.14;11.55;7.35;48.87;146.78;57.36
10.89;-5.27;-4.88;46.85;10.75;134.78;18.53;5.59;5.89;159.13;153.36;440.21;-3.61;-35.03;-9.97;-182.89;-272.08;-271.23;4.84;10.59;4.95;92.35;131.93;238.61
3.07;-11.76;-0.34;-51.3;7.58;-117.47;28.5;19.16;6.49;-16.07;87.94;-29.87;-13.07;-29.97;-12.81;-141.92;-157.92;-216.66;12.04;11.12;5.82;33.96;77.97;54.67
8.38;-6.93;-2.72;17.1;-1.1;92.33;14.79;3.38;13.82;98.2;182.31;431.92;1.96;-33.71;-9.75;-205.12;-292.41;-325.15;3.82;8.96;4.66;78.06;149.9;245.5
4.96;-11.96;-1.1;-56.04;-1.01;-128.23;30;29.3;7.18;30.89;118.96;-25.85;-15.63;-33.71;-21.42;-196.02;-227.14;-202.27;11.96;12.97;6.82;54.03;91.76;55.22
9.44;-5.1;-3.77;48.78;15.19;136.27;16;2.27;13.03;154.45;147.84;407.09;3.57;-31.91;-7.59;-188.93;-222.73;-318.94;3.3;8.63;4.57;94.31;109.55;217.73
4.31;-11.61;-1.72;-49.21;-9.27;-115.39;29.99;20.73;6.05;19.19;107.06;-33.72;-15.91;-27.14;-21.54;-179.03;-207.09;-211.44;11.94;10.78;7.02;49.43;94.76;49.88
9.07;-6.91;-3.15;26.8;1.22;80.75;18.09;0.46;5.63;149.94;116.35;377.22;2.2;-26.17;-7.5;-210.79;-197.86;-282.01;4.13;6.88;2.95;97.56;90.32;210.95
4.97;-13.02;-0.83;-64.85;7.17;-114.15;21.88;11.49;6.59;20.36;79.73;43.88;-14.19;-27.87;-15.28;-134.49;-123.81;-204.19;10.15;8.24;5.35;36.37;70.79;60.48
9.72;-1.98;-4.8;78.37;36.3;194.71;15.07;4.06;-0.34;179.22;126.88;385.5;2.62;-12.67;-7.34;-79.08;-183.75;-148.78;3.3;4.21;2.28;87.7;77.9;187.32
4;-13.63;-0.5;-68.96;-19.99;-142.32;23.09;20.91;14.31;2.34;107.41;-36.41;-16.41;-32.66;-19.7;-202.88;-183.38;-297.76;12.14;12.71;7.64;48.61;86.17;66.54
9.28;-6.49;-3.46;37.27;7.74;82.03;17.09;2.07;13.37;185.15;218.54;405.09;1;-34.06;-7.53;-195.75;-178.15;-290.88;4.14;9.43;4.3;103.3;110.45;232.37
4.58;-12.44;-1.07;-61.52;1.84;-130.78;21.85;19.83;6.92;7.37;91.88;-23.61;-13.31;-31.21;-16.2;-157.15;-142.27;-218.09;10.79;10.6;5.63;35.71;78.83;54.75
9.41;-4.86;-3.19;52.38;6.91;141.96;14.18;1.02;10.93;151.75;128.7;404.11;2.29;-28.91;-6.54;-185;-224.34;-326.93;3.38;7.09;3.7;92.86;107.98;219.37
3.71;-11.9;-1.23;-56.58;-18.87;-130.84;24.49;19.11;6.91;5.9;84.13;-61.41;-13.31;-28.27;-20.41;-155.71;-162.59;-196.41;11.13;10.72;6.48;40.39;86.93;43.39
9.85;-6.59;-3.27;37.32;27.68;104.1;16.62;4.62;11.68;156.66;159.56;428.52;0.99;-32.85;-6.97;-171.75;-226.62;-324.4;4.13;10.08;4.59;99.66;114.1;232.98
4.24;-13.12;-1.01;-51.89;-12.45;-142.05;27.86;21.43;9.06;40.53;86.83;-33.79;-13.64;-28.81;-22.1;-165.86;-212.26;-221.06;11.05;10.27;6.81;46.92;80.17;51.86
9.74;-3.86;-3.96;59.73;22.36;152.47;15.24;3.95;14.66;167.04;159.81;433.71;0.87;-31.94;-7.22;-198.15;-194.73;-293.37;3.8;8.69;4.66;106.21;112.74;231.66
4.19;-12.62;-1.74;-51.85;-13.52;-130.37;28.25;21.23;7.38;34.78;113.57;-52.27;-15.28;-30.61;-20.45;-158.53;-215.27;-215.95;12.77;12.07;7.05;46.22;99.25;48.4
8.34;-6.98;-2.32;26.87;11.05;83.98;15.57;3.86;17.91;151.2;157.89;461.26;-2.13;-31.44;-15.29;-161.95;-270.61;-259.71;4.92;8.04;5.48;88.84;116.28;239.24
5.51;-12.92;-1.61;-48.04;-14.62;-126.83;32.83;21.51;6.56;82.98;107.45;111.28;-11.29;-33.27;-20.9;-156.94;-216.92;-248.12;11.6;10.87;5.99;53.05;79.81;87.34
8.63;-4.23;-3.07;74.09;29.58;188.85;17.36;4.39;17.51;200.9;175.83;458.26;-2.45;-34.53;-10.54;-200.34;-261.49;-288.16;5.73;9.6;5.87;117.24;141.81;251.25
4.58;-11.64;-1.61;-73.03;-3.3;-135.1;33.06;23.45;9.52;32.88;117.28;-37.67;-14.61;-30.52;-23.18;-189.44;-266.75;-229.78;12.79;12.97;8.59;53.72;100.02;55.92
8.94;-8.61;-2.39;38.42;18.02;94.63;18.46;5.94;17.28;190.71;171.53;480.99;-5.09;-35.87;-13.46;-280.4;-226.31;-408.89;5.23;10.28;5.73;124.38;114.94;262.1
4.7;-12.69;-1.17;-49.91;-27.59;-141.78;25.4;27.87;6.76;41.58;81.76;-32.76;-16.04;-38.41;-24.38;-194.98;-158.46;-248.44;11.18;14.07;7.85;60.41;70.68;71.73
9.27;-5.33;-3.72;65.49;51.75;167.24;17.49;4.3;12.69;174.17;239.85;477.31;1.04;-35.91;-9.68;-220.59;-322.44;-453.28;4.73;9.63;4.76;113.13;159.9;272.8
4.06;-11.28;-2.02;-45.51;-25.56;-134.11;33.77;27.54;5.02;48.42;109.14;-27.78;-20.65;-35.32;-25.21;-193.6;-248.82;-252.27;14.19;13.45;7.77;55.17;102.92;65.75
9.67;-7.45;-2.58;37.99;42.51;122.49;20.87;3.81;20.26;210.3;306.07;493.27;-1.89;-34.43;-7.61;-217.21;-299.17;-370.24;5.91;10.38;6.42;118.94;147.96;272.63
4.27;-11.03;-2.05;-41.77;-41.04;-152.04;33.65;25.45;6.59;69.94;125.19;-17.3;-17.59;-36.6;-27.65;-174.17;-290.21;-280.92;13.64;13.79;9.58;58.06;119.6;83.87
9.53;-7.02;-2.66;40.66;45.7;145.4;14.24;6.9;12.98;167.81;198.43;501.31;1.75;-35.54;-7.32;-221.72;-294.78;-432.71;2.83;11.04;4.53;104.17;143.11;279.39
4.02;-12.01;-1.08;-53.13;-33.08;-146.44;36.57;23.83;9.21;44.54;116.71;-41.25;-16.35;-37.37;-25.78;-183.69;-259.4;-250.48;13.07;13.7;8.47;52.24;109.52;70.84
9.08;-6.09;-3.13;35.04;37.8;123.36;16.47;4.43;19.58;128.42;174.63;442.25;2.37;-36.63;-10.25;-234.67;-252.17;-401.18;3.82;11.15;6.09;104.54;133.96;267.2
4.51;-11.2;-2.04;-49.93;-33.88;-147.06;36.77;33.43;8.14;79.44;90.05;-27.93;-16.49;-36.05;-29.05;-206.25;-261.12;-272.56;13.3;14.55;8.81;65.03;118.55;75.28
9.83;-6.01;-3.17;35.85;43.71;153.43;17.93;5.47;8.59;164.95;190.41;499.05;1.89;-29.91;-8.2;-164.73;-395.86;-408.67;4.36;9.79;3.3;97.36;168.4;278.29
4.38;-12.15;-0.93;-50.43;-37.01;-158.03;36.44;19.83;6.39;25.73;161.15;-52.46;-19.01;-36.44;-19.14;-172.75;-315.73;-291.43;14.29;11.89;6.91;55.33;131.32;89.76
10.36;-5.96;-4.08;37.74;13.27;122.42;34.98;5.47;12.3;214.15;321.05;505.11;-11.05;-32.27;-22.52;-243.27;-425.45;-331.92;9.55;10.05;6.29;123.85;198.38;293.59
4.13;-10.05;-1.13;-54.66;-23.54;-125.51;32.4;31.85;6.81;28.13;162.33;-48.09;-12.65;-37.2;-17.08;-197.86;-195.59;-239.16;13.05;14.09;6.05;52.87;121.94;62.2
10.28;-8.26;-3.33;36.9;25.25;114.77;14.74;1.34;6.46;232.37;145.61;444.13;2.57;-34.76;-7.86;-211.42;-238.26;-305.12;3.39;10.81;4.93;124.63;108.89;255.14
3.64;-12.5;-0.6;-61.08;-18.52;-140.33;24.82;17.85;6.05;-4.22;76.29;-46.41;-15.43;-33.4;-18.26;-172.64;-161.41;-230.67;12.33;11.35;6.55;39.15;76.98;60.25
9.42;-5.9;-3.94;42.01;25.66;133.18;15.68;6.21;7.4;137.14;185.14;434.22;3.26;-29.19;-10.31;-186.02;-288.17;-354.26;3.36;8.78;3.45;96.78;138.45;240.91
3.92;-12.75;-0.74;-63.85;-10.92;-147.75;36.47;17.75;11.48;4.67;164.79;-59.49;-16.49;-36.04;-16.72;-190.03;-235.44;-234.57;13.72;11.68;7.23;52.37;107.18;56.62
9.9;-6.37;-3.99;52.31;26.92;133.28;17.79;6.57;10.78;179.63;170.27;487.97;2.29;-34.96;-8.76;-224.83;-253.55;-274.25;3.92;11.75;4.69;116.74;129.56;259
4.15;-11.55;-0.36;-58.03;-36;-158.15;25.87;18.56;8.44;12.42;115.48;-55.81;-13.6;-32.97;-14.39;-173.68;-186.63;-291.18;11.77;10.79;6.23;55.21;101.61;75.21
9.7;-6.89;-3.58;43.9;45.53;145.65;16.95;3.19;14.29;188.76;175.25;491.09;3.74;-29.73;-10.11;-215.33;-294.19;-459.8;3.34;9.88;5.18;120.02;131.92;286.74
4.66;-11.33;-1.17;-50.21;-37.94;-142.89;34.74;22.7;8.48;39.9;111.04;-40.29;-14.06;-35.26;-24.86;-168.59;-241.93;-264.49;13.19;12.12;8.22;50.78;108.86;75.81
9.18;-6.12;-3.19;23.57;20.37;136.87;22.01;1.85;10.86;156.05;229.53;464.07;-3.74;-31.04;-8.27;-180.34;-354.61;-378.23;5.37;9.74;4.24;97.17;161.86;259.98
3.36;-12.07;-0.95;-48.35;-19.87;-138.27;31.29;22.12;7.07;4.26;113.31;-47.24;-15.49;-32.86;-21.2;-177.41;-222.99;-272.14;13.27;11.44;7.07;47.98;121.81;68.45
10.49;-6.68;-4.17;39.1;30.5;121.3;19.46;4.73;8.37;194.08;212.2;479.15;0.97;-35.96;-11.43;-230.15;-264;-399.62;4.13;10.81;4.05;115.37;145.28;284.25
4.89;-10.96;-0.63;-59.95;-23.41;-128.48;28.88;26.24;7.38;31.99;95.35;-41.55;-14.83;-32.28;-18.49;-189.42;-218.64;-225.55;12.24;12.38;6.98;56.27;94.85;62.45
9.64;-7.71;-3.74;37.48;34.22;137.75;21.06;3;10.25;158.87;156.74;486.92;2.34;-34.17;-10.17;-238.02;-278.65;-380.63;4.71;11.05;4.67;112.01;136.19;269.4
3.57;-10.81;-0.81;-54.24;-20.83;-137.84;31.22;25.77;9.16;27.53;134.18;-26.21;-16.63;-37.9;-21.34;-192.5;-189.95;-275.61;13.37;13.58;7.41;53.42;110.44;71.48
9.43;-7.49;-3.38;34.42;23.93;120.61;14.85;2.98;9.31;158;137.22;459.31;2.27;-34.29;-11.91;-228.69;-258.04;-409.93;3.03;10.07;4.33;110.51;112.67;268.66
4.56;-11.79;-0.31;-56.92;-19.91;-135.38;31.58;23.66;10.08;26.01;128.18;-17.14;-16.81;-37.23;-19.2;-179.55;-195.13;-265.9;13.17;13.01;7.36;55.58;106.14;84.73
9.16;-7.65;-3.84;47.7;17.87;139.75;17.97;6.03;14.18;198.02;188.5;499.24;2.08;-33.78;-9.62;-220.71;-241.33;-342.94;4.15;11.36;5.11;115.9;135.73;260.29
4.5;-10.56;-1.81;-59.66;-9.15;-127.23;34.59;23.83;9.65;-5.33;125.82;-26.99;-17.69;-38;-19.31;-190.35;-251.08;-249.14;14.31;14.35;7.94;50.17;120.2;69.42
9.39;-8.02;-3.1;29.13;20.72;96.73;18.02;2.81;5.34;155.39;159.34;450.63;0.68;-31.12;-10.59;-200.41;-341.22;-435.32;4.17;8.8;3.56;104.38;143.64;266.9
4.66;-12;-0.89;-54.73;-21.92;-142.69;32.93;21.07;7.21;8.13;133.97;-48.2;-15.76;-35.57;-17.46;-179.2;-206.68;-256.02;12.73;11.56;5.99;47.44;104.52;80.53
10.2;-4.97;-4.16;51.22;24.59;176.95;21.65;0.93;8.83;149.59;142.85;439.71;0.69;-26.65;-12.76;-230.75;-296.6;-481.14;4.73;6.6;4.1;103.77;122.55;262.03
3.61;-11.45;-1.6;-51.26;-21.86;-129.92;30.63;21.15;8.6;10.6;125.58;-25.59;-19.42;-31.48;-21.56;-163.03;-255.22;-298.71;14.72;11.57;7.25;45.73;126.71;83.94
10.48;-7.23;-3.7;39.26;30.17;112.38;16.9;3.63;9.87;240.18;143.61;471.13;2.85;-37.89;-11.87;-249.53;-179.7;-470.46;3.62;10.09;4.41;138.75;98.43;295.36
4.69;-10.42;-0.54;-54.16;-48.88;-135.63;32.43;30.39;8.41;53.19;159.18;-34.97;-13.36;-40.48;-22.04;-210.71;-268.78;-275.39;13.29;14.75;7.58;58.04;113.44;73.85
9.73;-7.63;-3.02;18.57;31.98;132.28;20.09;3.93;11.25;163.66;186.43;480.54;-1.65;-34.44;-10.11;-233.66;-265.92;-420.06;4.43;10.21;4.52;118.89;124.49;281.78
3.62;-11.26;-1.09;-58.58;-19.63;-142.32;31.08;31.12;8.59;39.83;154.73;-42.31;-17.91;-36.9;-20.22;-195.33;-189.58;-266.25;14.11;14.35;7.62;55.76;107.55;69.05
10.35;-7.03;-3.17;34.7;25.78;128.43;17.83;3.75;9.64;182.09;141.62;455.62;1.32;-35.19;-7.15;-228.14;-159.95;-385.89;3.86;10.56;3.69;123.81;93.18;266.63
3.94;-11.25;-0.74;-55.3;-31.86;-154.88;25.76;25.33;7.36;16.66;116.92;-47.15;-12.5;-38.44;-20.12;-198.36;-154.77;-282.61;11.64;12.79;6.9;59.31;83.2;73.37
9.77;-6.01;-3.53;13.98;21.38;149.6;25.39;4.96;10.64;115.76;175.69;481.02;-8.44;-33.76;-14.93;-259.57;-375.28;-383.36;7.15;10.09;4.71;101.15;156.24;278.29
3.39;-11.37;-1.24;-54.47;-2.82;-147.87;26.9;24.65;8.41;24.53;128.54;-35.02;-16.14;-39.43;-18.2;-185.95;-150.28;-306.55;13.05;14.07;7.63;53.49;106.77;86.46
9.72;-7.08;-3.47;34.7;21.1;140.21;27.62;4.17;12.69;122.2;220.24;499.74;-3.22;-35.71;-13.53;-233.74;-363.93;-457.65;6.58;10.82;5.17;93.76;160.12;291.63
3.48;-10.45;-1.14;-43.22;-32.77;-158.12;34.42;32.04;7.91;38.4;137.92;-18.39;-18.91;-41.18;-27.58;-186.36;-234.42;-333.2;15.01;14.32;8.42;65.12;126.96;107.97
9.29;-7.17;-3.31;37.49;31.1;151.33;16.81;2.92;15.95;158.5;191.29;500.2;-3.91;-36.68;-10.34;-225.63;-301.21;-445.28;5.23;10.48;6.09;104.71;142.15;295.46
4.43;-9.69;-1.98;-49.65;-21.18;-143.47;35.27;35.82;8.7;54.08;176.62;-33.7;-12.88;-38.21;-26.72;-208.39;-200.73;-304.13;14;15.52;8.34;67.48;121.59;93.32
9.72;-6.99;-3.3;26.11;20.68;115.58;24.67;5.81;9.68;162.56;181.23;497;-3.05;-36.55;-12.57;-302.23;-270.96;-420.8;6.26;10.31;4.97;116.07;128.34;282.05
4.06;-10.91;-1.01;-49.15;-25.65;-143.01;35.04;28.38;7.64;24.33;153.33;-21.1;-14.56;-38.66;-19.33;-188.97;-196.33;-323.83;12.84;13.44;7.14;56.01;108.06;88.14
10.14;-6.13;-4.18;42.57;34.07;145.25;25.01;2.94;20.04;146.32;167.49;462.09;3;-27.82;-21.89;-232.34;-279.89;-461.01;5.61;8.77;6.72;94.67;109.86;267.01
2.71;-11.9;-0.81;-49.79;-3.34;-124.5;34.97;18.47;10.44;40.89;163.75;-17.28;-17.37;-32.68;-26.38;-164.73;-190.33;-263.3;13;10.84;7.91;46.17;105.2;72.6
10.3;-7.33;-3.86;40.55;17.41;141.1;21.01;1.79;14.4;125.37;220.85;457.75;-1.57;-35.65;-11.23;-203.79;-360.79;-449.39;6.39;10.24;5.11;87.64;150.21;257.33
4;-11.11;-1.24;-50.91;-21.58;-138.99;35.36;33.78;7.86;69.65;172.46;-61.13;-14.63;-39.94;-26.13;-229.03;-276.92;-275.26;13.52;14.99;8.11;67.74;125.76;73.88
9.84;-7.07;-3.09;33.47;36.34;118.16;19.22;1.87;22.51;151.51;172.06;439.42;2.42;-35.46;-15.92;-215.6;-316.19;-467.78;4.59;8.9;6.43;116.92;129.15;270.92
4.05;-10.76;-1.16;-56.26;-13.65;-145.6;38.51;32.08;9.31;59.39;176.76;-3.75;-22.26;-36.91;-30.16;-192.51;-245.05;-294.83;15.18;14.13;9.1;59.68;128.41;106.37
10.94;-5.6;-4.02;52.74;19.1;166.33;22.63;3.91;13.08;176.86;151.49;445.72;3.69;-33.92;-12.49;-207.34;-233.1;-408.08;4.86;8.8;4.43;100.48;102.01;246.32
2.95;-12.04;-0.77;-49.66;-22.82;-132.75;26.94;19.71;7.15;21.02;131.75;-59.31;-17.81;-29.87;-20.04;-140.15;-210.96;-254.77;12.6;10.22;6.44;38.18;101.01;64.01
9.39;-6.73;-3.34;39.27;22.19;127.85;17.8;7.64;9.51;166.57;170.8;468.13;1.27;-35.26;-8.94;-234.05;-167.04;-357.3;4.42;11.5;5.7;105.82;110.21;267.14
4.03;-12.45;-0.55;-68.21;-20.34;-156.26;34.28;21.09;9.25;18.67;119.37;-52.68;-16.05;-34.33;-18.24;-189.19;-236.14;-290.88;13.12;12.19;6.92;54;100.9;72.43
9.2;-5.72;-3.82;41.51;21.37;137.65;18.2;10.05;11.87;168.83;215.39;498.96;-3.02;-34.76;-10.84;-259.4;-296.9;-335.84;5.94;11.73;4.91;127.11;141;283
3.95;-11.08;-0.66;-54.88;-32.47;-144.27;29.4;18.81;11.4;3.1;116.92;-23.56;-15.34;-35.28;-18.94;-168.29;-200.63;-262.83;13.18;12.07;7.67;49.28;106.71;70.51
9.09;-6.82;-4.26;43.77;43.51;141.34;15.24;3.34;7.97;163.93;182.21;450.25;1.31;-28.53;-11.33;-207.19;-357.55;-436.37;3.59;8.78;3.74;116.66;142.63;262.74
4.53;-11.59;-0.74;-52.33;-15.03;-141.27;34.79;22.82;8.57;36.69;154.83;-31.54;-17.43;-35.67;-18.59;-188.04;-238.86;-287.24;14.33;12.23;6.99;52.87;124.7;94.17
9.13;-6.85;-3.82;30.52;7.11;131.28;24.07;3.84;5.31;141.16;197.07;470.03;0.77;-30.09;-10.24;-175.76;-411.06;-386.79;4.94;9.62;3.24;89.94;162.16;266.34
4.63;-11.96;-0.92;-63.86;-12.42;-147.19;35.86;21.09;8.23;1.73;136.46;-33.44;-17.43;-33.58;-13.73;-186.22;-235.83;-263.14;14.52;11.07;6.07;53.43;123.49;74.28
9.82;-6.47;-3.45;45;33.35;144.39;18.92;4.65;9.44;156.58;182.29;456.47;0.15;-35.74;-13.75;-287.37;-200.76;-450.86;4.52;10.47;4.18;122.92;122.77;279.51
4.02;-10.73;-1.41;-45.41;-29.56;-133.45;32.11;28.56;9.55;38.28;143.33;-36.22;-17.84;-36.61;-22.01;-175.14;-202.5;-269.7;13.88;14.32;8.06;52.13;110.15;69.25
9.79;-7.73;-2.65;22.04;28.68;116.51;17.18;3.99;12.48;178.05;225.74;479.25;-2.22;-37.13;-11.3;-250.7;-197.28;-416.17;4.24;10.54;5.08;120.77;107.19;291.12
4.23;-11.28;-0.83;-47.24;-40.84;-147.33;27.62;24.1;10.34;34.56;156.91;-32.36;-16.54;-38.82;-18.92;-187.34;-228.08;-291.77;13.43;12.56;7.25;55.39;109.42;70.14
10.45;-6.52;-4.86;52.44;26.66;151.79;24.8;6.12;15.83;158.5;120.96;433.13;4.67;-34.54;-20.75;-283.99;-198.14;-468.22;4.79;9.19;5.94;123.62;82.61;256.07
2.54;-12.04;-0.09;-57.35;-20.29;-126.71;28.19;16.8;9.71;10.45;128.51;-36.78;-23.65;-28.95;-17.88;-149.49;-229.33;-270.97;14.23;10.94;7.33;43.9;115.79;88.22
10.77;-7.34;-4.84;37.24;11.72;113.98;28.84;5.64;10.33;183.15;128.44;462.48;1.99;-35.14;-24.84;-308.99;-240.63;-417.19;5.77;11.15;6.57;139.15;110.94;281.72
3.53;-11.61;0.2;-66.4;-23.12;-134.76;27.66;20.08;5.98;9.6;130.11;-41.34;-16.17;-33.1;-15.55;-175.48;-159.06;-261.99;12.44;10.63;6.2;59.13;97.9;85.77
10.17;-6.2;-3.77;42.24;41.94;152.17;20.4;6.86;22.74;177.02;175.47;479.61;0.53;-36.1;-20.32;-268.7;-212.36;-400.55;4.93;10.17;7.85;129.39;114.84;273.31
2.94;-10.53;-0.5;-50.51;-28.42;-131.64;33.26;31.68;9.19;68.39;206.31;-39.81;-17.78;-40.8;-25.14;-196.23;-256.99;-258.26;14.55;14.25;8;66.13;134.66;76.69
9.89;-8.03;-3.64;40.18;30.92;124.44;16.57;6.68;13.9;198.55;147.67;492.29;3.91;-35.76;-9.61;-207.66;-208.38;-390.21;4.42;12.13;5.4;129.39;102.83;277.48
3.26;-11.7;-0.94;-62.85;-19.45;-132.6;28.08;23.54;6.11;19.21;100.47;-40.36;-16.43;-38.53;-24.42;-187.9;-221.18;-263.63;12.4;12.57;7.62;53.02;94.5;71.05
9.6;-6.73;-3.32;27.63;14.63;111.18;18.67;8.86;12.71;143.11;215.54;477.26;-2.01;-35.15;-13.23;-299.11;-258.49;-362.95;5.05;12.37;5.13;121.22;118.34;281.29
3.84;-11.27;-1.3;-66.01;-15.22;-139.18;30.36;25.52;5.89;-11.62;176.4;-18.76;-17.3;-37.79;-16.94;-212.84;-179.24;-294.8;13.06;13.71;7.09;50.98;106.25;87.72
10.31;-7.01;-3.9;37.76;21.71;114.4;16.56;5.72;6.89;175.59;123.88;458.24;3.9;-36.3;-8.72;-277.75;-156.08;-405.96;3.01;10.31;3.57;124.21;96.28;266.87
4.2;-11.84;-0.7;-73.21;-23.72;-139.19;28.75;29.86;10.28;26.91;117.15;-46.99;-16.97;-39.31;-22.86;-215.08;-175.27;-260.55;12.21;14.63;7.8;48.93;86.84;68.16
10.29;-5.11;-5.03;60.29;28.6;149.11;18.01;5.36;7.4;187.86;151.04;436.52;2.87;-34.85;-16.09;-292.43;-209.48;-385.61;3.76;10.1;4.63;127.96;99.06;243.57
2.04;-12.72;0.05;-61.14;-31.46;-140.05;27.71;18.71;9.23;13.86;111.51;-46.09;-25.65;-30.97;-13.36;-157.75;-236.88;-280.25;15.02;11.1;6.47;58.95;108.61;84.14
10.62;-4.18;-5.32;65.92;53.09;162.29;18.99;6.57;-0.2;224.35;232.34;498;-3.36;-23.87;-9.37;-221.62;-273.29;-241.1;5.41;8.81;2.02;128.75;132.37;251.82
4.25;-12.44;-0.46;-67.94;-27.97;-159.92;30.98;32.48;16.42;20.25;158.95;-28.66;-23.37;-40.59;-17.62;-292.26;-195.46;-367.96;13.69;15.9;8.44;75.65;104.26;96.94
10.9;-6.1;-4.24;31.76;21.71;122.17;25.89;8.37;10.71;164.49;155.74;448.7;3.53;-35.21;-20.72;-256.65;-245.55;-379.75;4.49;10.37;5.24;121.28;101.1;267.09
2.42;-13.1;0.67;-50.76;-5.28;-128.03;27.16;15.04;14.67;27.04;110.37;36.3;-23.04;-34.69;-17.75;-130.2;-139.02;-235.3;12.56;10.76;7.25;52.46;77.8;80.54
10.5;-6.05;-3.21;38.48;10.45;160.95;22.75;3.36;16.13;131.99;136.19;456.62;-4.68;-33.72;-10.68;-260.34;-260.54;-425.54;6.49;8.52;5.51;109.03;123.89;255.75
1.96;-11.22;-1.05;-49.84;-12.82;-134.66;26.63;27.63;12.67;35.28;129.47;-11.16;-19.72;-37.95;-21.59;-193.81;-196.9;-290.18;14.71;14.45;8.87;56.29;104.65;89.67
10.82;-6.77;-3.37;21.79;23.59;94.76;27.67;4.81;13.37;187.01;215.07;457.03;-0.51;-35.53;-8.53;-209.5;-321.51;-394.88;5.7;10.09;4.48;118.04;142.19;283.77
2.21;-12.6;-1.09;-50.23;-42.13;-152.71;25.49;21.32;9.72;40.79;115.67;-73.71;-17.1;-36.69;-22.5;-163.13;-207.19;-262.17;12.8;11.87;7.31;45.61;104.26;60.83
11.7;-5.48;-3.81;37.15;55.8;145.72;19.93;6;14.33;157.43;179.73;496.05;1.06;-38.38;-15.51;-303.41;-172.6;-429.65;5.32;11.07;5.14;121.28;116.02;281.24
2.59;-11.08;-1.08;-50.49;-40.01;-157.21;33.29;28.7;10.79;86.8;213.96;-48.74;-16.22;-41.08;-23.37;-193.73;-271.5;-260.91;15.18;14.42;8.02;70.69;133.02;72.23
11.68;-6.29;-4.87;49.27;33.86;147.32;22.04;6.75;9.07;197.74;166.31;482.31;1.49;-34.8;-18.93;-279.78;-246.34;-405.29;4.75;10.51;4.91;125.08;110.13;277.74
2.61;-11.79;0.2;-57.63;-37.47;-145.38;26.85;14.61;8.75;9.97;99.53;-64.67;-17.54;-33.73;-14.46;-154.82;-219.3;-247.59;12.67;10.12;6.27;55.34;107.49;71.87
10.47;-7.25;-4.33;40.82;35.13;127.97;14.73;4.6;7.35;215.76;137.02;476.71;1.01;-36.51;-13.03;-274.99;-118.45;-465.55;2.96;10.2;3.88;143.95;96.01;282.06
3.53;-11.53;-0.03;-64.69;-13.78;-135.27;31.82;25.41;10.51;43.82;146.99;-45.04;-15.66;-36.47;-20.26;-186;-247.23;-248.07;14.31;13.44;7.35;54.26;115.8;68.8
9.35;-7.3;-3.23;37.26;22.74;130.2;14.01;2.82;16.59;192.89;165.95;441.01;-0.22;-34.01;-8.4;-162.11;-443.7;-449.14;3.42;9.43;5.22;112.52;154.16;263.01
3.66;-11.11;-1.76;-53.87;-0.07;-134.44;37.69;35.68;10.66;65.82;229.02;-34.76;-19.66;-37.93;-28.64;-223.31;-421.27;-246.54;14.41;15.29;9.52;63.73;155.38;81.73
10.73;-7.76;-4.33;56.06;1.98;129.11;25.97;2.22;7.77;175.35;188.97;461.14;-4.35;-30.77;-10.94;-227.78;-186;-412.65;7.1;10.23;4.17;116.23;122.5;256.19
2.46;-12.77;-0.32;-70.83;-17.74;-141.76;31.43;15.59;9.96;22.81;106.01;-40.33;-22.47;-28.86;-17.16;-142.92;-247.65;-266.36;14.67;9.47;7.09;45.77;110.18;71.91
11.09;-6.61;-4.59;48.1;13.76;118.91;29.07;6.33;1.46;206.48;175.86;455.22;1.66;-34.47;-9.31;-203.18;-220.29;-292.94;5.86;11.52;3.97;126.19;120.93;264.42
2.75;-13.31;0.66;-71.33;2.06;-149.91;29.39;17.77;14.81;-1.95;121.34;-46.7;-24.82;-38.09;-14.84;-183.77;-173.44;-249.48;13.9;11.64;6.98;45.09;93.82;59.98
9.97;-6.47;-4.38;65.13;7.15;152.7;18.35;4.59;11.09;199.77;146.36;474.91;2.25;-34.44;-9.66;-246.57;-260.09;-417.99;4.55;9.51;4.57;132.12;120.35;261.67
2.8;-11.23;-0.92;-65.42;-13.56;-142.5;33.51;33.34;13.61;19.04;171.1;-28.78;-25.56;-40.39;-23.26;-224.94;-227.02;-267.04;16.05;15.82;8.88;67.75;131.2;71.99
10.55;-7.49;-3.52;43.15;32.87;113.91;28.91;3.93;15.36;220.52;199.35;478.08;1.23;-35.06;-10.36;-238.7;-307.52;-446.73;5.93;10.24;4.97;127.63;137.08;278.07
4.07;-11.61;-1.16;-67.84;-0.6;-147.38;35.45;33.76;8.37;79.17;156.14;-53.37;-14.66;-39.42;-30.88;-202.9;-232.04;-266.21;12.77;14.59;8.67;62.54;103.58;83.73
10;-5.41;-3.54;34.32;-5.73;150.18;34.21;6.39;14.9;117.72;145.59;459.88;3.8;-33.75;-23.06;-279.63;-358.57;-401.25;7.32;10.02;7.55;99.84;142.02;273.85
3.7;-11.84;-0.43;-49.49;-37.07;-142.6;30.62;23.15;11.03;62;161.24;-45.33;-16.85;-34.98;-20.25;-175.65;-228.64;-257.62;13.69;12.43;7.64;67.59;118.83;76.57
11.34;-7.43;-4.14;36.25;34.91;132.3;20.47;7.83;4.05;254.84;142.12;500.83;1.07;-35.46;-10.59;-278.01;-160.61;-349.54;5.1;11.8;4.22;150.19;93.9;296.21
3.32;-11.35;0.03;-57.51;-15.81;-138.77;30.25;21.32;10.92;19.07;110.95;-34.21;-16.47;-35.88;-14.69;-170.62;-140.13;-241.53;12.3;12.74;6.67;49.63;81.76;65.03
11.06;-6.08;-4.95;47.96;0.65;125.06;24.49;3;6.95;164.62;118.21;443.77;5.38;-21.24;-23.46;-199.05;-411.41;-445.5;4.4;9.21;5.61;105.72;136.6;264.9
3.72;-13.39;0.1;-71.18;-6.78;-136.76;31.52;7.13;6.01;-14.86;125.57;-67.04;-22.35;-27.52;-11.51;-149.38;-198.81;-210.93;14.14;8.52;5.13;41.26;92.6;65.4
11.21;-6.18;-4.34;66.24;23.52;155.77;18.32;4.02;12.6;231.91;130.3;434.12;1.35;-37.54;-10.6;-245.83;-196.22;-372.33;3.89;10.37;4.44;133.19;82.73;242.33
3.1;-11.8;-0.77;-63.47;0.71;-125.43;24.09;23.41;9.93;37.05;108.63;-47.43;-16.66;-33.07;-18.75;-171.98;-191.47;-259.94;13.01;13.1;7.01;43.75;89.01;50.39
8.9;-8.93;-2.64;30.9;-10.44;91.47;16;2.88;6.18;204.02;127.96;447.45;-4.53;-34.34;-9.95;-226.68;-242.27;-371.5;4.81;9.38;3.79;112.54;108.61;255.21
4.69;-13.35;-0.4;-77.56;-14.29;-142.09;33.96;21.01;10.99;4.77;90.35;-14.83;-17.76;-35.17;-18.51;-188;-234.43;-258.68;12.79;11.72;7.1;53.01;85.97;63.9
10.17;-4.73;-3.65;55.63;31.98;171.91;20.43;3.26;14.48;187.89;195.9;440.04;1.65;-34.77;-7.24;-220.08;-302.7;-408.67;4.14;8.8;4.96;116.44;140.03;252.1
2.82;-12.35;-1.06;-56.05;-3.36;-155.95;32.94;20.08;10.73;27.63;157.09;-63.87;-17.06;-36.25;-22.4;-174.11;-151.88;-268.6;14.29;12.75;8.45;52.59;102.87;76.82
10.07;-6.39;-3.33;43.89;18.65;120.41;19.11;4.07;17.38;201.56;172.75;464.88;-1.56;-31.89;-9.52;-252.14;-234.95;-381.27;4.45;9.5;5.16;124.5;115.49;270.08
3.74;-11.66;-0.82;-59.6;-32.34;-145.18;27.84;21.44;13.09;8.08;114.05;-34.51;-21.08;-34.57;-24.61;-150.32;-218.66;-271.68;13.51;12.23;8.49;54;107.16;67.57
11.64;-7.11;-4.12;57.39;31.37;168.93;19.2;5.63;12.04;182.51;162.54;458.42;6.72;-35.94;-12.61;-268.48;-218.56;-407.09;3.67;10.48;4.8;128.58;108.51;252.06
3.14;-11.81;-0.7;-63.62;-26.78;-138.88;28.1;18.61;11.86;6.51;80.07;-47.57;-19.45;-34.83;-21.32;-165.13;-169.32;-258.28;13.9;12.52;7.93;59.83;86.19;67.4
10.05;-7.21;-3.77;35.64;19.31;101.17;17.42;3.53;4.39;194.72;163.15;454.78;-0.52;-25.37;-12.1;-213.98;-302;-384.52;4.32;8.37;4.07;123.86;126.58;267.47
3.59;-14.32;0;-61.05;-11.11;-152.71;31.6;5.42;11.43;-7.85;96.32;-42.63;-22.89;-29.18;-11.84;-118.79;-222.96;-253.8;14.61;7.68;5.95;40.32;109.45;76.25
10.62;-3.41;-5.87;70.72;15.3;161.92;15.64;7.62;2.31;204.63;206.46;431.94;6.9;-27.63;-14.71;-246.56;-244.24;-366.93;2.4;9.83;3.56;127.64;115.63;253.57
2.45;-13.04;0.21;-62.47;-18.86;-140.34;27.08;7.98;9.48;-10.92;104.21;-59.94;-22.53;-27.87;-9.67;-134.5;-212.89;-260.51;14.52;9.03;5.72;39.44;105.87;76.91
10.83;-6.5;-3.67;28.95;28.28;123.58;25;3.37;11.03;145.43;151.26;457.59;1.72;-33.27;-11.43;-224.58;-345.87;-440.52;5.01;10.06;3.88;108.8;134.13;264.96
4.56;-12.68;-0.8;-55.6;-9.35;-147.29;33.03;16.4;12.06;39.9;120.14;-34.39;-20.05;-38.35;-20.88;-160.06;-222.64;-255.27;14.18;12.27;7.81;56.22;113.68;81.83
10.45;-4.95;-4.57;46.32;8.64;157.7;37.47;3.43;22.29;140.81;135.92;463.43;1.14;-29.92;-25.63;-253.43;-324.22;-363.24;7.56;9.16;7.58;103.93;131.45;253.56
3.1;-12.21;-0.36;-52.43;-16.89;-136.94;31.22;17.72;7.78;42.79;168.15;-65.14;-18.37;-30.17;-18.14;-169.23;-187.3;-252.61;14.94;10.68;7.03;57.53;112.4;76.02
10.52;-7.27;-3.56;34.78;18.33;127.83;18.12;2.72;6.26;194.07;164.7;495.32;2.9;-28.99;-8.44;-195.07;-201.63;-357.35;4.15;10.14;4.15;117.15;102.7;281.43
3.26;-12.3;-0.41;-67.52;-16.27;-144.11;31.27;16.18;8.98;-13.07;125.84;-59.09;-20.65;-33.41;-13.09;-172.29;-232.34;-246.01;14.28;10.7;6.35;41.75;113.77;61.65
10.2;-7.68;-3.25;36.99;27.84;145.84;17.96;3.97;14.65;175.09;177.6;497.51;0.03;-34.51;-13.71;-284.03;-247.7;-433.68;4.45;10.77;5.8;119.97;136.47;286.62
3.68;-10.23;-1.74;-49.83;-38.13;-132.74;32.89;33.47;11.02;37.76;128.96;-26.07;-18.32;-34.82;-26.35;-195.9;-221.01;-299.22;14.34;14.95;9.09;65.2;112.9;66.75
10.93;-7.42;-3.95;32.55;23.05;107.63;17.83;4.84;8.15;172.97;176.93;450.91;4.34;-32.36;-12.96;-250.19;-183.2;-391.8;3.53;10.53;4.41;129.29;111.08;264.12
3.64;-13.75;-0.19;-75.35;-22.83;-145.5;27.25;13.52;10.85;-1.51;91.08;-59.19;-16.59;-31.11;-16.05;-154.23;-168.97;-253.22;12.53;9.99;6.13;46.1;86.83;65.78
10.66;-5.7;-4.82;74.12;34.66;161.2;17.53;6.1;12.37;219.66;173.73;485.18;1.05;-36.45;-13.72;-293.29;-129;-389.43;3.88;11.28;5.11;144.84;92.5;265.41
3.67;-11.33;-0.92;-70.56;-26.78;-147.12;28.76;28.58;12.45;24.22;109.79;-30.76;-19.07;-35.51;-20.33;-202.71;-222.44;-254.91;14.09;14.41;8.77;65.47;96.99;73.79
9.72;-6.47;-3.85;36.67;23.03;114.15;15.75;3.61;12.99;165.72;146.44;453.69;3.84;-36.02;-12.03;-255.4;-188.24;-434.67;3.06;10.77;4.66;117.34;99.74;267.35
3.98;-11.44;-0.72;-62.27;-10.58;-143.51;39.17;32.75;11.83;67.44;168.28;-37.5;-17.94;-40.61;-23.28;-205.12;-272.09;-243.5;14.69;14.59;8.01;65.47;121.97;78.53
11.05;-6.55;-3.42;39.81;28.39;159.14;22.45;7.62;24.13;154.77;197.68;503.1;1.48;-38.14;-17.79;-304.24;-273.34;-469.16;4.73;10.49;7.24;124.54;139.26;293.02
3.94;-9.99;-2.19;-48.5;-34.13;-143.01;39.34;36.1;6.14;127.55;211.26;-62.59;-15.84;-40.54;-30.03;-219.33;-276.07;-251.57;14.76;16.46;9.46;81.51;125.25;58.63
11.11;-6.46;-3.78;46.06;14.92;119.3;23.6;6.79;16.62;228.67;132.04;457.43;4.5;-38.01;-18.14;-264.59;-252.96;-397.44;4.18;10.12;6.11;136.56;103.22;266.5
3.98;-13.36;0.05;-73.42;-21.05;-146.78;24.06;19.93;8.62;16.24;127.84;-51.4;-18.54;-37.34;-17.38;-179.63;-202.62;-274.88;12.93;11.86;6.59;54.38;91.56;78.49
9.72;-5.14;-4.55;58.91;18.06;164.44;16.72;5.08;6.04;195.78;177.05;470.93;3.73;-36.24;-8.64;-223.86;-255.6;-350.3;2.73;10.31;2.8;121.32;125.37;254.83
2.99;-11.81;-0.18;-62.21;-21.6;-143.03;30.7;21.68;12.96;12.57;133.37;-52.85;-19.59;-39.5;-17.71;-173.59;-202.74;-257.21;14.34;13.22;7.42;52.49;115.87;69.71
10.96;-6.61;-3.56;27.62;35.91;126.5;19.64;7.49;10.28;171.73;166.61;477.69;0.48;-37.3;-15.04;-272.1;-200.38;-358.55;4.69;9.98;4.66;117.8;105.07;268.15
3.29;-13.08;0.08;-63.55;-21.61;-149.68;28.95;13.79;11.82;-5.33;138.61;-46.71;-20.35;-36.78;-16.64;-154.96;-225.95;-243.29;13.43;10.88;6.5;55.02;109.67;68.05
10.52;-5.13;-4.93;53.68;12.24;163.08;19.23;5.84;4.37;156.96;158.29;465.89;-1.9;-30.71;-15.01;-242.08;-339.52;-418.5;5.37;9.19;3.78;111.22;142.51;262.05
2.45;-12.49;0.29;-62.35;-19.73;-142.22;28.94;13.53;12.8;-10.13;95.06;-51.67;-18.08;-30.56;-14.24;-145.39;-187.59;-247.54;14.61;10.3;6.96;50;107.56;75.74
11;-6.72;-4.06;35.93;21.06;117.51;21.97;5.19;8.88;169.27;133.91;441.78;1.4;-33.48;-14.6;-250.19;-282.08;-429.95;4.34;11.11;4.56;122.68;112.07;266.75
3.78;-13.17;-0.45;-63.63;-22.55;-153.35;27.68;20.92;10.55;1.64;112.05;-46.12;-18.4;-34.95;-16.49;-170.99;-191.62;-280.34;13.44;11.38;6.82;55.6;104.61;77.55
10.59;-5.83;-4.45;51.28;27.7;161.6;19.66;3.35;4.32;239.27;200.37;500.77;-6.39;-35.78;-9.88;-260.05;-166.16;-382.32;5.5;9.84;3.41;147.15;121.76;281.61
3.36;-11.62;-0.63;-57.25;-16.41;-132.95;30.86;24.72;14.79;14.33;144.98;-18.19;-20.93;-36.71;-18.35;-172.04;-222.25;-265.67;15.9;14.37;8.46;43.31;121.15;74.85
9.28;-7.17;-3.37;21.85;25.92;96.88;20.32;5.47;14.61;150.23;189.16;473.23;2.39;-36.76;-12.95;-213.62;-270.75;-397.86;5.07;10.21;5.01;113.04;132.47;275.61
4.66;-13.14;-0.83;-62.73;-22.11;-150.92;38.22;25.71;11.88;41.72;186.58;-30.68;-20.11;-39.1;-19.77;-177.33;-281.06;-280.6;15.05;12.99;7.41;63.04;146.04;77.81
10.58;-3.36;-4.15;57.5;25.43;186.11;20.93;6.8;10.81;165.06;191.16;463.52;-1.64;-35.85;-14.1;-253.85;-256.2;-426.93;5.27;10.2;4.65;116.75;126.84;271.17
2.4;-11.8;-0.65;-45.58;-9.67;-128.89;24.7;17.88;12.61;11.2;108.71;-44.93;-17.78;-34.15;-16.71;-154.97;-178.32;-243.83;14.17;12.19;7.49;57.53;101.4;72.76
9.54;-7.38;-3.22;27.02;9.54;84.4;17.82;2;10.63;152.56;156.62;450.97;-2.88;-35.7;-10.33;-217.97;-261.63;-428.5;4.75;9.37;4.89;107.49;107.68;266.23
5.07;-12.78;-0.86;-60.67;-31.73;-143.28;34.84;25.41;10.36;47.41;144.34;-53.26;-15.8;-35.77;-18.92;-183.73;-236.46;-254.12;13.22;12.28;6.67;56.77;112.75;62.14
11.52;-4.13;-5.11;61.08;33.88;179.34;19.14;7.52;5.91;210.37;144.58;478.34;0.27;-36.26;-12.63;-248.93;-217.79;-315.27;4.68;10.49;4.02;129.97;112.64;259.27
1.64;-12.35;-0.44;-57.83;-6.39;-137.1;24.39;15.01;12.01;-6.02;126.25;-47.66;-24.81;-36.01;-14.96;-175.02;-221.94;-266.74;15.76;12.77;7.59;44.38;114.16;70.23
9.08;-6.82;-2.81;20.3;5.2;85.55;20.11;3.28;14.36;177.75;220.48;447.96;-0.49;-34.27;-8.82;-188.93;-373.06;-390.89;5.33;10.37;5.52;113.57;160.87;264.92
4.28;-10.77;-1.42;-56.17;8.49;-121.78;35.57;32.94;10.13;31.35;136.26;-11.08;-13.93;-34.65;-26.19;-190.29;-271.95;-267.25;12.84;13.9;8.07;48.11;101.5;51.53
11.34;-6.28;-4.73;47.24;-16.92;130.03;17.24;3.33;2.03;148.78;129.67;421.4;4.52;-22.35;-14.5;-171.98;-367.09;-418.99;4.13;7.2;3.49;87.82;128.54;238.52
