1;6.34;-9.49;-1.05;-10.25;-27.81;90.11;26.89;-3.84;5.59;56.77;112.84;392.87;-4.58;-20.61;-10.45;-79.68;-135.14;-340.81;7.57;4.6;4.52;40.83;85.13;214.89
1;2.07;-11.53;-0.57;-2.67;30.61;-94.28;17.53;1.75;6.04;42.96;199.94;-28.09;-13.68;-18.61;-6.76;-37.67;-161.15;-231.19;8.2;4.5;2.24;25.1;68.18;66.13
1;5.02;-9.24;-0.18;-29.39;-23.58;98.56;15.23;-0.71;5.46;45.5;175.79;402.94;-11.39;-24.05;-7.07;-103.03;-245.95;-291.53;6.62;5.65;3.11;35.88;119.73;220.92
1;2.56;-11.43;-1.09;13.66;23.63;-111.8;23.2;-3.36;2.66;60.94;91.8;-44.89;-11.05;-19.15;-4.65;-23.52;-99.6;-258.81;7.98;3.73;1.67;29.56;49.98;64.96
1;5.93;-8.93;-0.63;-33.22;-24.54;103.32;11.36;-2.2;3.48;20.77;115.99;379.48;-5.58;-33.64;-15.92;-87.01;-172.5;-294.01;4.04;6.17;4.14;31.53;82.35;212.97
1;3.04;-11.83;-1.06;4.2;15.15;-107.69;24.29;5.03;7.32;46.6;134.24;-44.78;-11.94;-24.91;-6.57;-43.3;-160.29;-252.68;8.64;5.24;2.58;24.55;74.37;57.25
1;6.22;-9.7;0.74;-46.75;-9.31;146.54;18.92;-2.51;6.05;27.81;195.96;408;-10.97;-34.22;-8.96;-116.16;-207.1;-301.31;7.39;7.2;2.97;39.28;128.29;216.8
1;2.4;-11.19;-1.11;12.23;28.03;-118.16;27.74;4.26;2.4;52.11;133.77;-55.12;-10.34;-17.23;-4.93;-16.42;-170.77;-279.1;9.56;5.22;1.79;23.11;64.38;60.83
1;6.15;-9.42;-0.2;-26.15;-27.13;99.01;14.96;-2.94;5.08;22.58;100.23;389.34;-9.16;-21.36;-5.95;-94.78;-263.66;-305.81;5.87;4.54;3.07;31.68;88.62;213.98
1;2.82;-12.3;-0.6;13.51;23.97;-107.09;23.51;-5.07;3.29;60.53;98.27;-51.58;-15.56;-18.17;-3.25;-18.54;-145.62;-236.78;9.17;3.48;1.56;22.46;52.21;51.77
1;5.23;-9.81;-0.13;-28.02;-30.05;90.39;15.94;-1.06;8.37;62.17;147.9;343.51;-12.01;-29.94;-7.54;-120.64;-164.36;-277.33;6.84;5.75;3.31;43.43;94.02;200.25
1;1.92;-11.95;-0.66;-6.62;23.57;-114.55;29.33;6.94;3.79;40.7;161.77;-31.2;-15.91;-21.3;-8.37;-40.56;-194.94;-224.42;10.56;6.22;2.47;18.06;86.34;67.02
1;5.59;-9.16;0.18;-28.9;-18;95.99;16.93;-4.15;9.39;43.25;199.37;349.16;-10.18;-21.98;-7.32;-99.76;-205.89;-275.76;6.73;4.83;3.58;38.95;95.93;208.17
1;1.31;-11.82;-1.01;8.41;28.86;-115.77;24;1.31;7.7;37.07;183.54;-57.44;-12.28;-19.81;-6.25;-26.85;-140.72;-221.33;8.94;4.53;2.09;19.34;72.1;55.36
1;6.57;-9.69;-0.06;-29.04;-47.3;104.6;14.96;-1.47;7.73;14.56;133.05;382.96;-6.92;-33.26;-8.44;-96.43;-187.35;-270.57;6.06;6.57;4.03;33.71;79.98;209.16
1;2.03;-11.56;-0.98;2.01;28.12;-115.78;22.57;5.24;3.51;49.22;124.3;-62.61;-14.99;-21.88;-7.25;-32.68;-101.69;-251.24;9.14;5.51;2.53;22.97;61.19;55.83
1;6.46;-9.04;-0.11;-33.95;-25.7;106.35;14.56;-1.31;6.42;34.73;149.05;378.62;-7.08;-26.6;-10.85;-113.45;-158.19;-254.16;5.08;5.51;4.51;39.5;79.89;208.66
1;1.94;-11.93;-0.48;4.01;23.55;-113.16;26.46;7.67;6.68;41.98;136.93;-48.63;-14.95;-33.32;-4.42;-28.98;-179.04;-247.98;9.86;7.05;2.61;23.45;74.04;64.59
1;5.91;-9.34;-0.12;-30.64;-21.76;90.99;14.09;-1.35;6.58;40.05;212.07;356.13;-8.92;-23.08;-7.11;-116.89;-234.65;-294.63;6.06;5.48;3.25;41.36;113.46;208.7
1;2.44;-12.04;-0.94;9.12;26.86;-111.94;22.23;-1.78;3.16;54.22;115.67;-50.86;-13.05;-18.93;-4.06;-24.69;-79.82;-261.05;9.03;4.51;1.72;24.95;55.31;61.2
1;6.42;-8.83;0.11;-39.89;-23.62;113.16;12.13;-0.47;5.85;29.62;149.22;388.94;-6.48;-28.34;-6.67;-126.17;-205.67;-270.31;3.96;5.4;3.04;39.09;90.64;211.15
1;2.76;-11.3;-0.37;5.9;22.59;-100.08;24.54;0.57;5.3;50.62;91.81;-38.94;-10.72;-28.76;-3.8;-25.45;-122.97;-267.16;8.79;5.58;1.86;24.51;62.13;68.09
1;5.04;-10.23;-0.65;-28.26;-22.31;75.11;16.5;-3.54;7.36;65.39;148.62;376.98;-8.07;-31.36;-8.66;-125.05;-235.5;-285.14;6.29;5.67;4.06;50.73;97.45;206.33
1;1.58;-11.45;-0.93;7.01;37.31;-106.98;28.01;5.4;3.73;60.74;173.67;-52.99;-11.7;-20.47;-6.8;-26.55;-135.95;-256.19;9.77;5.92;2.06;25.72;71.95;55.47
1;6.63;-8.95;-0.29;-32.1;-35.23;108.92;15.88;-0.54;6.88;13.39;160.45;383.25;-9.04;-28.62;-8.87;-110.28;-198.37;-269.08;5.99;5.84;3.67;34.04;111.43;207.29
1;2.09;-11.98;-0.82;5.23;20.98;-122.14;32.31;4.93;6.51;58.55;131.01;-61.08;-14.09;-27.38;-7.81;-39.42;-196.4;-263.76;10.73;5.64;2.32;27.76;77.25;57.28
1;6.79;-8.95;-0.22;-20.32;-13.34;96.95;20.99;-1.24;4.93;51.64;103.61;358.71;-11.3;-25.51;-6.96;-101.57;-169.57;-282.19;6.77;5.71;3.03;39.65;70.49;213.23
1;1.25;-11.34;-0.92;9.69;12.37;-107.89;24.25;-2.22;1.74;63.66;90.67;-34.66;-11.22;-18.2;-4.04;-21.48;-136.26;-235.9;9.44;3.92;1.44;24.09;50.12;66.6
1;6.98;-9.21;0.17;-35.91;-8.12;113.29;19.7;-0.32;6.64;17.87;164.52;394.49;-6.58;-24.51;-6.78;-135.26;-180.9;-310.27;6.46;5.68;3.57;47.25;93.77;217.5
1;1.88;-11.8;-0.97;14.63;10.39;-113.88;28.81;1.61;4.55;58.6;117.67;-52.54;-14.23;-22.08;-5.64;-19.75;-155.96;-243.92;10.2;4.22;2;25.39;65.39;56.81
1;6.96;-9.09;-0.25;-30.74;-15.3;111.77;15.37;-0.09;7.26;24.27;157.91;419.71;-10.09;-27.85;-11.69;-122.49;-149.48;-249.9;6.55;6.02;4.33;42.03;87.27;227.86
1;1.85;-12;-0.62;7.61;8.59;-119.41;24.33;4.53;2.17;45.58;102.88;-57.85;-12.05;-30.98;-6.12;-22.51;-191.91;-261.53;9.06;6.34;1.45;22.55;64.14;64.24
1;7.61;-9.23;-0.33;-16.71;-6.05;121.81;17.92;-3.24;5.87;32.28;141.6;414.39;-8.85;-31.54;-7.46;-53.18;-114.89;-347.67;5.4;6.53;3.55;24.48;64.92;227.36
1;1.96;-11.6;-0.98;5.89;21.22;-114.29;33.97;4.54;4.21;52.12;134.04;-48.19;-17.93;-22.2;-5.68;-31.77;-206.02;-258.15;11.25;4.98;1.79;25.32;71.21;64.09
1;7.45;-9.08;0.22;-41.5;-20.08;115.76;17.4;-1.55;6.88;13.64;106.35;391.8;-0.12;-33.68;-11.61;-118.76;-244.22;-285.15;4.25;6.7;3.91;41.91;83.8;215.32
1;1.45;-12.04;-0.9;15.26;26.72;-116.02;25.94;5.24;9.06;55.17;171.09;-50.51;-15.92;-31.78;-5.28;-14.75;-147.97;-267.23;10.32;6.5;2.46;27.81;67.02;68.24
1;7.65;-9.28;-0.38;-27.37;-26.47;95.97;22.99;-0.13;9.72;36.21;143.88;351.88;-10.75;-34.7;-13.13;-104.76;-192.74;-337.44;6.82;7.25;4.74;40.37;80.26;209.52
1;1.83;-11.13;-0.84;11.43;27;-99.44;26.65;7.72;5.74;74.52;212.01;-30.85;-15.73;-20.36;-5.43;-29.9;-213.96;-234.13;10.58;7.31;2.17;27.92;82.79;69.39
1;6.73;-9.8;-0.14;-24.69;-25.52;109.45;15.29;-2.55;7.98;11.71;99.95;381.09;-7.8;-31.18;-9.88;-82.75;-147.92;-275.32;6.1;5.85;3.68;27.44;67.85;215.98
1;1.68;-12.07;-0.99;8.15;10.76;-118.11;30.44;9.3;8.3;53.5;86.94;-56.13;-15.32;-30.49;-6.72;-32.56;-161.37;-230.12;10.19;7.07;2.68;21.92;59.25;58.27
1;6.87;-9.28;0.33;-39.18;-15.11;107.7;14.95;-1.67;8.53;46.87;176.27;391.59;-8.29;-33.18;-9.03;-133.16;-214.35;-281.59;5.39;6.61;4.05;51.04;100.27;207.79
1;2.04;-11.67;-1.02;9.46;24.73;-112.95;30.49;7.13;3.86;45.36;152.95;-49.6;-15.87;-19.92;-4.75;-21.8;-145.37;-254.47;11.15;6.01;2.28;25.08;72.48;63.42
1;6.55;-9.72;-0.23;-29.36;-24.86;103.36;16.27;-2.56;8.65;36.74;139.63;355.25;-11.34;-35.37;-9.67;-98.09;-226.97;-296.32;6.43;6.41;4.03;41.71;85.63;201.46
1;1.74;-12.31;-0.9;2.09;36.41;-122.54;26.65;9.97;8.83;53.22;145.31;-53.3;-11.14;-27.86;-5.87;-39.96;-144.67;-234.31;9.74;6.89;2.86;24.48;72.6;51.92
1;6.4;-9.05;-0.37;-23.64;-32.67;111.39;16.34;-0.11;10.3;41.93;118.21;371.71;-8.45;-36.37;-12.23;-92.81;-200.39;-249.96;5.78;7.33;4.2;40.16;96.22;205.76
1;1.28;-11.58;-1;2.79;19.03;-118.98;27.63;15.26;8.43;66.52;123.2;-47.17;-16.8;-26.43;-6.75;-53.74;-202.28;-223.79;10.4;7.95;3.34;30.07;74.73;57.91
1;6.44;-10.04;0.02;-22.61;-13.83;117.01;15.5;-1.98;11.01;40.06;140.2;424.67;-11.43;-34.74;-9.13;-94.81;-156.2;-283.35;6.67;7.64;4.17;37.05;77.44;234.5
1;2.14;-11.5;-1.38;7.61;20.39;-117.94;29.68;12.1;5.81;52.95;149.03;-51.79;-17.03;-22.07;-6.67;-42.08;-147.4;-253.73;10.41;7.51;2.33;24.24;58.98;65.81
1;6.36;-9.54;-0.03;-25.65;-17.59;116.73;13.14;-2.25;9.97;30.73;90.52;412.09;-9.13;-35.49;-9.15;-68.59;-218.59;-268.21;5.13;6.97;3.76;27.45;79.08;224.86
1;1.57;-11.67;-1.1;7.02;17.69;-120.72;34.59;15.25;7.93;62.05;184.75;-48.59;-18.02;-28.14;-5.86;-47.75;-222.13;-226.9;11.77;8.62;3.06;26.27;85.81;60.55
1;6.98;-9.64;-0.24;-25.87;-20.29;114.58;18.88;-0.71;9.16;31.36;146;411.49;-9.47;-33.33;-11.07;-91.53;-176.72;-290.8;6.91;7.45;4.6;35.33;90;230.27
1;1.8;-12.1;-1.26;5.86;12.45;-117.38;27.27;11.95;9.01;50.7;91.59;-41.69;-14.68;-27.1;-8.15;-43.21;-202.81;-231.65;9.57;7.75;3.05;25.27;68.19;68.05
1;6.2;-9.22;0.2;-23.16;-24.14;123.94;15.18;-1.9;9.67;29.68;80.78;425.77;-11.53;-33.3;-10;-71.83;-157.98;-248.71;6.42;7.31;4.08;28.48;70.62;226.48
1;1.97;-11.36;-1.4;-1.72;28.98;-116.91;32.43;12.68;2.26;47.46;148.95;-44.59;-20.1;-20.66;-7.44;-50.02;-186.4;-243.59;11.77;7.48;2.71;25.15;81.55;64.84
1;6.38;-9.65;-0.29;-28.78;-26.7;104.39;16.76;-1.01;6.74;43.32;144.28;377.64;-7.13;-33.26;-13.93;-106.2;-216.43;-296.51;5.95;6.66;4.78;40.06;102.25;219.21
1;1.55;-11.89;-0.94;2.32;23.54;-117.98;23.75;10.31;10.55;60.49;168.6;-51.5;-17.16;-30.69;-5.74;-38.36;-184.25;-237.58;9.91;7.09;3.49;25.56;76.57;61.54
1;6.82;-9.58;0.48;-32.8;-21.1;103.01;15.09;0.24;10.8;24.52;128.95;381.87;-11.04;-34.4;-10.62;-113.38;-206.3;-291.85;6.29;7.58;4.57;43.78;87.61;216.83
1;1.9;-11.74;-1.17;5.1;31.12;-119.12;25.68;15.11;8.96;70.13;145.85;-58.02;-11.92;-22.04;-8.6;-50.8;-175.44;-234.02;9.91;8.27;3.26;25.98;74.39;53.8
1;5.62;-8.56;0.02;-35.05;-22.88;112.54;16.76;0.61;5.38;32.39;118.4;415.02;-11.37;-30.47;-8.53;-128.45;-210.09;-226.89;6.39;6.93;3.67;40.18;90.04;216.61
1;2.42;-11.54;-0.85;10.08;7.87;-119.26;35.82;18.56;8.46;56.7;126.23;-49;-14.67;-33.91;-7.66;-35.84;-235.69;-283.15;12.01;8.44;2.73;25.48;88.37;70.88
1;7.01;-10.03;-0.31;-21.13;-22.65;105.49;18.3;-1.07;6.46;37.65;124.37;409.8;-9.13;-35.2;-9.82;-99.32;-124.07;-317.57;6.75;7.84;4.68;43;67.19;232.24
1;1.75;-11.53;-0.89;-1.38;30.58;-112.79;27.62;11.2;5.72;39.25;191.92;-26.69;-15.24;-26.08;-9.09;-50.94;-163.39;-238.74;10.52;7.03;2.85;26.37;71.81;71
1;6.4;-9.85;0.19;-30.21;-30.41;97.84;21.33;-1.55;9.32;26.32;122.6;401.41;-10.8;-33.09;-8.57;-110.93;-140.91;-292.75;7.27;7.43;4.45;42.7;75;228.53
1;2.14;-11.33;-0.87;-0.49;25.03;-111.04;28.6;10.77;4.53;35.44;128.99;-44.29;-12.36;-22.31;-7.72;-50.15;-168.3;-227.38;10.34;6.33;2.4;23.6;65.21;61.31
1;6.71;-10.1;-0.51;-23.47;-23.64;105.51;16.75;-0.03;7.83;53.59;105.34;420.9;-10.03;-35.97;-15.87;-99.12;-188.74;-299.58;5.96;8.79;5.76;42.36;85.47;233.2
1;1.62;-11.87;-0.93;-9.51;37.44;-126.35;33.75;15.74;5.83;66.63;158.69;-40.3;-16.73;-22.21;-6.96;-52.94;-224.56;-238.17;11.75;8.13;2.67;21.39;97.06;63.29
1;6.48;-9.16;-0.27;-17.91;-27.4;111.1;17.3;0.25;4.45;33.08;97.59;409.65;-8.56;-25.76;-8.76;-87.13;-121.61;-339.48;5.92;6.5;3.72;32.96;59.95;232.22
1;2.68;-11.78;-1.02;5.63;13.83;-121.76;29.38;4.75;2.52;36.1;114.9;-51.16;-10.88;-20.49;-7.94;-22.21;-164.04;-255.53;10.04;6.21;2.14;21.91;61.81;74.56
1;6.8;-9.22;0.2;-29.08;-13.92;115.26;15.4;-0.24;7.67;41.86;79.96;434.25;-10.35;-36.04;-15.6;-90.71;-230.99;-268.53;5.6;9.06;4.73;38.81;77.47;236.71
1;2.69;-10.93;-0.93;7.52;14.88;-117.52;30.36;11.61;2.44;61.34;107.09;-60.45;-17.14;-22.31;-7.07;-24.41;-192.1;-269.21;10.69;7.19;2.57;25.52;82.78;59.54
1;6.45;-10.13;0.2;-25.31;-12.18;101.25;14.35;-0.43;9.25;53.99;159.51;428.57;-9.21;-36.33;-12.78;-99.9;-175.25;-312.75;6.25;8.08;4.77;43.4;83.63;232.86
1;2.06;-10.96;-0.74;3.23;14.72;-114.39;29.6;17.59;3.85;68.25;86.26;-29.66;-17.66;-20.03;-7.32;-50.13;-185.9;-240.25;11.12;7.71;2.9;25.58;68.56;65.16
1;6.45;-9.42;0.31;-35.19;-8.16;106.36;17.31;-0.79;9.61;53.49;185.4;420.63;-7.23;-35.33;-8.18;-135.19;-210.99;-307.65;6.6;8.02;4.28;53.36;92.86;229.83
1;2.63;-11.13;-1.02;9.56;9.27;-108.07;35.84;15.01;8.18;66.24;124.91;-30.52;-25.08;-26.63;-10.26;-43.04;-190.98;-247.5;13.1;7.8;3.15;26.7;87.51;67.17
1;6.25;-9.35;-0.5;-29.43;-20.7;93.83;19.21;-0.35;7;42.17;182.8;404.27;-11.08;-20.38;-8.52;-142.95;-140.06;-288.64;7.7;6.56;4.33;50.39;97.49;227.87
1;2.03;-12.02;-0.64;5.08;11.93;-115.37;23.25;-2.13;3.38;52.79;99.65;-33.92;-22.58;-25.03;-3.89;-25.6;-155.67;-249.89;10.69;5.16;1.82;24.69;74.15;75.94
1;7.26;-9.11;0.6;-42.86;-11.78;100.76;18.19;-2.05;6.49;20.8;105.04;401.35;-1.61;-32.95;-12.79;-117.13;-173.29;-329.74;5.14;7.33;4.38;48.48;67.18;228.92
1;2.35;-12.12;-0.66;11.21;14.5;-115.47;23.54;2.18;5.79;50.94;105.54;-32.97;-18.15;-27.42;-4.39;-22.29;-115.96;-264.07;11.26;6.33;2.25;23.13;60.17;74.42
1;6.6;-9.53;0.41;-31.04;-13.65;102.79;15.41;0.99;7.79;32.84;116.47;411.3;-9.34;-33.03;-9.28;-123.04;-205.44;-312.39;6.33;8.09;4.2;49.19;83.18;236.39
1;1.83;-11.61;-1.41;8.99;41.23;-116.84;32.85;10.47;3.99;56.8;157.54;-38.57;-17.59;-20.63;-5.68;-28.79;-156.38;-243.56;11.49;6.17;2.47;26.14;77.43;64.83
1;6.85;-8.95;0.01;-19.37;-27.93;113.44;15.71;-0.35;7.21;35.28;71.44;431.73;-11.55;-34.14;-8.4;-84.72;-138.27;-273.88;6.07;7.48;4.24;37.28;59.26;236.98
1;2.26;-11.6;-1.4;3.16;13.84;-127.01;37.45;16.91;5.36;54.21;105.78;-57.37;-17.35;-29.79;-9.39;-44.91;-275.09;-248.86;12.36;7.63;2.78;24.48;91.14;70.59
1;7.29;-9.34;0.43;-23.73;-14.69;114.11;19.22;-2.92;9.03;50.53;83.76;384.51;-12.33;-36.55;-10.06;-87.17;-130.58;-299.07;5.55;7.53;4.03;40.08;62.24;224.94
1;1.58;-11.49;-1.59;3.2;14.86;-117.15;31.89;15.2;6.77;60.44;123.87;-31.12;-18.27;-25.47;-9.35;-44.86;-222.18;-237.68;11.41;8.19;3.05;25.18;74.47;70.86
1;6.77;-9.68;0.67;-30.5;-15.71;118.38;19.33;-1.95;9.58;37.57;104.96;403.07;-11.13;-33.24;-5.88;-98.3;-162.01;-319.04;5.92;6.18;3.66;42.22;65.51;226.36
1;1.94;-11.75;-1.1;3.67;19.46;-124.17;36.55;14.4;6.42;50.59;114.99;-20.74;-15.44;-23.87;-10.11;-66.2;-197.35;-228.85;12.38;8.37;3.22;25.08;79.16;72
1;6.8;-8.95;0.16;-26;-24.38;95.76;15.68;-1.89;12.88;57.13;100.74;380.78;-8.25;-36.33;-17.8;-105.47;-243.86;-272.68;5.27;7.14;5.01;52.69;89.25;209.92
1;1.37;-11.68;-1.68;1.58;10.09;-124.19;29.55;20.47;5.88;82.95;115.72;-33.68;-22.25;-21.03;-8.19;-62.05;-216.73;-241.81;11.1;8.69;2.98;28.88;75.21;66.42
1;7.31;-8.78;0.9;-24.79;-11.67;139.9;22.47;0.05;9.38;71.22;109.83;439.53;-9.62;-37.07;-12.42;-100.71;-158.57;-259.67;7.22;7.99;4.46;41.94;78.09;234.49
1;2.69;-10.12;-1.03;5.21;5.11;-105.86;29;22.89;3.68;71.14;95.36;-35.9;-23.68;-22.3;-8.36;-51.15;-202.33;-245.46;11.74;9.45;2.63;31.04;79.61;66.63
1;5.51;-9.67;-0.07;-37.96;6.68;90.16;14.14;0.33;8.14;54.55;178.64;408.7;-10.02;-32.14;-12.66;-143.69;-192.6;-319.9;5.82;7.44;4.8;52.87;86.79;229.64
1;1.79;-11.8;-0.83;14.81;10.77;-117.49;36.55;14.3;5.1;69.72;174.9;-42.91;-19.11;-29.6;-6.59;-31.95;-263.29;-238.93;12.04;7.42;3.09;25.6;94.97;65.58
1;7.05;-8.82;0.37;-33.54;-8.78;111.87;18.38;2.64;6.34;48.08;129.03;408.47;-9.97;-30.02;-8.73;-112.37;-176.23;-267.91;6.28;6.68;4.25;53.52;90.79;227.14
1;2.13;-11.6;-0.79;12.16;3.6;-106.62;32.02;8.68;7.15;58.39;93.38;-44.18;-20.41;-27.21;-3.46;-26.11;-236.24;-224.12;12.12;6.22;1.81;26.23;83.55;59.48
1;6.13;-9.76;-0.56;-19.26;-24.32;78.64;19.89;-0.87;6.8;59.54;204.61;415.89;-9.59;-30.19;-13.45;-91.83;-151.49;-320.3;6.44;6.66;5.08;45.64;84.72;225.53
1;1.66;-12.08;-1.2;-6.87;27.36;-115.68;29.72;10.05;6.19;47.6;150.38;-47.03;-20.31;-19.28;-6.83;-56.46;-234.06;-233.34;11.57;6.18;2.59;25.62;84.12;61.68
1;6.93;-8.85;0.89;-34.05;-7.84;127.94;16.17;0.46;9.88;43.53;89.61;421.86;-14.96;-36.28;-8.43;-100.43;-126.87;-274.41;5.49;7.72;4.58;43.21;56.81;227.13
1;1.96;-11.75;-1.53;4.93;23.72;-122.01;38.06;13.79;5.29;49.89;111.8;-35.33;-16.7;-26.91;-9.49;-45.85;-243.48;-250.43;12.87;7.87;2.55;24.03;81.83;76.81
1;6.66;-8.69;-0.23;-10.48;-20.97;96.22;21.11;-0.01;6.55;52.48;155.72;381.58;-13.38;-27.35;-5.4;-83.54;-212.66;-329.16;7.5;6.41;3.46;36.84;101.17;221.18
1;3.09;-11.32;-0.91;2.65;9.08;-115.03;33.07;7.39;3.29;40.86;114;-40.63;-17.51;-19.33;-7.77;-24.83;-198.83;-247.47;11.17;5.82;1.95;18.55;79.49;73.81
1;6.61;-10.02;0.19;-26.11;-5.51;113.66;15.5;-1.97;7.33;30.04;108.89;453.34;-12.88;-35.07;-11.74;-89.82;-133.58;-285.56;5.84;7.85;4.83;40.91;65.45;244.78
1;1.96;-11.23;-1.49;7.35;21.88;-117.26;35.18;15.14;2.67;53.59;124.71;-26.7;-23.24;-19.61;-5.79;-33.29;-200.2;-272.04;13.23;7.66;1.94;24.37;81.99;76.5
1;5.94;-9.48;0.27;-26.16;-16.48;106.54;24.21;0.69;7.75;51.92;167.57;430.21;-16.64;-35.41;-6.86;-126.11;-153.69;-281.83;9.07;7.88;4.41;49.77;92.04;237.66
1;2.19;-11.51;-1.47;2.43;29.34;-114.53;35.75;15.27;4.65;45.98;150.93;-29.9;-18.67;-28.21;-13.12;-44.55;-252.65;-234.66;12.79;8.65;3.94;24.34;99.56;70.69
1;6.2;-9.19;0.29;-37.24;-44.03;102.31;18.46;0.48;8.34;40.7;199.13;421.6;-9.46;-30.13;-11.2;-156.33;-207.44;-249.7;7.51;6;5.2;55.52;109.07;228.51
1;1.76;-11.93;-1.15;-3.27;25.88;-116.18;31.15;17.39;6.43;41.15;145.03;-32.4;-19.69;-31.53;-8.36;-51.76;-196.58;-239.95;11.34;8.56;3.23;25.39;80.92;71.22
1;6.56;-9.7;0.01;-26.28;-31.74;115.71;19.28;-0.86;7.62;37.83;100.93;440.82;-8.41;-33.12;-14.52;-108.86;-175.98;-317.01;7.02;7.32;5.25;44.78;72.17;238.81
1;2.78;-11.05;-1.08;-1.3;39.58;-115.24;32.19;17.08;3.11;62.23;231.5;-10.36;-13.68;-21.14;-7.01;-30.98;-152.51;-247.39;11.34;8.13;3.23;21.72;86.88;77.95
1;5.56;-9.4;0.08;-30.13;-25.67;94.88;18.12;0.82;8.87;39.45;219.49;396.9;-12.84;-35.03;-9;-139.34;-249.99;-301.41;7.47;6.74;4.3;51.79;111.78;225.93
1;0.91;-11.17;-1.48;13.71;19.12;-108.96;33.55;14.71;10;68.72;140.42;39.06;-22.75;-30.47;-8.45;-38.06;-186.73;-241.25;13.55;8.46;3.45;26.13;85.25;91.03
1;5.66;-9.66;0.59;-36.41;-22.77;96.18;16.45;-1.38;11.17;49.34;154.69;439.52;-12.47;-34.7;-9.46;-132.96;-209.56;-293.26;6.64;8.03;4.25;52.32;91.36;243.46
1;2;-11.2;-1.47;4.54;23.51;-120.62;38;21.85;4.14;70.14;166.24;-21.58;-19.9;-21.56;-12.3;-59.83;-245.84;-246.02;13.12;8.33;3.22;25.36;93.92;76.74
1;5.48;-9.5;0.16;-31.11;-15.1;98.5;14.78;1.37;6.89;42.67;134.23;409.83;-19.02;-35.02;-13.8;-110.01;-161.97;-333.42;6.11;7.92;4.51;47.78;75.49;235.88
1;2.38;-10.74;-1.37;6.81;11.58;-111.77;40.18;25.67;3.98;78.53;195.5;-16.19;-16.59;-20.12;-10.3;-58.46;-335.81;-275.49;13.8;9.19;2.76;26.92;107.39;73.35
1;6.26;-9.43;-0.59;-21.86;-25.14;100.55;18.27;0.76;7.07;56.26;177.15;423.32;-11.09;-36.15;-15.55;-115.72;-203.05;-284.31;8.44;8.07;5.25;47.78;97.96;229.68
1;1.62;-11.41;-1.05;-4.53;25.82;-111.47;36.2;19.61;5.16;56.56;173.5;-18.16;-20.67;-25;-9.02;-60.82;-242.56;-236.56;12.52;8.83;3.93;29.59;87.83;72.9
1;6.2;-9.95;0.17;-29.24;-11.19;105.87;19.16;2.3;9.36;48.4;155.39;430.57;-13.62;-32.64;-11.8;-147.64;-180.32;-330.45;8.04;8.55;5.02;53.89;94.01;240.81
1;1.73;-10.63;-1.42;10.23;16.59;-108.94;37.06;21.72;2.45;86.61;188.57;-27.35;-16.2;-20.24;-11.68;-52.32;-255.37;-225.34;12.45;9.09;2.93;26.46;90.68;72.03
1;6.81;-9.63;-0.03;-30.27;-18;108.41;19.55;1.84;8.98;48.08;148.15;423.81;-14.44;-36.24;-12.48;-120.77;-116.99;-302.92;7.27;8.53;5.22;50.31;70.87;233.75
1;1.64;-11.11;-1.41;3.96;31.47;-115.92;41.17;23.7;6.75;66.67;161.83;-25.94;-19.55;-27.41;-12.57;-64.77;-298.17;-266.07;13.2;10.52;3.9;26.66;103.63;71.98
1;5.81;-9.64;-0.01;-37.34;-30.51;103.15;14.76;-0.92;5.64;38.41;96.47;399.52;-13.74;-33.99;-14.62;-111.92;-164.04;-293.91;6.7;7.52;4.47;49.66;67.16;223.8
1;1.55;-10.83;-0.97;5.43;14.29;-118.17;41.47;20.31;5.31;67.11;131.84;-31.27;-17.88;-23.98;-7.95;-39.36;-301.15;-269.3;13.48;8.79;3.44;27.62;98.6;78.12
1;6.07;-9.79;0.04;-30.22;-7.72;109.13;20.98;2.43;7.71;35.62;155.35;422.58;-20.32;-33.21;-9.27;-119.88;-223.91;-306.11;7.5;8.26;4.37;43.29;106.22;236.73
1;1.35;-11.67;-1.62;1.99;-2.22;-122.96;41.84;17.44;3.18;51.19;139.58;-44.19;-20.68;-22.72;-10.68;-59.99;-306.76;-251.26;13.42;7.98;2.85;26.69;102.07;75.31
1;8.41;-8.14;-0.39;-21.37;-2.54;137.94;18.29;2.61;4.68;45.14;114.86;460.09;-1.37;-33.78;-16.52;-94.68;-163.77;-297.66;5.29;8.86;5.14;38.7;74.98;251.98
1;1.51;-11.51;-1.2;-0.19;30.23;-115.56;37.5;18.41;5.31;64.32;130.14;-30.13;-19.29;-33.44;-7.12;-58.43;-311.97;-252.1;12.68;8.53;2.91;24.56;95.99;71.08
1;5.56;-9.06;0.72;-39.46;-10.3;106.97;13.95;0.67;7.8;47.2;124.4;432.1;-8.99;-27.69;-7.66;-152.45;-214.15;-302.28;5.88;6.62;3.56;53.99;92.36;234.28
1;1.44;-11.77;-1.34;21.01;3.08;-116.12;37.38;14.13;7.03;67.31;93.74;-32.62;-15.24;-33.75;-6.8;-25.66;-216.48;-265.1;12.08;8.58;3;24.82;83.91;79.76
1;7.39;-9.56;0.06;-34.25;-21.82;113.82;15.13;0.12;8.33;29.51;83.03;447.31;-9.27;-36.21;-15.99;-115.89;-166.99;-311.26;5.4;7.63;5.32;47.92;65.82;238.87
1;1.66;-11.36;-0.68;7.15;23.06;-110.18;34.17;12.28;5.95;52.8;164.84;-25.28;-16.17;-25.68;-3.64;-34.83;-253.1;-246.84;12.15;7.55;1.92;28.1;84.6;78.16
1;7.44;-9.57;-0.51;-24.04;-24.22;98.23;29.72;0.05;7.19;51;174.1;419.31;-10.36;-22.67;-8.38;-134.63;-222.4;-341.71;9.33;6.88;4.49;49.69;109.89;235.9
1;1.31;-11.56;-0.66;1.65;10.37;-106.16;34.35;0.34;4.95;40.6;135.6;-13.14;-17.47;-21.96;-5.96;-31.86;-224.97;-247.35;12.21;5.61;2.2;21.66;82.85;79.27
1;6.44;-9.71;0.43;-36.43;-13.4;101.81;14.84;-1.24;7.71;37.59;158.14;431.24;-11.58;-33.88;-11.13;-118.38;-144.05;-279.02;5.7;8.26;4.67;46.86;83.12;235.26
1;1.84;-11;-1.34;2.07;27.44;-106.67;36.57;14.43;1.74;39.14;119.87;-11.07;-16.09;-20.63;-8.13;-36.13;-226.12;-254.67;12.55;8.35;2.39;20.17;76.35;79.43
1;6.69;-9.42;0.35;-25;-18.35;107.75;14.47;-0.47;10.08;53.93;52.63;409.54;-12.51;-34.17;-10.12;-90.52;-134.96;-329.1;5.99;7.96;4.2;44.17;45.31;229.59
1;2.68;-11.54;-1.33;5.11;16.68;-120.96;35.74;18.87;4.47;62.5;202.25;-39.64;-16.83;-21.29;-10.99;-50.8;-239.97;-242.2;12.08;7.84;3;28.45;86.9;71.6
1;5.95;-9.55;0.62;-33.12;-26.91;102.25;16.26;1;9;47.92;182.39;435.54;-13.21;-36.27;-14.92;-124.27;-172.27;-261.56;6.21;8.1;5.02;48.04;93.47;238.74
1;1.57;-10.95;-1.74;1.21;29.49;-109.45;35.73;17.77;4.81;56.88;132.16;-9.71;-20.61;-21.76;-9.14;-55.59;-224.47;-242.29;12.91;8.1;3.46;28.99;86.54;78.47
1;6.94;-9.4;0.4;-34.32;-18.7;111.29;16.54;-0.07;12.59;33.55;102.55;436.9;-10.17;-36.49;-12.22;-104.67;-219.11;-312.23;5.67;7.55;5.41;44.58;76.23;237.52
1;1.27;-11.13;-1.3;12.95;15.41;-111.28;41.03;22.51;9.75;92.49;134.03;-25.74;-20.12;-24.58;-8.79;-68.17;-275.78;-241.59;13.65;10;3.18;33.61;90.29;75.91
1;6.16;-9.35;0.16;-35.95;-13.43;96.85;19.61;1.04;7.82;35.34;138.2;428.18;-8.51;-33.62;-12.17;-141.21;-233.62;-275.07;7.33;7.3;4.5;52.61;100.17;234.01
1;1.55;-11.78;-1.03;8.28;16.4;-118.02;36.69;22.38;10.12;82.55;154.65;-17.26;-21.32;-32.25;-6.66;-58.5;-265.99;-245.77;13.39;9.71;3.51;29.04;101.08;71.6
1;5.81;-9.76;0.09;-33.77;-27.54;99.28;17.92;1.62;7.96;38.3;165.61;417.75;-9.18;-33.63;-11.01;-134.16;-201.56;-300.26;7.79;7.8;4.87;56.6;100.44;233.37
1;2.18;-11.14;-0.99;0.48;18.04;-119.32;34.59;17.55;4.1;43.91;169.37;-19.22;-20.08;-20.46;-7.28;-43.29;-198.6;-238.83;12.43;7.88;2.48;23.6;80.95;75.57
1;6.66;-8.73;0.68;-40.65;-12.11;105.74;17.15;1.3;7.9;37.52;142.87;418.05;-8.02;-30.64;-10.24;-146.1;-159.35;-251.2;5.85;6.92;4.42;55.63;82.33;225.83
1;1.03;-11.47;-1.07;6.79;4.9;-106.6;31.8;14.26;6.78;66.78;123.68;8.73;-24.69;-32.29;-5.09;-42.25;-187.76;-232.51;13.86;8.44;2.72;28.93;86.58;82.55
1;6.44;-9.49;-0.25;-32.65;-5.28;92.27;17.97;1.61;8.43;24.57;118.13;453;-6.92;-35.54;-16.93;-122.8;-168.49;-311.04;6.49;8.21;5.58;48.85;86.45;251
1;2.14;-10.32;-0.65;8.96;5.04;-102.34;39.33;17.32;6.18;57.04;83.13;-3.16;-16.11;-31.4;-6.48;-40.1;-266.57;-255.58;12.47;8.41;2.7;28.96;78.81;85.08
1;6.64;-10.7;-0.23;-24.05;-5.51;96.58;16.13;-2.03;8.46;30.81;114.73;450.88;-8.49;-37.02;-15.54;-84.32;-192.59;-328.82;6.31;8.24;5.44;36.74;83.02;251.21
1;1.15;-11.29;-1.11;7.85;24.66;-117.89;38.59;19.01;7.01;82.04;169.3;-9.19;-20.3;-25.84;-7.78;-57.24;-283.62;-246.91;13.26;9.01;3.83;31.68;95.41;79.03
1;7.09;-9.29;0.5;-33.61;-33.32;105.05;16.98;-0.83;7.75;47.53;158.99;399.96;-10.53;-35.62;-12.2;-134.92;-164.12;-293.47;6.84;7.78;5.24;59.38;85.51;227.6
1;1.41;-11.31;-1.04;3.09;22.32;-111.35;33.71;16.22;7.07;63.94;147.78;-3.05;-21.09;-27.39;-9.91;-56.66;-242.19;-223.75;12.41;9.08;3.53;29.36;85.34;78.16
1;7.15;-9.14;0.95;-32.52;-23.02;99.89;19.28;-1.84;9.18;36.97;92.67;407.26;-12.6;-33.16;-8.43;-132.81;-143.74;-289.11;6.83;7.9;4.69;55.58;62.73;229.04
1;1.82;-11.53;-1.01;2.89;14.79;-110.72;32.18;12.3;4.11;54.1;181.71;-22.09;-20.97;-20.19;-6.77;-39.27;-205.91;-229.78;12.03;6.64;2.52;21.86;78.51;73.32
1;5.82;-9.31;0.77;-34.2;-12.38;100.02;16.02;1.91;9.01;38.82;162.4;426.97;-12.05;-31.84;-7.26;-142.08;-161.53;-286.86;7.14;7.16;4.59;57.21;95.4;233.25
1;2.15;-11.8;-1.07;7.15;16.14;-120.16;36.91;11.65;4.39;43.78;148.81;-42.89;-20.03;-27.73;-9.19;-37.53;-222.59;-240.63;12.55;6.57;2.41;22.37;83.99;67.45
1;6.96;-9.3;0.06;-17.27;-18.81;109.14;24.29;-0.13;7.57;43.45;136.99;415.79;-16.68;-33.39;-8.36;-98.13;-111.05;-322.02;8.49;7.84;4.67;42.88;84.03;232.59
1;2.32;-10.7;-1.49;-1.11;25.5;-105.13;37.34;20.24;3.82;34.14;138.13;-26.25;-15.74;-21.53;-14.58;-63.39;-226.4;-238.39;12.89;8.7;3.65;26.43;90.02;75.65
1;6.09;-9.68;0.55;-34.99;-6.52;100.9;14.96;-1.7;11.07;32.27;118.9;412.61;-16.2;-35.55;-10.13;-112.75;-164.96;-325.68;6.32;7.45;4.29;43.52;94.39;227.92
1;2.02;-10.96;-1.1;14.52;5.74;-118.72;38.65;26.88;7.98;87.01;137.28;-27.38;-20.92;-23.57;-12.14;-43.95;-272.68;-271.77;13.16;10.16;3.15;28.87;94.79;85.25
1;7.18;-8.93;0.28;-38.34;-13.23;116.69;21.12;-0.62;7.15;19.95;129.13;403.56;-7.79;-35.71;-11.14;-101.62;-170.86;-301.08;6.14;7.67;4.24;41.42;84.71;228.3
1;0.92;-11.65;-1.08;6.97;18.57;-121.66;40.9;19.85;9.7;61.45;146.6;-36.54;-22.08;-32.33;-11.05;-66.31;-318.43;-241.66;13.54;9.35;3.57;27.18;98.55;73.44
1;6.15;-9.69;0.15;-22.85;-17.14;103.47;20.27;0.8;8.77;47.45;137.63;443.87;-14.4;-36.8;-10.36;-110.73;-185.3;-267.46;7.63;8.7;4.69;44.21;99.94;243.77
1;2.07;-11.49;-1.87;1.01;14.74;-114.85;39.27;19.68;3.44;43.6;131.83;-29.88;-18.29;-24.24;-9.48;-51.18;-260.44;-254.16;13.42;9.28;3.11;22.03;85.75;74.7
1;7.21;-9.09;1.06;-33.98;2.86;124.44;18.89;2.73;12.15;30.25;172.62;446.21;-12.36;-34.35;-8.14;-124.99;-134;-334.44;6.96;8.51;4.7;48.58;84.84;245.1
1;1.82;-11.31;-1.37;12.56;14.31;-115.35;38.55;23.91;4.99;71.19;184.32;-4.93;-23.84;-21.16;-16.16;-72.91;-265.25;-246.12;14.1;9.66;4.35;26.85;92.13;86.81
1;5.73;-9.18;0;-33.42;-19.75;96.3;20.67;3.96;7.51;59.12;246.66;408.85;-11.92;-33.47;-9.45;-156.93;-191.37;-306;7.31;7.56;4.44;62.09;110.64;232.13
1;2.15;-11.63;-1;3.49;14.9;-124.71;38.37;19.56;7.34;58.15;149.19;-13.71;-17.04;-21.47;-10.87;-54.28;-251.69;-238.48;12.73;8.42;3.96;23.94;93.02;76.04
1;5.45;-8.56;0.94;-36.64;-14.03;97.43;14.48;9.65;8.23;53.3;131.91;418.49;-16.98;-33.9;-9.08;-117.78;-256.47;-254.83;6.44;7.99;3.71;52.41;106.79;233.71
1;2.41;-11.48;-1.19;13.69;35.03;-107.78;39.6;14.87;2.57;47.87;173.92;-42.35;-18.26;-18.93;-4.84;-29.21;-211.73;-232.13;12.67;6.14;2.01;21.38;72.78;60.36
1;5.96;-9.69;0.44;-28.08;-16.06;100.92;14.37;0.5;10.65;45.98;139.23;411.41;-18.78;-34.26;-8.74;-108.08;-199.38;-290.44;7.85;7.66;4.05;44.98;95.59;224.22
1;1.65;-11.63;-1.76;12.64;15.59;-125.02;39.35;20.03;4.74;53.54;140.68;-25.39;-17.78;-22.13;-12.99;-50.32;-225.71;-240.58;13.63;7.79;3.32;24.26;88.52;77.75
1;6.62;-8.79;0.25;-34.2;-23.17;123.2;18.42;2.41;9.28;26.31;137.08;439.95;-12.4;-34.63;-11.69;-129.58;-189.35;-323.17;6.92;7.89;4.78;46.1;96.54;242.35
1;2.16;-10.89;-1.24;8.01;21.79;-117.72;38.66;19.6;8.08;44.66;124.98;-35.78;-16.15;-25.98;-8.6;-51.66;-240.97;-273.14;12.83;8.35;2.97;26.49;88.34;80.43
1;7.52;-9.49;0.41;-28.22;-17.87;107.14;19.82;-1.98;7.63;34.93;83.77;420.39;-11.86;-35.76;-9.23;-108.34;-149.79;-315.84;7.55;8.23;4.64;46.15;62.51;235.41
1;1.65;-11.82;-1.48;4.42;22.3;-117.6;38.67;20.25;5.44;53.01;191.06;-27.63;-22.74;-26.34;-11.71;-52.12;-227.08;-242.93;13.63;9.7;3.78;25.01;86.36;74.99
1;5.92;-9.28;1.59;-39.59;-25.86;94.82;18.98;-0.33;9.63;76.82;178.74;413.43;-12.41;-35.78;-10.87;-149.9;-174.99;-275.6;6.91;8.32;4.73;66.87;79.71;237.5
1;1.69;-11.75;-1.8;0.64;40.05;-121.49;38.23;25.97;4.17;41.97;206.85;-20.71;-18.25;-22.48;-9.83;-64.61;-231.11;-225.59;13.59;10.09;2.86;22.69;91.53;69.43
1;6.65;-9.43;0.75;-25.65;-39.2;123.03;26.49;1.39;10.1;37.22;126.71;444.96;-19.35;-34.29;-9.39;-118.99;-205.57;-287.77;9.95;8.47;5.15;48.36;84.15;243.82
1;2.56;-10.74;-1.34;-1.63;16.99;-112.14;40.09;26.51;5.16;50.56;121.18;-11.09;-24.65;-23.89;-12.95;-72.59;-244.82;-265.87;15.13;10.24;3.69;29.53;92.12;79.99
1;5.8;-9.75;0.34;-34.14;-10.45;82.14;15.4;0.3;9.6;54.95;129.65;433.24;-13.81;-32.37;-10.37;-124.63;-256.5;-297.64;6.46;7.98;4.77;56.48;85.84;241.22
1;0.77;-11.97;-2.04;11.67;32.41;-126.91;39.92;22.52;6.48;71.12;132.84;-32.66;-20.91;-23.86;-10.1;-60.61;-247.87;-223.63;13.57;8.84;3.75;31.59;97.49;66.91
1;8.61;-8.31;0.27;-22.14;-29.77;150.89;17.55;-0.48;7.16;48.33;68.56;441.99;-13.35;-33.26;-6.85;-91.46;-147.75;-292.38;6.03;6.66;3.16;40.88;46.53;229.99
1;2.2;-11.66;-0.97;0.2;12.1;-113.57;37.32;19.53;7.59;48.23;126.87;-25.64;-24.35;-30.96;-9.37;-53.71;-229.4;-251.28;14.29;9.72;3.16;24.73;84.97;78.23
1;5.84;-9.94;0.14;-25.11;-7.32;77.62;16.16;0.1;9.21;45.68;178.36;433.79;-12.3;-34.47;-9.59;-97.74;-178.24;-348.08;6.46;7.77;4.52;42.41;84.32;245.64
1;2.32;-11.8;-1.51;5.97;24.89;-128.05;38.06;19.65;3.97;69.23;200.99;-31.23;-21.53;-22.93;-10.39;-56.62;-227.99;-247.78;12.87;8.32;3.04;25.97;100.7;78.93
1;7.27;-8.09;0.61;-40.38;-23.35;144.04;20.58;1.69;8.86;17.17;114.95;442.85;-9.22;-35.18;-8.12;-115.08;-218.06;-277.09;6.54;7.08;3.51;40.23;101.25;228.14
1;1.89;-11.78;-1.26;7.99;23.22;-123.36;38.51;14.37;6.74;43.2;145.75;-38.04;-20.4;-26.22;-7.5;-38.51;-207.06;-251.75;13.67;7.82;2.81;25.73;83.7;77.38
1;6.24;-9.57;0.92;-28.84;3.52;93.69;28.79;-1;9.46;74.69;187.3;413.85;-20.07;-36.12;-7.28;-112.49;-221.01;-338.58;9.02;8.72;4.32;59.25;102.94;242.46
1;2.28;-11.09;-1.81;17.93;17.36;-115.16;41.1;18.97;2.31;62.11;159.39;-23.34;-20.4;-21.11;-10.45;-33.42;-241.98;-246.62;13.81;8.23;2.6;22.82;88;77.96
1;6.79;-9.23;0.69;-37.8;-34.35;111.32;18.84;0.91;9.41;23.31;64.59;437.56;-12.02;-36.46;-11.61;-135.01;-192.73;-272.22;7.11;8.73;4.89;50.34;56.68;244.51
1;1.64;-11.7;-1.51;6.43;26.33;-121.18;37.2;23.56;6.21;73.94;204.05;-14.62;-28.01;-22.85;-7.52;-57.13;-249.13;-253.53;14.7;9.37;3;26.67;103.13;80.09
1;6.55;-9.41;0.15;-29.96;-34.03;109.25;16.88;0.27;10.37;19.4;86.17;434.02;-12.19;-34.97;-8.21;-114.99;-121.9;-316.28;7.51;8.44;4.56;43.06;51.32;249.82
1;1.33;-12.11;-1.42;1.35;19.16;-128.06;37.1;19.62;5.68;53.6;122.79;-23.94;-25.71;-24.7;-11.57;-63.97;-247.42;-255.57;14.39;9;3.72;30.15;93.24;83.48
1;5.98;-8.95;1.31;-39.71;-8.15;98.1;15.27;5.22;11.84;61;149.46;452.47;-12.85;-35.85;-9.74;-125.97;-226.02;-282.05;6.02;8.57;4.25;56.02;92.25;253.31
1;2.25;-11.62;-1.36;18.1;11.12;-119.08;36.91;22.11;1.31;47.67;147.1;-26.67;-22.32;-19.25;-7.03;-39.3;-186.8;-245.26;13.65;8.15;1.71;21.65;83.24;75.93
1;6.15;-9.04;0.4;-30.04;-10.02;112.9;16.51;1.14;12.17;86.32;79.64;447.82;-19.66;-34.35;-7.95;-113.9;-194.22;-285.32;8.14;8.37;4.12;52.24;62.69;254.4
1;2.53;-10.77;-1.57;1.7;11.21;-120.85;39.54;28.73;3.26;56.2;141;-12.76;-21.67;-21.83;-9.96;-73.62;-249.61;-246.3;14.6;10.36;2.96;25.21;92.73;77.27
1;5.81;-10.04;-0.14;-15.81;-12.08;112.06;23.55;2.41;11.17;49.66;115.51;471.14;-21.4;-34.39;-7.97;-112.26;-182.91;-305.73;10.06;8.74;4.77;49.22;60.04;266.04
1;2.59;-10.94;-1.71;-2.83;19.34;-125.82;39.77;29.45;6.62;63.44;151.4;-21.6;-21.23;-23.24;-15.37;-83.36;-274.07;-266.34;14.66;11.18;4.12;32.5;101.28;84.62
1;6.41;-9.75;0.37;-31.62;-9.13;116.61;18.18;0.51;10.48;45.8;198.39;460.05;-8.92;-35.94;-9.62;-123.57;-199.2;-329.68;7.43;7.66;4.57;49.64;107.46;251.68
1;2.02;-11.49;-1.1;7.43;12.14;-128.97;36.82;18.87;5.78;49.81;162.92;-30.25;-19.1;-21.34;-8;-36.17;-185.49;-281.08;13.12;8.91;2.77;18.05;79.27;91.46
1;7.18;-9.56;0.93;-45.27;-18.6;116.45;20.32;3.38;10.34;40;139.97;438.18;-9.94;-35.6;-13.3;-151.56;-241.81;-337.66;7.22;9.19;5.04;60.33;95.65;253.58
1;1.57;-11.48;-1.17;4.68;28.17;-125.34;38.86;24.54;5.55;86.98;199.53;-16.6;-28.34;-23.67;-11.13;-56.43;-230.86;-249.27;14.77;10.55;3.72;29.47;93.59;86.69
1;6.37;-9.2;0.9;-36.93;-32.93;91.1;19.57;9.16;9.42;67.44;117.85;435.73;-10.66;-33.75;-9.26;-137.77;-260.08;-291.8;7.8;8.91;4.45;55.37;95.55;253.67
1;0.79;-12.37;-1.93;4.71;30.04;-124.73;32.38;23.06;2.99;45.5;170.39;-13.3;-30.31;-22.14;-8.47;-42.23;-147.37;-249.73;15.06;9.02;2.55;19.25;73.61;82.85
1;7.41;-9.51;0.35;-28.16;-23.82;128.15;22.84;5.34;9.38;23.84;109.79;471.8;-11.12;-32.17;-11.04;-137.42;-183.46;-304.01;9.01;9.21;4.71;53.35;76.96;265.61
1;2.36;-11.05;-1.18;2.82;10.27;-113.2;36.25;19.93;3.08;50.79;102.49;-21.86;-23.56;-22.19;-7.78;-53.87;-180.43;-258.22;14.3;9.29;2.44;24.94;71.89;75.53
1;6.08;-10.51;0.16;-28.23;-12.43;76.5;22.5;2.62;9.18;44.57;196.59;432.04;-17.95;-35.28;-11.23;-131.35;-224.57;-346.83;9.2;8.45;5.29;53.15;99.2;254.03
1;1.59;-11.99;-1.69;1.76;26.51;-128.81;38.31;21.18;3.65;58.44;155.58;-21.1;-24.9;-24.82;-11.8;-59.59;-248.66;-249.15;13.37;9.51;3.47;26.58;93.73;84.96
1;8.1;-8.32;1.58;-41.9;-27.24;147.94;15.94;-0.27;10;41.84;123.86;441.33;-12.23;-34.38;-7.3;-121.68;-137.45;-314.4;5.68;7.5;3.77;50.59;76.77;238.14
1;1.13;-12.7;-1.54;9.24;28.49;-129.25;38.57;19.42;5.22;57.39;205.9;-35.98;-29.72;-21.82;-8.37;-49.57;-223.64;-246.29;14.95;8.6;3.16;26.3;95.53;74.22
1;6.63;-9;0.84;-38.78;-22.12;115.07;16.82;0;11.6;67.69;79.21;447.47;-10.68;-35.57;-11.95;-100.37;-236.36;-303.92;5.96;7.79;4.58;43.18;82.82;247.79
1;1.5;-11.95;-1.55;8.36;19.42;-130.48;40.53;23.22;4.31;83.9;188.42;-37.08;-25.77;-23.42;-6.98;-42.82;-240.69;-269.36;15.1;10.32;3;27.14;104.24;81.84
1;6.82;-9.54;0.66;-27.02;-20.15;123.86;18.08;-0.11;12.73;34.02;106.7;448.28;-9.35;-34.8;-9.37;-97.57;-239.31;-300.01;6.75;7.14;3.84;36.15;95.1;247.33
1;1.87;-11.39;-1.41;8.15;22.81;-125.84;37.56;24.84;6.08;75.98;128.59;-26.07;-26.29;-23.32;-9.46;-64.2;-198.57;-270.87;14.2;10.1;2.97;30.54;85.4;84.43
1;6.42;-10.16;0.61;-36.79;-19.87;107.38;17.8;-0.69;11.35;45.92;126.32;445.01;-11.64;-31.91;-9.11;-144.17;-229.55;-329.61;6.73;6.91;4.34;54.64;92.49;245.45
1;1.49;-11.87;-1.65;5.92;31.21;-133.97;38.96;27.64;6.96;83.82;175.08;-31.94;-24.41;-25;-10.94;-69.81;-236.83;-256.86;14.7;10.71;3.9;29.85;102.37;74.37
1;7.59;-9.44;0.5;-27.07;-38.55;119.77;22.01;-0.12;10.65;26.91;86.9;440.09;-10.39;-35.45;-10.03;-111.64;-137.36;-303.66;7.2;7.54;4.96;50.36;66.55;240.01
1;1.59;-11.85;-1.33;0.03;13.6;-127.5;32.19;21.82;5.21;68.39;146.55;-11.08;-30.96;-24.35;-8.96;-50.62;-179.92;-250.3;14.18;10.24;3.54;25.98;76.09;86.56
1;7.37;-9.17;1;-39.87;-16.45;118.33;16.44;0.65;12.99;55.35;131.27;423.05;-11.98;-36.46;-11.84;-123.52;-178.89;-365.06;6.67;9.37;5.3;56.96;69.17;249.08
1;1.66;-11.56;-1.62;-1.33;29.12;-123.18;38.79;31.29;7.1;105.65;181.35;-15.95;-25.28;-24.16;-13.04;-88.4;-272.68;-258.18;14.85;12.17;4.17;34.93;95.94;84.55
1;6.25;-9.13;0.76;-30.25;-28.71;91.96;21.5;16.98;9.61;87.38;126.64;441.68;-18.21;-34.12;-9.66;-134.37;-235.91;-288.75;9.66;9.02;4.84;62.04;86.09;254.9
1;1.88;-12.71;-1.92;2.69;38.8;-132.04;35.43;28.95;7.91;40.22;173.27;-38.21;-22.97;-26.16;-10.03;-57.51;-213.3;-233.14;14.39;10.27;3.74;23.31;72.09;69.22
1;8.04;-9.26;0.33;-28.45;-33.31;133.36;18.62;2.49;9.39;36.4;78.93;444.33;-9.27;-35.66;-11.33;-112.89;-158.52;-331.48;6.59;8.52;4.63;49.56;63.22;244.72
1;1.62;-11.78;-0.83;3.33;21.97;-126.38;34.14;20.73;5.56;65.99;159.33;-29.9;-25.01;-22.54;-7.2;-49.62;-204.92;-270.5;13.34;9.77;2.32;27.66;77.93;84.67
1;7;-9.58;0.49;-33.07;-15.95;106.49;18.19;0.89;12.18;69.56;117.14;443.24;-18.82;-35.84;-9.42;-110.03;-146.97;-310.21;8.22;8.94;4.65;47.32;69.19;251.83
1;1.48;-11.78;-1.78;6.88;25.6;-129.71;40.25;24.72;3.79;68.54;148.48;-37.37;-25.39;-23.65;-11.61;-57.21;-260.89;-244.2;14.28;10.05;3.48;29.75;92.93;74.44
1;7.23;-9.16;0.79;-32.03;-19.43;119.23;20.19;1.54;11.3;48.83;139.87;447.57;-15.26;-33.11;-10.58;-126.62;-181.94;-301.18;8.62;9.06;4.89;52.57;84.31;250.6
1;2.15;-11.72;-1.76;1.57;32.4;-128.84;39.74;21.9;5.44;51.18;181.2;-30.08;-22.05;-26.92;-13.02;-51.61;-259.23;-244.26;14.9;9.73;3.58;25.42;99.72;77.48
1;6.56;-9.9;1.17;-32.02;-23.08;103.12;17.53;-1.38;13.43;92.31;109.4;434.07;-10.44;-35.18;-9.45;-117.2;-228.07;-312.42;6.47;8.3;4.42;53.26;92.35;244.33
1;1.09;-11.99;-1.94;6.24;19.21;-134.78;36.75;27.47;4.67;66.53;158.19;-27.91;-25.13;-25.3;-10.45;-53.35;-213.84;-258.22;14.25;10.9;3.52;24.23;88.65;80.95
1;7.91;-9.02;1.23;-38.37;-13.32;138.93;20.14;2.4;11.91;55.91;112.48;454.64;-14.88;-34.69;-7.04;-133.27;-167.16;-313.69;7.48;8.58;4.27;54.91;68.07;250.37
1;1.93;-11.7;-1.18;12.47;11.65;-132.54;39.58;22.39;2.74;72.49;158.49;-50.95;-18.77;-23.35;-6.13;-42.31;-201.53;-263.13;14.01;10.27;2.91;26.24;81.68;78.28
1;6.33;-9.66;-0.24;-26.46;-9.54;113.21;17.84;2.27;10.18;87.1;178.02;477.8;-13.6;-36.31;-10.65;-102.99;-281.07;-293.47;7.76;9.37;4.56;46.15;103.92;268.2
1;1.01;-11.97;-1.51;6.65;24.94;-135.27;38.33;27.66;5.39;85.35;181.73;-30.04;-24.29;-24.04;-6.02;-49.37;-251.52;-267.4;15.49;11.22;2.65;28.89;103.95;83.5
1;6.5;-9.54;0.09;-31.22;-11.21;123.98;20.92;4.51;11.02;38.53;118.74;455.3;-16.56;-33.9;-9.3;-128.05;-143.05;-324.66;8.11;9.05;4.57;54.93;67.02;259.89
1;1.66;-11.78;-1.51;3.22;23.16;-131.43;40.06;28.46;5.74;78.96;184.22;-27.37;-26.15;-23.06;-9.62;-58.94;-251.48;-279.75;15.01;10.93;3.7;26.74;96.32;85.62
1;5.79;-9.1;0.43;-22.25;-25.6;111.37;18.67;2.65;10.86;70.66;105.2;463.12;-18.07;-36.4;-10.88;-89.35;-229.13;-275.41;8.14;8.76;4.8;49;92.25;257.06
1;2.26;-11.26;-1.7;-5.9;28.91;-115.99;40.96;27.46;6.89;39.63;135.02;-3.4;-25.38;-23.23;-8.03;-68.58;-284.75;-237.94;14.88;10.91;3.53;26.2;93.45;81.79
