2;1.91;-11.01;-0.45;5.28;22.35;-92.77;28.38;0.68;4.19;46.92;93.72;-19.48;-11.8;-26.14;-5.56;-29.75;-249.99;-222.21;8.33;4.76;2.15;23.82;75.21;63.83
2;5.76;-9.6;-1.52;-25.25;-32.44;79.45;18.43;-1.4;4.99;59.67;148.61;380.21;-7.27;-26.83;-14.37;-107.72;-172.73;-330.5;6.73;6.13;4.45;44.53;89.72;211.71
2;1.88;-11.56;-0.38;7.05;29.11;-95.67;19.65;-1.18;9.83;44.75;93.06;-16.82;-8.47;-24.62;-7.22;-27.63;-174.87;-245.47;7.91;5.22;3.05;24;59.02;65.9
2;6.73;-8.95;-0.53;-39.51;-30.96;94.43;14.97;-1.58;7.02;40.58;221.98;386.8;-4.07;-27.65;-16.78;-144.48;-178.11;-342.04;5.82;5.78;5.17;51.71;109.08;219.17
2;2.36;-11.03;-0.49;14.29;26.08;-99.75;20.98;0.5;10.68;62.38;124.28;-20.09;-14.47;-20.14;-5.03;-23.37;-141.58;-239.12;9.46;5.55;3.18;32.55;74.98;79.86
2;5.68;-9.76;-0.09;-47.36;-28.89;87.23;15.31;0.34;7.21;3.12;166;396.08;-2.84;-29.74;-8.76;-156.52;-189.47;-332.01;5.16;7.06;3.57;46.24;89.95;231.61
2;2.34;-11.41;-1.39;11.06;30.73;-109.24;33.13;3.83;2.33;57.58;141.34;-29.28;-14.84;-23.96;-5.25;-31.97;-194.33;-261;12.11;6.28;1.52;29.62;75.03;74.16
2;6.34;-9.83;-0.38;-47.08;-23.97;101.38;19.12;-4.74;4.31;18.06;103.58;391.52;-3.79;-30.77;-13.73;-132.18;-201.02;-408.93;4.8;5;4;47.01;95.52;238.29
2;2.93;-11.95;-0.51;11.2;39.4;-131.56;37.84;10.9;4.89;52.68;327.76;-29.98;-14.18;-27.61;-3.74;-23.11;-178.2;-288.32;13.03;8.09;2.88;26.35;122.95;88.16
2;7.03;-9.12;-0.41;-41.01;-37.94;119.68;21.44;0.02;6.22;37.06;198.97;442.63;-11.06;-27.99;-15.16;-145.27;-192.95;-389.03;8.32;6.84;4.72;46.8;92.88;253.76
2;1.85;-11.32;-0.11;15.67;1.25;-113.91;34.46;4.53;8.64;67.05;137.24;-19.6;-12.79;-22.29;-3.08;-27.92;-193.88;-284.24;12.42;6.7;3.43;33.4;92.83;92.4
2;7.19;-10.69;-0.94;-40.92;1.58;105.03;25.72;-1.12;6.86;9.11;112.21;448.55;-15.58;-31.93;-16.51;-130.56;-188.39;-409.61;8.81;7.34;5.3;41.83;96.04;261.5
2;1.5;-11.22;-0.53;13.57;17.99;-113.88;40.26;10.37;5.19;62.91;150.26;-12.78;-15.93;-27.76;-4.12;-26.84;-260.95;-269.46;14.48;8.65;2.86;30.43;95.57;81.93
2;6.43;-10.52;-0.81;-35.79;-25.46;99.53;22.88;-1.68;7.18;13.34;170.6;420.04;-7.21;-33.83;-15.04;-141.83;-218.07;-369.29;8.13;6.82;5.02;47.08;111.99;243.25
2;1.54;-11.47;-0.83;6.32;33.36;-116.1;37.77;12.99;2.94;48.48;158.23;-19.88;-21.65;-28.57;-3.35;-35.83;-229.66;-302.92;14.21;9.01;1.75;30.75;86.95;82.36
2;6.29;-10.21;-0.1;-35.73;-13.73;101.25;18.74;-1.17;6.27;25.87;159.88;435;-8.15;-32.01;-8.11;-137.58;-239.44;-357.36;6.71;7.02;3.39;42.54;106.38;245.96
2;1.3;-11.19;-1.41;17.13;25.91;-122.95;41.11;13.62;3.63;58.59;207.36;-13.92;-20.41;-28.48;-6.14;-22.61;-215.04;-287.44;14.45;8.95;1.94;24.86;89.66;84.09
2;6.58;-10.6;-0.5;-37.88;-38.93;102.55;22.3;0.07;6;34.39;207.7;440.73;-9.87;-36.05;-15.15;-151.18;-216.81;-328.01;9.24;7.95;4.93;49.45;108.69;245.44
2;0.58;-11.55;-1.03;3.92;29.67;-124.16;37.06;12.79;2.36;49.9;140.03;-37.81;-20.3;-29.47;-4.93;-37.33;-240.16;-279.86;14.41;9.79;1.82;27.05;94.03;75.54
2;6.72;-10.27;-0.42;-38.86;-34.48;97.89;23.09;-1.93;5.55;16.05;134.45;434.39;-7.49;-29.6;-14.97;-141.54;-236.97;-380.88;8.72;6.79;5.01;49.55;110.92;253.88
2;1.18;-11.93;-0.8;0.08;22.71;-127.31;37.32;8.27;4.91;53.95;169.17;-18.2;-20.55;-28.09;-6.51;-37.39;-220.25;-260.73;14.25;8.26;2.58;27.64;99.35;82.83
2;6.61;-9.39;0.52;-50.05;-22.14;112.52;16.99;-1.71;6.14;0.13;200.82;449.07;-3.37;-30.93;-7.12;-142.26;-163.03;-346.64;6.16;6.82;3.67;43.97;93.2;254.21
2;1.26;-12.8;-1.27;1.43;28.56;-136.71;37.34;7.35;2.83;44.42;151.69;-42.27;-21.03;-28.39;-8.92;-45.24;-230.62;-282.79;14.67;8.21;2.42;24.11;93.35;79.91
2;6.27;-9.29;-0.03;-46.28;-28.67;114.47;14.61;-1.13;7.27;16.71;144.8;455.56;-3.55;-29.35;-9.39;-131.22;-201.41;-319.1;6.2;6.89;3.41;43.03;99.05;252.17
2;1.12;-12.31;-1.12;6.15;30.44;-128.59;40.12;5.73;5.85;51.54;128.92;-37.29;-20.94;-26.83;-5.35;-42.51;-245.31;-275.66;14.9;7.7;2.62;29.92;94.19;84.61
2;6.83;-9.94;0.18;-41.85;-27.01;112.55;18.6;-0.72;7.17;19.41;109.17;461.22;-8.08;-30.21;-8.94;-145.99;-208.98;-373.6;7.31;7.55;3.91;48.55;101;258.4
2;0.91;-12.24;-1.15;1.69;14.13;-132.2;40.42;14.82;4.37;49.39;154.04;-52.77;-19.63;-29.01;-9.27;-52.95;-234.67;-269.47;15.19;8.91;2.8;28.85;95.07;75.82
2;6.71;-9.59;-0.27;-34.01;-13.86;109.58;20.22;0.64;8.6;24.27;143.79;487.47;-3.84;-29.93;-11.26;-117.74;-173.56;-306.62;6.9;7.76;4.83;44.31;89.25;270.69
2;1;-12.77;-1.04;1.14;30.52;-130.59;33.84;5.95;2.94;48.91;174.72;-44.71;-22.2;-25.62;-4.41;-36.46;-251.09;-284.79;14.66;7.59;2.11;27.38;100.82;75.85
2;7.1;-9.2;-0.06;-36.67;-23.59;113.35;15.31;-0.99;6.34;23.58;61.25;445.01;-5.29;-32.36;-6.59;-114.92;-133.93;-327.89;5.26;7.23;3.27;37.14;62.89;248.97
2;1.05;-12.36;-1.31;2.6;30.54;-131.05;39.82;9.29;3.35;45.15;119.09;-50.07;-17.45;-25.91;-8.5;-45.61;-261.33;-276.14;14.16;8;2.55;29.36;94.16;78.29
2;8.02;-9.3;-0.28;-31.9;-31.74;124.98;17.32;-0.24;5.74;21.01;95.91;447.74;-1.63;-28.33;-10.62;-107.54;-201.21;-352.63;6.21;6.37;4.33;35.74;79.81;250.74
2;0.65;-12.64;-1.11;1.99;33.9;-129.34;39.43;6.94;3.91;47.12;155.92;-48.8;-18.56;-26.14;-6.99;-37.65;-242.43;-286.89;14.26;7.33;2.35;29.82;93.37;83.65
2;7.7;-9.13;-0.26;-34.27;-19.78;116.78;18.9;1.87;9.15;16.44;173.85;450.63;-4.81;-31.46;-6.86;-119.07;-164.03;-301.21;6.68;7.67;3.6;38.38;87.64;249.45
2;-0.4;-13.69;-1.69;7.84;32.4;-143.05;39.01;7.59;7.13;45.74;139.45;-49.22;-26.69;-28.55;-8.51;-40.69;-224.52;-257.52;15.56;7.69;2.98;24.08;93.58;67.71
2;6.44;-9.2;-0.01;-30.21;-28.3;114.01;21.16;1.99;5.38;29.93;137.99;460.14;-10.98;-31.62;-8.93;-83.6;-209.42;-299.57;7.82;8.28;3.25;34.28;89.93;264.86
2;1.19;-12.16;-1.54;2.91;38.64;-129.31;38.71;18.47;4.97;46.21;179.57;-39.2;-24.49;-26.88;-11.36;-43.44;-278.79;-288.21;15.89;9.44;2.98;27.04;104.97;76.3
2;7.3;-8.92;-0.3;-32.72;-31.77;116.21;16.51;-1.65;4.11;32.6;139.64;435.33;-3.76;-29.22;-8.75;-108.49;-192.71;-279.05;5.83;6.47;3.43;38.76;70.35;242.76
2;0.53;-12.89;-1.61;7.67;36.78;-130.43;38.32;10.08;4.51;52.99;147.53;-40.06;-22.37;-31.51;-8.91;-35.39;-220.01;-258.08;14.59;8.6;2.72;28.33;93.5;72.96
2;8.49;-9.86;-0.07;-32.89;-38.92;108.3;26.25;-2.02;6.36;45.46;84.1;433.45;-5.09;-24.46;-9.15;-134.04;-184.95;-397.01;8.08;5.05;4.21;51.5;78.06;250.3
2;0.83;-12.46;-1.13;5.88;26.84;-123.17;30.59;4.35;3.16;54.53;126.56;-21.85;-18.37;-27.78;-4.36;-32.68;-147.08;-274.13;13.61;7.44;2.38;26.42;74.65;84.31
2;6.68;-9.41;0.35;-53.15;-28.94;101.93;17.58;-0.45;6.27;15.89;150.87;459.51;-1.83;-35.76;-13.17;-160.7;-187.37;-340.15;6.41;7.58;4.19;51.5;111.55;262.74
2;1.37;-12.36;-1.16;8.21;20.48;-133.3;38.66;11.2;3.42;50.41;131.96;-46.14;-18.73;-28.33;-5.52;-30.05;-227.79;-293.9;14.59;8.91;1.75;25.37;94.2;75.13
2;8.36;-9.63;-0.12;-27.93;-26.44;119.7;23.56;-1.17;6.57;45.2;99.98;450.8;-1.45;-31.04;-13.49;-109.8;-159.15;-386.55;7.61;6.57;5.66;48.87;75.08;257.99
2;0.51;-11.89;-0.94;1.1;21.09;-119.65;31.85;3;3.72;49.04;113.05;-15.3;-19.63;-24.84;-5.29;-35.07;-185.65;-258.15;13.08;7.36;1.94;27.33;75.97;89.5
2;7.77;-10.63;-0.4;-36.7;-31.02;112.44;25.74;0.09;7.17;37.71;160.79;462.39;-9.5;-33.43;-19.58;-136.87;-269.64;-365.77;8.97;7.65;6.48;48.47;134.3;262.78
2;0.67;-12.21;-1.07;-6.15;24.8;-129.27;33.44;12.79;3.58;54.2;157.75;-33.15;-22.54;-25.35;-6.38;-50.63;-268.28;-267.4;14.91;8.92;3.71;29.91;100.91;87.09
2;7.18;-10.02;0.61;-47.64;-16.84;117.51;26.84;-0.52;10.05;39.1;155.15;463.44;-5.22;-32.6;-11.13;-139.12;-314.89;-373.16;7.97;8.29;3.98;49.33;120.19;261.15
2;0.15;-12.44;-1.1;14.46;19.71;-134.1;38.37;16.33;5.64;78.96;140.97;-46.29;-25.06;-26.6;-6.1;-47.47;-236.24;-259.29;16.09;9.14;3;31.53;100.54;78.54
2;7.4;-8.58;0.01;-45.26;-22.35;109.83;20.34;3.07;8.12;22.16;166.15;459.76;-3.2;-29.72;-11.6;-123.94;-244.11;-287.2;6.63;7.64;4.02;46.96;110.02;256.75
2;0.28;-13.27;-1.32;5.86;19.46;-137.8;34.54;8.9;5.6;58.62;153.67;-35.37;-26.61;-28.34;-9.01;-32.65;-224.81;-259.15;15.37;8.19;2.94;25.22;111.98;75.48
2;7.77;-9.95;-0.29;-22.45;-22.74;129.14;21.89;1.59;6.49;39.67;127.12;459.75;-14.3;-35.34;-15.03;-107;-113.34;-399.65;7.08;7.8;5.3;40.41;65.92;266.33
2;0.69;-11.84;-1.28;0.17;29.52;-125.65;40.48;21.14;4.15;70.76;170.38;-24.71;-22.58;-26.12;-10.16;-53.11;-300.76;-264.13;15.43;10.39;3.29;26.43;100.68;84.64
2;7.37;-9.45;1.06;-49.67;-17.95;123.37;22.6;0.18;14.73;32.12;101.9;442.35;-12.47;-36.09;-6.8;-161.11;-171.87;-370.56;8.58;8.11;3.75;57.38;81.33;252.46
2;0.31;-12.62;-1.11;16.14;0.75;-143.09;38.91;18.11;11.1;71.13;121.75;-49.4;-22.6;-27.39;-11.8;-46.7;-223.41;-270.93;15.41;9.65;3.68;26.07;93.15;84.38
2;6.64;-9.37;0.21;-56.92;-14.7;119.58;18.56;1.41;5.1;18.08;112.8;481.47;-3.25;-32.34;-9.3;-173.78;-294.2;-304.59;6.2;7.67;3.44;53.9;117.04;262.92
2;1.61;-12.47;-1.06;13.57;21.38;-142.04;41.27;11.61;3.81;50.13;98.71;-58.9;-21.66;-27.86;-5.37;-26.45;-184.72;-306.02;15.71;8.72;2.19;24.23;82.6;75.59
2;7.55;-9.55;-0.03;-45.63;-21.63;111.59;22.58;2.99;6.54;19.71;152;457.07;-4.62;-27.34;-9.31;-157.18;-200.73;-389.44;7.75;8.28;3.89;49.99;101.73;260.74
2;0.95;-12.38;-1.26;9.75;25.95;-129.13;37.16;6.06;3.25;53.19;122.71;-40.53;-17.75;-29.21;-5.15;-29.82;-157.7;-268.13;14.43;8.19;2.2;25.89;77.68;86.41
2;7.51;-10.37;-0.06;-34.33;-34.39;118.67;27.62;-0.76;7.42;24.2;131.12;476.61;-5.19;-32.05;-12.33;-133.51;-209.71;-390.79;8.33;7.65;4.98;47.91;101.66;269.65
2;1.1;-12.32;-1.13;-2.47;21;-134.9;39.02;19.2;6.67;47.15;143.87;-46.08;-22.43;-29.82;-7.86;-50.56;-222.55;-266.37;15.45;9.88;3.5;28.01;93.06;83.03
2;7.94;-9.72;-0.42;-28.27;-32.02;112.2;22.48;-0.32;7.87;36.58;127.81;487.82;-4.64;-30.39;-17.92;-120.4;-177.63;-348.62;7.88;7.33;5.89;48.54;79.97;272.67
2;0.6;-12.97;-1.65;-14.7;64.27;-133.42;34.87;10.47;5.25;23.53;181.55;-38.51;-21.91;-30.31;-6.44;-50.68;-256.47;-256.83;14.98;8.6;3.6;21.09;109.4;80.84
2;7.69;-9.83;0.05;-10.38;-32.63;135.45;23.54;-1.38;6.6;43.15;260.45;478.74;-16.48;-32.4;-7.94;-61.86;-143.83;-365.99;8.67;7.46;4.15;34.4;97.97;264.44
2;1.11;-12.49;-1.12;6.34;13.81;-143.57;40.8;18.06;5.93;44.36;197.97;-45.01;-22.7;-29.18;-9.77;-43.9;-284.83;-276.78;15.9;9.59;3.12;23.82;107.96;89.99
2;7.26;-8.93;0.23;-45.2;-21.12;119.96;19.46;1.56;7.76;39.6;216.47;459.69;-4.7;-24.36;-10.48;-159.15;-205.08;-324.65;6.98;6.89;4.18;54.84;114.84;257.9
2;0.53;-13.45;-1.4;11.61;15.35;-143.19;38.13;8.45;4.75;61.58;152.12;-35.95;-25.42;-29.1;-5.36;-21.95;-206.13;-278.68;16.25;8.97;2.73;26.49;93.95;85.21
2;8.26;-9.31;-0.08;-30.48;-26.68;122.95;18.65;0.76;6.08;34.66;71.1;498.75;-2.04;-27.99;-11.72;-113.75;-195.74;-354.21;5.29;7.35;3.9;45.36;75.95;276.35
2;0.81;-12.61;-1.61;-4.87;38.48;-140.31;37.46;10.73;4.22;53.32;244.08;-33.4;-27.86;-30.78;-6.36;-41.7;-192.08;-257.49;16.57;9.26;2.87;25.61;116.56;82.23
2;8.08;-9.98;-0.55;-17.5;-20.74;125.71;23.26;0.66;4.88;38.57;256.45;476.88;-7.08;-31.92;-11.14;-99.28;-179.56;-395.76;7.54;6.62;3.29;34.58;92.89;261.16
2;0.58;-12.83;-0.99;5.79;9.71;-140.49;35.85;14.48;4.98;48.95;125.51;-47.82;-21.09;-28.97;-8.4;-41.03;-241.56;-291.07;15.41;8.91;2.98;23.41;86.68;86.31
2;7.78;-8.79;-0.09;-47.11;-10.75;121.53;21.65;3.42;6.01;28.04;135.9;502.08;-3.41;-28.46;-10.51;-162.9;-193.66;-312.29;7.58;7.79;4.22;55.72;90;277.13
2;0.74;-13.43;-1.34;4.57;22.71;-137.35;33.93;7.16;4.65;56.31;193.53;-30.67;-23.07;-31.02;-8.14;-31.49;-213.4;-284.23;15.16;8.98;2.82;25.1;103.25;81.9
2;8.33;-8.91;0.34;-37.03;-8.83;126.65;22.35;0.7;5.94;44.56;192.43;451.75;-9.17;-23.42;-7.7;-143.83;-159.08;-350.99;8.29;5.58;3.92;51.07;81.26;251.16
2;0.17;-13.04;-1.29;15.5;13.98;-132.09;38.69;4.67;4.46;73.84;171.09;-44.13;-18.99;-30.94;-5.88;-31.84;-205.71;-269.45;15.18;8.03;2.63;29.56;91.51;82.93
2;6.95;-10.38;0.27;-39.73;-16.78;115.89;17.34;0.49;7.7;33.58;196.34;479.26;-6.79;-31.22;-10;-129.63;-197.35;-372.68;6.75;7.56;4.06;44.34;97.48;271.93
2;1.32;-12.12;-1.86;6.77;20.85;-138.81;39.77;18.13;4.2;63.57;197.7;-45.79;-24.08;-30.45;-8.5;-31.81;-198.43;-279.33;15.85;9.97;3.13;28.71;102.66;81.49
2;7.33;-9.61;0.67;-50.19;-20.33;120.06;29.62;3.12;8.37;22.22;245.16;441.03;-12.36;-29.71;-12.01;-146.88;-227.51;-370.34;8.2;7.99;4.81;58.03;141.76;257.35
2;0.47;-12.56;-1.14;4.79;13.41;-134.62;41.23;10.99;5.93;52.02;224.82;-51.27;-24.54;-28.27;-6.17;-37.43;-308.66;-255.21;16.68;8.64;3.42;26.98;114.23;77.07
2;7.85;-9.97;-0.28;-30.95;-15.3;125.34;19.06;0.97;6.26;24.16;238.16;458.99;-6.83;-31.93;-7.83;-96.92;-210.1;-369.59;7.27;7.16;3.8;29.15;113.09;255.3
2;0.43;-12.51;-1.58;5.75;11.59;-133.26;40.03;16.66;7.08;55.69;160.44;-43.62;-22.77;-29.95;-10.67;-55.93;-228.75;-285.96;15.79;9.92;3.65;30.19;88.71;83.45
2;7.76;-10.22;-0.2;-32.98;-14.33;124.34;18.05;0.91;6.9;56.4;224.83;462.16;-7;-33.46;-13.18;-146.04;-149.97;-365.44;7.59;7.56;4.74;52.7;96.37;260.08
2;-0.08;-13.25;-1.2;0.07;17.6;-140.61;37.42;15.8;5.07;51.66;173.45;-15.86;-31.37;-29.39;-7.45;-56.25;-246.23;-282.98;17.38;9.83;3.39;29.68;105.04;97.9
2;7.77;-8.94;-0.19;-30.65;-7.27;131.17;19.2;5.19;9.39;35.6;154.32;499.55;-10.04;-32.37;-8.04;-141.07;-120.22;-348.11;7.84;9.08;4.31;47.98;80.45;281.59
2;0.22;-12.62;-1.5;6.07;17.68;-137.14;38.74;15.76;5.18;48.77;119.4;-31.27;-25.42;-27.53;-11.48;-64.04;-259.21;-269.01;15.9;9.42;3.26;28.16;91.93;86.02
2;7.68;-9.3;-0.03;-41.79;-23.4;125.83;21.47;2.33;10.51;47.27;130.25;482.76;-11.55;-34.88;-11.62;-159.93;-176.15;-352.37;8.59;8.89;4.92;57.7;81.63;273.51
2;0.13;-13.01;-1.52;4.11;23.66;-146.82;39.63;21.19;7.77;56.1;196.48;-39.33;-31.15;-30.05;-10.49;-67.35;-237.88;-273.21;17.15;10.75;4.06;34.23;106.51;88.22
2;7.36;-9.05;0.17;-37.99;-21.64;101.33;19.3;15.3;9.83;56.21;154.5;501.58;-16.06;-34.91;-10.66;-123.07;-232.41;-336;8.62;9.1;3.81;43.03;100.08;291.27
2;-0.09;-13.61;-2.38;13.36;28.76;-141.34;43.48;19.11;1.96;61.46;127.82;-35.12;-23.13;-30.59;-10.25;-37.44;-181.32;-273.32;16.92;9.43;2.9;28.26;73.59;73.82
2;9.1;-9.23;-0.23;-14.84;-22.48;155.92;25.13;3.21;5.56;45.22;153.71;479.99;-11.16;-34.57;-10.17;-90.66;-244.94;-402.71;8.08;8.93;4.07;41.83;117.84;278.13
2;0.12;-12.94;-1.69;-6.85;36.9;-136.11;43.71;23.21;8.88;37.54;185.93;-31.76;-29.7;-30.92;-16.64;-70.92;-277.54;-276.72;17.96;11.69;4.86;27.39;107.38;90.37
2;7.29;-8.98;-0.04;-38.51;-31.65;118.93;20.47;2.17;5.08;30.09;197.84;480.21;-6.77;-24.83;-8.37;-127.33;-175.26;-374.34;7.81;7.17;3.71;44.16;88.09;276.98
2;-0.22;-13.53;-1.39;0.86;26.12;-149.91;39.37;13.85;10.53;48.37;177.31;-33.73;-29.28;-30.82;-9.49;-56.62;-208.08;-305.24;16.98;9.76;4.6;24.35;100.24;94.54
2;7.37;-9.32;0.16;-41.94;-27.88;112.59;18.93;0.99;5.62;43.51;156.99;504.44;-4.61;-32.91;-13.31;-157.39;-198.51;-320.35;7.14;8.39;4.19;54.52;100.27;286.34
2;1.02;-12.81;-1.37;1.32;36.38;-144.75;36.26;12.64;4.13;51.71;244.2;-40.28;-27.13;-33.08;-6.78;-36.76;-173;-302.11;17.17;10.39;2.77;26.83;103.14;85.9
2;8.22;-9.4;0.08;-36.04;-32.42;132.7;19.49;2.13;6.63;61.87;229.23;476.81;-9.85;-33.39;-9.59;-148.09;-173.05;-369.93;8.01;7.39;4.29;53.86;89.05;269.64
2;0.32;-12.62;-1.51;-6.88;29.34;-135.31;38.94;19.69;4.74;44.16;225.17;-21.52;-28.77;-34.71;-9.48;-72.69;-239.33;-299.71;18.25;12.17;3.28;29.81;115.91;86.69
2;6.62;-10.36;-0.33;-20.57;-13.71;108.99;19.84;-0.43;5.32;31.3;317.69;483.56;-9.37;-30.03;-9.41;-92.94;-197.31;-359.24;6.99;7.39;3.67;33.18;123.27;272.63
2;0.59;-12.81;-1.25;7.62;31.01;-157.82;37.68;13.96;4.43;43.96;168.55;-39.89;-25.83;-32.36;-6.84;-32.94;-178.63;-306.46;16.67;10.27;2.73;20.75;80.92;93.57
2;8.69;-9.02;-0.14;-49.81;-40.03;150.09;23.33;4.73;6.2;9.86;142.75;502.6;-5.3;-28.56;-12.88;-150.65;-233.25;-359.35;8.76;7.36;4.34;48.23;104.47;273.93
2;0.49;-13.17;-1.43;2.66;28.27;-139.14;37.99;9.23;7.53;66.1;168.57;-21.85;-24.39;-31.2;-6.85;-41.28;-204.37;-283.33;16.28;9.23;3.54;32.49;91.04;94.96
2;7.22;-10.56;0.04;-37.01;-22.31;115.13;20.46;-2.26;6.11;33.37;129.32;492.21;-10.26;-32.49;-14.25;-136.67;-169.67;-353.32;8.03;7.11;4.26;48.15;76.55;280.4
2;0.54;-12.46;-1.36;8.45;20.19;-155.05;37.21;19.46;5.64;61.88;160.3;-48.45;-25.25;-29.17;-6.91;-46.55;-209.83;-309.06;16.27;10.31;2.96;28.11;89.19;92.29
2;8.82;-9.2;-0.29;-43.7;-31.22;123.34;32.88;3.37;6.51;21.59;137.85;472.3;-3.75;-23.3;-13.05;-180.69;-294.17;-361.53;9.4;7.41;4.89;63.71;114.44;270.2
2;0.57;-13.77;-1.38;-0.85;45.72;-147.25;27.81;-2.22;6.48;53.05;253.73;-30.78;-27.54;-30.48;-6.28;-41.34;-115.33;-284.05;15.57;8.01;3.34;24.7;102.21;90
2;8.48;-9.52;0.2;-23.5;-38.45;137.44;19.79;-0.62;6.95;37.2;173.17;502.97;-10.84;-34.34;-14.13;-91.82;-123.96;-377.93;7.56;7.73;4.98;37.46;64.24;280.58
2;-0.01;-12.71;-1.95;-1.11;34.73;-147.13;41.84;20.35;6.3;45.98;163.68;-30.57;-28.21;-33.43;-8.29;-47.62;-241.15;-286.05;17.31;10.77;3.6;25.51;96.54;92.51
2;8.47;-9.23;0.63;-34.86;-18.33;135.35;20.01;3.2;7.71;42.13;89.06;502.03;-7;-32.77;-10.63;-142.64;-119.25;-365.31;7.7;8.53;4.15;50.25;63.12;283.03
2;0.44;-12.86;-1.58;10.73;10.96;-143.44;39.57;19.3;7.14;62.64;236.4;-20.08;-34.67;-31.26;-5.76;-35.32;-262.45;-317.67;18.33;11.88;3.19;24.83;121.43;92.51
2;7.31;-10.05;-0.25;-27.91;-18.34;110.08;18.71;-1.15;5.19;27.89;276.8;483.52;-7.33;-34.71;-10.94;-78.33;-195.23;-351.6;7.21;8.13;3.53;29.64;116.83;273.43
2;1.37;-12.49;-1.43;8.93;30.43;-146.56;40.09;18.2;4.17;60.38;172.21;-18.39;-25.93;-31.3;-5.79;-33.55;-225.05;-304.49;16.41;10.79;2.79;27.72;97.6;95.73
2;9.08;-9.12;-0.4;-39.56;-22.83;134.89;27.14;3.29;6.19;6.38;156.65;489.78;-3.83;-29.06;-11.26;-128.15;-204.58;-431.73;7.67;7.63;4.31;41;87.64;275.12
2;0.43;-12.84;-1.15;13.73;14.68;-135.48;39.95;14.36;7.69;65.25;155.98;-20.96;-27.93;-30.23;-7.04;-30.69;-209.82;-287.34;17.27;10.12;3.72;33.05;94.49;102.12
2;7.24;-9.94;0;-40.12;-25.1;124.11;19.89;3.61;6.09;36.65;213.67;502.68;-10.18;-30.79;-12;-128.56;-205.88;-327.04;8.69;9.14;4.48;46.16;120.08;290.33
2;0.61;-12.82;-1.73;-1.98;33.8;-148.26;40.26;19.13;6.53;28.35;229;-33.2;-31.07;-30;-7.7;-45.44;-241.22;-311.76;18.32;10.87;3.44;21.35;116.14;92.58
2;7.98;-7.7;0.6;-33.97;-21.35;151.28;23.25;4.29;5.59;50.84;199.33;502.37;-13.63;-17.5;-13.21;-160.74;-153.38;-257.92;9.16;7.74;4.15;57.31;80.28;272.93
2;0.37;-13.63;-2.09;-1.74;17.28;-151.7;32.59;17.32;3.97;53.16;273.27;13.93;-37.4;-32.86;-15.33;-81.49;-181.29;-330.34;19.01;11.86;4.29;33.14;120.66;112.28
2;7.23;-9.78;-0.3;-35.9;-12.47;102.89;21.26;1.07;8.54;50.05;169.19;487.89;-7.31;-32.29;-14.28;-116.46;-192.09;-350.12;8.73;7.92;3.89;42.05;99.26;282.08
2;0.19;-12.43;-1.49;14.42;36.73;-136.87;41.13;16.64;4.57;55.63;177.09;-36.61;-29.2;-29.53;-5.74;-35.8;-224.6;-286.1;17.44;10.16;2.44;23.51;96.9;82.74
2;8.68;-9.13;-0.61;-29.93;-49.94;99.14;35.32;6.62;4.45;38.37;189.33;501.4;-14.71;-30.53;-10.61;-111.22;-241.56;-294;9.63;8.88;3.52;40.78;100.87;282.22
2;-2.67;-15.23;-2.21;0.28;73.16;-152.83;37.94;9.48;5.69;46.46;257.28;-13.25;-40.94;-31.47;-7.36;-47.81;-61.56;-292.82;18.86;9.09;3.4;25.22;83.16;91.72
2;7.92;-8.94;0.64;-29.14;-34.75;152.26;19.21;5.65;5.17;56.7;37.16;503.24;-12.95;-34.41;-9.3;-120.23;-163.34;-346.94;7.46;9.11;4.16;46.06;51.28;291.04
2;0.42;-12.83;-1.57;6.11;14.29;-150.51;41.5;27.65;5.9;59.19;159.95;-30.36;-32.94;-29.98;-9.18;-59.64;-280.04;-296.3;19.05;12.29;3.98;32.91;115.07;99.34
2;6.8;-9.24;0.45;-54.69;-4.34;115.83;24.03;3.73;6.59;25.32;142.88;485.26;-10.15;-30.28;-5.95;-176.2;-168.7;-322.59;9.29;7.83;3.01;58.06;104.05;273.63
2;0.02;-13.42;-1.74;13.04;26.37;-152.62;40.65;16.47;3.35;51.42;143.54;-44.34;-30.12;-30.5;-6.97;-26.02;-241.75;-309.28;18.01;10.28;2.87;21.85;95.39;86.83
2;7.18;-9.03;-0.01;-26.71;-32;112.87;16.44;2.67;5.54;58.19;143.37;499.97;-10.71;-35.34;-8.75;-109.84;-216.28;-346.3;7.74;8.32;3.52;45.49;79.95;284.03
2;-0.28;-13.02;-2.54;-1.73;59.71;-135.9;39.74;22.34;4.55;59.41;142.89;-13.62;-30.35;-30.24;-7.23;-55.67;-218.87;-276.45;18.19;11.5;3.22;31.38;84.01;87.46
2;7.4;-9.73;0.95;-41.83;-31.18;123.59;18.83;-0.08;5;59.74;119.99;471.96;-11.02;-35.47;-7.85;-127.63;-169.44;-335.95;7.96;8.51;3.12;43.41;77.73;267.98
2;0;-12.8;-1.79;15.98;18.68;-144.54;40.93;21.11;2.94;60.51;144.63;-32.67;-31.66;-29.78;-5.57;-28.82;-246.22;-287.88;18.38;11.36;2.31;23.96;100.86;87.94
2;7.71;-9.64;-0.15;-29.01;-32.1;123.62;20.15;4;4.31;38.03;167.19;494.43;-10.03;-33.38;-9.99;-120.35;-133.06;-362.28;8;8.49;4.05;44.19;75.95;278.79
2;-0.04;-12.57;-1.9;-2.36;40.62;-141.54;40.05;19.16;6.88;46.27;221.7;-23.88;-35.74;-31.84;-10.23;-63.76;-237.71;-272.73;18.35;11.01;3.75;26.31;105.4;89.47
2;8.32;-9.99;0.35;-39.17;-29.66;129.46;22.56;1.9;6.53;34.41;207.82;495.16;-11.04;-35.38;-15.11;-142.86;-173.86;-378.7;9.16;7.78;4.95;49.69;91.45;276.89
2;0.19;-12.03;-1.41;10.3;11.63;-141.4;40.71;20.6;5.75;63.44;183.15;-15.9;-31.16;-30.96;-6.34;-39.17;-235.32;-302.48;17.73;11.5;4.07;31.36;111.64;100.23
2;8.42;-10.16;-0.24;-30.77;-21.12;120.26;19.95;2.15;7.01;39.19;230.34;487.15;-8.48;-32.31;-11.04;-123.99;-136.49;-374.73;8.04;8.59;4.26;46.28;94.23;280.42
2;0.48;-12.87;-1.58;-0.5;26.85;-142.21;39.59;17.76;3.99;49.87;170.53;-24.7;-31.01;-32.19;-7.09;-32.94;-203.21;-273.91;17.79;10.62;2.78;23.7;94.07;88.1
2;7.75;-10.09;-0.48;-20.48;-24.82;115.48;18.26;2.56;4.27;25.63;198.28;502.4;-6.66;-34.73;-10.15;-92.73;-180.77;-328.59;7.31;8.25;3.9;33.57;100.89;287.66
2;0.26;-12.88;-1.7;0.36;40.89;-143.64;42.68;18.47;6.44;42.53;178.78;-27.52;-29;-33.25;-7.48;-46.31;-224.41;-280.37;18.38;10.91;3.22;23.82;97.33;90.11
2;7.57;-9.84;-0.12;-37.91;-30.22;117.61;22.6;3.01;5.98;41.29;133.21;494.35;-8.43;-34.26;-14.93;-172.56;-159.5;-325.87;8.11;8.2;4.6;60.83;83.91;277.47
2;0.6;-13.16;-1.58;0.56;47.69;-141.66;42.38;21.33;7.04;48.01;224.41;-28.27;-33.58;-30.79;-8.21;-35.55;-228.12;-278.39;19.3;11.22;3.8;24.6;111.17;86.79
2;7.18;-9.17;-0.55;-29.14;-38.38;115.73;23.07;1.78;4.75;58.23;182.16;494.71;-15.07;-30.78;-8.98;-119.28;-227.63;-305.13;9.46;7.46;3.46;46.13;84.9;276.13
2;-0.46;-12.49;-1.9;0.31;37.25;-139.38;41.01;17.75;9.2;49.1;287.45;-7.03;-38;-30.95;-9.19;-42.28;-263.12;-279.6;19.88;10.97;4.08;23.06;126.24;91.12
2;8.41;-9.1;-0.38;-15.76;-25.37;103.92;23.52;6.57;6.33;71.15;193.19;501.64;-8.73;-35.58;-16.43;-114.05;-167.92;-310.48;8.22;9.64;4.97;47.39;91.9;284.03
2;-1.1;-13.3;-2.49;2.83;57.3;-140.66;32.75;17.76;3.02;48.92;248.33;-13.54;-41.19;-32.54;-7.01;-54.26;-153.77;-264.8;18.96;11.39;3.03;28.59;105.21;85.67
2;9.33;-9.93;-0.13;-11.49;-32.05;150.24;22.11;3.9;7.59;43.53;121.53;502.69;-11.24;-33.85;-10.19;-77.72;-184.4;-375.22;7.28;8.96;3.93;33.47;79.83;288.88
2;0.73;-13.31;-1.81;1.89;6.96;-152.95;40.28;23.13;6.15;73.14;116.42;-26.74;-36.33;-32.93;-13.25;-59.01;-248.48;-327.49;19.43;13;4.41;32.21;92.63;109.44
2;6.65;-9.39;0.61;-38.01;-8.75;108.82;19.16;5.08;6.11;57.78;180.76;502.28;-9.91;-32.32;-11.66;-145.34;-195.73;-346.79;7.09;9.26;3.84;50.41;97.64;302.12
2;-0.17;-12.32;-1.98;9.28;24.57;-152.5;41.97;24.45;3.9;52.01;123.52;-20.91;-30.29;-32.61;-6.26;-33.15;-242.91;-314.45;18.29;12.09;2.72;22.38;92.67;98.01
2;8.77;-9.23;0.42;-41.21;-26.8;134.77;25.78;4.73;5.8;35.03;177.27;501.9;-4.55;-33.13;-11.1;-168.88;-191.22;-332.52;8.54;8.61;3.82;61.11;92.16;283.73
2;-0.05;-13.69;-1.63;4.09;35.2;-147.95;37.67;16.09;2.84;48.57;175.53;-41.27;-29.15;-32.14;-7.14;-29.94;-193.33;-286.43;18.55;10.57;2.9;21.1;91.27;83.95
2;6.87;-9.47;0.14;-38.19;-20.72;122.13;20.2;2.16;4.6;50.62;191.13;492.99;-7.96;-31.96;-8.42;-147.67;-160.58;-349.9;7.61;8.27;3.28;51.44;88.6;280.29
2;0.78;-12.82;-1.26;2.9;21.22;-145.71;39.42;17.95;2.92;52.89;206.32;-41.48;-25.38;-31.36;-6.05;-31.94;-210.41;-316.91;17.16;10.97;2.53;24;103.02;90.22
2;7.6;-9.55;0.34;-28.72;-4.55;124.3;23.01;4.6;7.18;38.96;221.85;500.61;-8.9;-33.11;-7.15;-108.75;-169.33;-328.78;8.57;9.11;3.91;38.14;99.58;279.08
2;0.39;-12.55;-1.92;7.43;11.21;-144.36;39.52;16.72;3.12;53.74;131.78;-5.14;-35.27;-31.37;-7.09;-25.92;-187.51;-307.72;18.23;10.96;2.87;22.23;93.24;103.36
2;7.69;-10.49;-0.22;-23.68;-16.48;124.71;31.24;3.17;9.52;33.47;126.83;500.73;-15.86;-35.69;-11.63;-104.53;-221.49;-407.37;9.73;9.45;5.62;42.96;98.11;287.79
2;-0.07;-12.79;-1.82;-5.14;35.47;-153.32;45.46;24.66;6.42;51.88;192.88;-27.38;-33.21;-29.45;-13.88;-76.82;-277.11;-294.61;18.14;11.94;4.14;29.3;111.9;95.66
2;8.14;-9.45;-0.31;-21.68;-26.63;126.97;23.87;4.45;5.36;47.64;173.27;501.66;-8.65;-33.55;-12.48;-111.68;-186.4;-327.43;8.59;9.15;4.15;43.22;81.98;285.48
2;0.85;-12.46;-1.28;1.22;30.74;-135.65;37.43;24.95;3.11;40.34;172.24;-24.55;-30.91;-29.73;-5.64;-47.18;-207.96;-278.62;18.08;12.57;2.34;23.37;98.86;88.37
2;8.18;-9.61;-0.51;-21.35;-21.42;110.32;20.05;2.41;6.2;45.14;220.32;471.52;-8.24;-31.01;-11.74;-106.94;-135.49;-373.81;8.07;8.3;4.29;40.37;84.21;271.76
2;-0.27;-13.3;-1.85;-1.86;35.27;-147.5;37.59;18.75;3.58;47.97;135.66;-27.34;-29.25;-32.15;-7.75;-47.01;-190.07;-293.69;17.08;11.42;3.3;24.16;88.36;90.31
2;8.8;-8.83;0.3;-34.99;-30.27;144.68;20.43;2.93;6.72;47.05;103.7;498.96;-7.68;-33.83;-15.59;-130.22;-161.36;-388.71;5.97;8.4;5.15;50.88;65.88;284.4
2;1.09;-12.36;-0.85;4.39;8.05;-143.02;41.83;24.84;5.59;53.64;176.68;-30.58;-26.03;-32.71;-6.26;-46.45;-221.13;-322.43;17.81;12.18;3.31;31.53;110.64;97.36
2;8.09;-10.16;-1.12;-18.35;2.28;112.22;22.36;1.54;5.49;33.88;218.32;501.31;-7.64;-35.02;-18.69;-98.3;-115.41;-396.83;7.23;8.2;5.26;40.2;95.78;294.17
2;0.19;-12.07;-1.29;4.2;22.12;-138.38;38.25;16.97;7.74;52.85;171.03;-20.57;-25.77;-30.31;-8.61;-44.07;-234.24;-285.18;17.05;10.6;3.71;26.92;103.51;92.42
2;7.9;-10.23;0.37;-31.24;-22.75;130.81;20.94;3.26;6.56;36.65;171.23;488.69;-11.68;-35.3;-12.48;-115.38;-137.19;-362.38;7.38;9.31;5.43;48.83;88.16;287.66
2;0.88;-12.28;-1.79;-3.31;30.56;-142.37;42.98;26.32;5.26;45.71;151.41;-21.62;-30.13;-32.76;-6.51;-45.38;-213.06;-307.09;18.73;12.57;3.32;25.01;92.47;94.85
2;7.64;-9.6;0.15;-37.82;-21.06;124.29;23.3;3.04;5.98;26.35;135.79;490.42;-10.05;-35.23;-16.46;-171.96;-138.42;-323.22;8.85;9.03;5.21;59.89;68.91;279.35
2;0.59;-12.41;-1.33;7.38;32.17;-135.19;36.25;17.38;5.07;44.86;208.26;-14.41;-34.16;-30.45;-6.82;-33.59;-184.01;-293.77;17.55;11.17;4;23.06;103.61;90
2;7.68;-10.41;-0.08;-17.38;-34.47;104.31;18.42;0.01;6.66;59.59;184.74;485.69;-8.68;-33.38;-10.85;-100.73;-211.89;-373.36;7.74;7.41;4.91;41.17;93.9;279.72
2;-0.17;-12.53;-1.85;-0.26;22.11;-148.2;38.14;26.51;3.4;38.7;134.54;-20.84;-32.39;-32.28;-6.27;-51.85;-149.67;-296.61;18;12.93;2.87;25.3;80.07;94.36
2;8.3;-9.11;0.89;-50.26;-13.29;130.75;21.19;1.63;7.37;25.89;165.4;476.89;-2.85;-31.69;-14.58;-157.56;-190.42;-355.39;5.67;8.88;4.79;61.13;91.34;274.43
2;0.56;-12.93;-1.3;7.52;12.86;-147.65;35.05;18.42;5.77;60.11;153.38;-19.15;-35.2;-30.33;-5.87;-34.44;-205.18;-303.09;18.78;11.45;3.16;29.19;111.75;98.62
2;8.27;-9.23;-0.52;-33.29;-8.32;128.17;19.46;1.36;5.91;22.46;256.25;475.72;-4.95;-30.26;-17.17;-95.84;-177.54;-409.4;5.9;8.54;5.21;38.29;129.55;283.1
2;0.05;-13.3;-1.42;11.98;40.48;-155.02;39.13;18.91;7.03;61.43;241.89;-17.6;-30.1;-31.13;-5.67;-26.3;-231.55;-317.92;17.62;10.92;3.77;27.31;110.18;100.03
2;7.8;-8.39;-0.42;-33.08;-27.87;133.59;23.88;5.6;10.5;40.69;207.94;497.94;-7.52;-35.07;-13.65;-105.49;-231.65;-364.14;8.29;9.21;4.6;37.82;118.66;287.38
2;0.1;-13.04;-1.22;12.9;25.88;-150.39;40.75;20.6;11.21;76.84;144.19;-31.87;-29.55;-31.44;-5.26;-43.53;-223.72;-313.25;18.75;11.36;3.09;23.44;90.85;94.18
2;7.28;-9.31;0.07;-33.48;-13.83;125.16;27.45;8.91;5.96;62.5;141.85;498.16;-14.46;-35.35;-10.08;-157.06;-185.36;-333.02;9.95;9.89;3.92;56.77;104.96;287.76
2;0.02;-12.91;-1.71;13.44;22.96;-154.75;41.31;24.4;5.3;62.74;179.46;-22.39;-38.47;-28.79;-7.16;-42.96;-228.07;-292.77;19.04;11.46;3.6;25.74;104.94;96.04
2;8.33;-8.83;0.15;-37.19;-20.78;130.87;24.7;4.82;7.17;39.21;112.21;490.22;-7.12;-34.35;-10.54;-143.99;-197.37;-327.3;7.89;8.75;3.67;52.78;92.2;275.53
2;0.36;-13.51;-1.29;5.21;32.44;-149.31;40.94;18;4.53;43.48;158.46;-34.79;-35.71;-32.47;-7.4;-39.15;-192.04;-289.79;19.39;11.28;3.14;22.09;89.74;86.64
2;7.8;-9.13;-0.17;-23.49;-18.28;127.82;17.87;3.09;9.21;38.5;179.82;487.65;-8.22;-29.75;-6.11;-105.51;-233.07;-363.61;7.71;8.26;3.51;39.88;104.15;273.74
2;-0.12;-13.78;-2.04;-2.78;17.78;-166.45;39.6;21.48;6.89;46.19;144.47;-38.67;-35.96;-32.95;-11.01;-47.94;-247.19;-314.18;19.34;11.82;4.02;23.64;97.99;94.95
2;9.22;-6.56;0.35;-25.02;-0.21;166.67;19.15;4.92;5.4;39.54;236.47;501.4;-2.07;-21.26;-8.59;-89.47;-156.92;-243.78;6.27;7.77;3.39;38.53;106.17;274.68
2;-0.96;-14.7;-2.26;-2.77;32.84;-156.71;37.06;20.71;10.68;46.27;282.18;-8.69;-40.12;-33.52;-18.96;-99.03;-198.96;-329.02;19.8;11.99;5.73;39.02;119.92;98.8
2;7.36;-8.61;-1.03;-7.49;-19.92;101.42;25.12;8.24;5.7;62.13;245.37;494.42;-16.92;-35.94;-9.38;-104.98;-230.42;-319.43;10.41;10.06;4.07;49.51;111.5;285.2
2;-0.37;-12.81;-2.5;7;41.34;-129.32;40.77;27.56;5.25;52.13;165.02;0.47;-33.95;-26.63;-7.16;-48.99;-230.48;-267.19;18.68;11.91;3.33;24.67;95.31;90.91
2;7.89;-8.79;0.73;-32.44;-28.49;104.7;24.95;4.21;7.4;48.07;108.58;458.59;-13.67;-32.23;-9.63;-168.93;-165.82;-282.47;9.04;8.58;3.8;63.35;79.6;262.78
2;0.26;-12.97;-1.99;12;34.37;-129.43;35.65;16.5;2.78;64.98;203.42;-20.28;-37.35;-28.58;-7.66;-42.45;-187.19;-246.09;18.1;10.65;3.01;27.08;109.79;80.4
2;7.61;-9.1;-0.22;-28.36;-9.93;124.26;18.98;0.97;4.21;42.58;140.18;472.32;-11.6;-32.66;-10.36;-123.36;-143.74;-342.41;7.5;7.43;3.79;44.8;75.43;263.69
2;0.65;-12.18;-1.25;12.84;19.32;-134.08;40.41;17.65;6.28;51.66;119.19;-12.05;-23.72;-25.67;-7.5;-27.72;-229.37;-288.78;16.03;9.52;3.11;23.38;88.41;90.66
2;7.71;-9.63;-0.4;-29.76;-30.84;119.53;18.05;0.06;6.78;28.52;57.52;478.28;-9.13;-34.07;-16.41;-122;-115.71;-358.67;7.26;8.41;5.57;46.71;51.09;275.98
2;1.47;-11.74;-0.69;3.32;15.36;-130.33;34.99;22.68;6.28;58.92;156.93;-15.29;-30.52;-27.83;-4.38;-45.37;-224.37;-289.48;17.19;11.71;3.76;28.59;100.77;97.06
2;7.21;-9.94;0.57;-46.48;-7.55;112.59;18.5;-1.04;8.74;29.2;181.77;450.33;-7.79;-33.82;-10.51;-146;-157.1;-342.44;6.55;7.06;3.89;53.79;96.03;257.42
2;0.94;-11.76;-1.3;14.15;16.69;-130.42;36.13;18.45;7.95;59.09;141.9;-11.65;-28.75;-24.46;-5.26;-34.87;-192.64;-293.62;15.83;9.74;2.84;23.76;91.09;93.01
2;7.11;-9.73;-0.12;-36.08;-14.76;114.55;21.74;2.58;6.27;26.25;120.91;468.6;-13.42;-32.76;-11.67;-128.84;-185.54;-333.88;8.43;8.75;4.43;44.15;94.54;265.61
2;0.91;-11.98;-1.5;11.09;13.31;-130.55;41.52;24.03;4.23;68.97;175.38;-8.48;-30.2;-26.94;-8.21;-43.5;-258.88;-282.41;17.16;11.39;3.7;30.11;110.32;91.68
2;7.87;-9.28;0.35;-34.55;-12.49;121.58;18.49;1.1;7.56;53.57;129.44;455.23;-8.03;-34;-12.02;-131.14;-159.77;-377.24;7.42;8.6;4.66;52.58;75.99;262.89
2;0.65;-12.43;-0.85;12.18;19.05;-135.85;39.67;20.75;9.05;68.12;110.83;-27.35;-22.74;-26.82;-6.02;-50.29;-212.51;-294.17;16.14;10.68;3.53;31.89;87.47;94.05
2;7.86;-9.32;-0.04;-35.95;-10.18;109.75;18.87;1.95;8.77;29.52;151.13;472.56;-3.59;-35.16;-12.28;-134.42;-204.76;-311.59;6.44;8.27;4.37;49.51;99.34;264.55
2;0.21;-13.08;-1.21;16.83;21.64;-140.97;31.82;14.7;11.11;55.3;117.84;-30.94;-27.27;-27.1;-6.76;-39.15;-188.02;-272.58;15.66;9.72;3.42;22.17;86.47;83.91
2;8.21;-8.7;0.03;-34.41;-18.81;127.97;17.12;2.82;9.5;31.4;127.71;475.36;-3.43;-34.16;-11.91;-109.23;-243.94;-316.14;5.68;9.18;3.89;40.65;97.28;261.09
2;0.24;-13.22;-1.39;10.8;46.77;-138.13;29.84;17.94;8.46;71.02;165.17;-20.49;-29.41;-27.67;-7.13;-47.61;-142.69;-277.05;16.06;10.58;3.33;26.95;88.37;86.45
2;6.95;-8.57;-0.75;-17.52;-22.81;119.36;20.04;7.35;3.64;37.62;171.86;493.91;-13.57;-31.82;-8.12;-89.57;-160.07;-289.94;8.34;9;3.4;39.67;86.63;275.99
2;0.81;-12.1;-2.06;13.12;31.55;-129.07;39.01;16.86;4.3;61.65;215.14;-10.59;-32.53;-25.64;-11.75;-36.61;-233.34;-276.77;17.17;10.14;3.63;29.55;115.64;87.89
2;7.34;-9.3;0.12;-22.06;-20.02;113.82;20.38;4.67;6.89;85.61;95.65;463.1;-11.31;-33.82;-11.85;-135.46;-164.29;-337.75;8.43;8.97;4.3;53.61;76;265.95
2;0.91;-12.2;-1.43;9.14;22.94;-136.08;40.04;28.28;4.16;66.73;129.64;-33.73;-28.16;-27.91;-6.08;-52.19;-216.75;-275.6;16.93;12.63;2.68;25.34;86.29;84.69
2;7.02;-9.18;0.31;-33.76;-11.55;123.8;23.66;4.96;11.18;34.69;116.84;470.9;-15.92;-34.57;-7.43;-164.05;-200.15;-333.15;10.02;8.47;4.35;61.78;85.37;267.48
2;1.29;-12.67;-1.54;9.14;27.39;-140.09;41.12;28;6.87;86.9;172.26;-18.28;-29.75;-27.31;-7.28;-49.31;-237.96;-301.89;17.26;11.6;3.63;29.46;102.08;97.6
2;7.88;-7.48;0.82;-52.25;-9.6;144.65;23.99;2.76;6.01;17.88;130.62;485.5;-11.01;-15.39;-7.96;-186.53;-237.25;-228.02;9.9;6.97;3.89;63.6;96.26;252.52
2;-0.07;-13.7;-1.27;15.61;5.56;-151.55;38.85;23.27;9.96;83.2;108.28;-5.71;-35.75;-35.82;-7.18;-55.72;-214.8;-338.85;18.75;12.55;3.82;32.45;105.2;103.46
2;6.95;-8.26;-0.21;-29.48;-25.87;97.72;25.79;17.98;10.29;90.54;103.43;480.5;-14.03;-34.93;-11.24;-159.57;-239.2;-301.55;9.15;10.05;4.35;59.82;97.9;280.82
2;0.75;-12.86;-2.19;7.29;45.5;-128.78;38.44;21.13;3.34;55.1;216.54;-7.73;-34.27;-23.76;-9.24;-31.36;-162.08;-266.95;17.03;9.41;2.49;23.46;95.24;88.74
2;6.8;-8.94;-0.24;-20.54;-29.03;120.4;21.78;4.61;6.91;43.43;162.89;460.01;-10.97;-35.25;-9.65;-92.2;-224.08;-318;8.21;8.93;3.98;42.89;99.54;265.6
2;1.24;-12.28;-1.69;3.04;32.08;-126.46;38.53;20.73;4;61.94;211.13;10.17;-34.76;-29.63;-6.96;-43.1;-199.24;-265.84;17.57;10.64;3.24;25.51;99.4;94.85
2;7.11;-8.53;-0.17;-29.94;-23.9;111.19;21.49;5.39;5.42;35.77;186.12;452.89;-11.08;-28.45;-12.1;-138.65;-147.77;-311.16;7.76;7.95;4.55;53.97;75.05;258.47
2;0.43;-12.41;-0.99;8.75;28.74;-125.07;28.11;12.37;5.99;58.43;167.1;2.71;-28.42;-25.88;-7.27;-45.91;-192.07;-260.96;15.61;9.36;3.94;26.57;97.17;93.21
2;7.38;-8.71;-0.21;-30.32;-20.35;112.54;19.24;2.51;6.07;38.89;118.71;443.87;-4.03;-34.03;-11.85;-126.7;-178.15;-327.48;6.9;8.11;4.03;46.36;86.64;247.66
2;1.01;-12.23;-0.55;14.55;15.3;-127.42;34.2;7.89;7.53;58.04;153.21;-14.31;-25.26;-26.25;-5.45;-27.27;-162.15;-278.09;15.06;8.37;3.05;22.91;93;86.21
2;7.27;-9.08;-0.33;-22.95;1.27;106.68;18.43;2.2;4.53;42.53;156.43;455.05;-15.25;-26.4;-8.16;-110.39;-130.32;-326.77;7.65;8.41;3.9;43.83;77.21;261.28
2;0.86;-12.63;-1.08;9.37;4.49;-126.12;40.13;11.03;4.4;44.49;209.7;-21.95;-28.01;-23.45;-7.68;-26.8;-281.86;-261.38;16.33;8.01;2.9;21.15;111.01;86.3
2;6.91;-8.8;0.32;-37.33;-0.1;114.86;17.15;2.86;8.02;27.23;188.4;444.16;-7.64;-32.83;-15.65;-125.82;-203.37;-335.7;6.68;8.73;5.14;45.98;99.76;254.87
2;0.87;-11.29;-0.75;23.3;16.64;-118.54;28.51;17.11;13.19;93.48;136.72;1.75;-25.82;-24.06;-5.67;-25.93;-188.41;-256.77;15.14;9.5;4.16;28.01;88.52;95.8
2;6.44;-9.5;0.07;-35.26;-13.31;93.44;20.95;3.49;14.11;51.62;134.6;452.72;-10.2;-35.53;-9.31;-120.59;-204.7;-317.14;7.47;8.51;4.2;40.72;100.3;256.55
2;0.99;-11.57;-1.73;21.79;20.04;-130.06;35.18;17.96;12.22;76;153.34;0.04;-29.54;-24.11;-6.55;-32.39;-197;-273.71;16.39;10.08;3.56;26.57;97.92;95.12
2;7.03;-9.21;-0.17;-35.96;-33.12;98.14;24.54;6.85;5.7;54.66;153.83;476.85;-8.79;-34.59;-10.38;-136.19;-204.01;-310.59;8.06;8.69;3.71;43.49;100.99;269.52
2;0.25;-12.25;-1.42;7.35;34.72;-120.95;36.87;22.62;6.01;61.59;196.71;5.89;-36.43;-27.43;-5.98;-41.25;-149.33;-260.31;17.68;11.01;3.04;28.3;95.72;92.12
2;6.9;-9.64;0.04;-34.82;-3.47;112.09;20.7;3.04;9.11;34.16;100.43;450.1;-11;-35.48;-12.32;-157.56;-135.58;-337;7.47;8.15;4.55;57.94;69.75;261.11
2;0.66;-11.94;-1.57;13.61;11.95;-131.97;34.05;21.99;10.43;73.2;121.99;-12.72;-26.67;-23.69;-7.12;-45.19;-225.85;-294.48;15.32;10.44;3.75;27.39;88.89;96.28
2;6.98;-9.31;0.36;-26.66;-24.1;121.93;24.96;5.06;13.19;88.83;97.37;480.65;-14.6;-33.93;-10.62;-131.78;-176.82;-318.63;9.84;9.57;4.8;48.94;71.49;277.69
2;1.52;-11.41;-1.21;7.76;17.29;-131.58;39.58;28.71;3.82;66.95;157.05;-8.38;-34.67;-25.29;-5.02;-57.55;-231.47;-276.41;17.32;12.06;3.29;27.63;103.54;98.32
2;7.71;-9.05;-0.36;-23.82;-9.97;119.52;22.13;5.55;9.79;35.44;123.74;457.41;-8.99;-35.55;-12.2;-130.27;-148.09;-333.55;8.35;9.63;5.01;47.11;72.69;266.35
2;0.99;-12.05;-1.55;6.92;25.12;-124.49;31.68;21.15;5.46;75.98;173.12;9.81;-32.26;-24.87;-7.56;-45.88;-153.57;-267.74;15.96;11.03;3;30.44;88.14;102.05
2;7.28;-8.12;0.09;-32.89;-9.67;112.85;21.09;5.63;10.68;42.72;123.14;437.95;-6.58;-34.04;-13.4;-128.73;-182.29;-303.88;7.53;10.12;4.72;52.61;72.86;254.92
2;0.68;-11.98;-1.21;14.99;34.3;-118.16;27.08;18.11;13.85;93.32;209.8;15.98;-31.28;-25.87;-7.2;-52.73;-233.62;-240.1;15.36;10.39;3.88;29.79;106.16;90.73
2;7;-8.64;-0.65;-32.14;-40.88;116.28;20.5;1.52;4.93;41.88;88.59;424.61;-12.07;-33.76;-15.47;-127.59;-159.88;-306.26;8.06;8.15;4.8;46.85;64.05;243.33
2;1.05;-12.01;-0.78;5.32;27.27;-122.75;33.02;17.62;8.75;65.56;214.9;8.03;-31.39;-27.07;-7.47;-52.57;-243.08;-261.66;15.6;10.21;3.39;29.35;109.49;94.17
2;6.71;-8.93;0.42;-32.4;-16.05;112.6;20.11;1.23;6.38;53.84;145.04;417.44;-9.2;-30.78;-8.73;-138.37;-126.71;-387.42;7.12;7.96;4.31;52.78;76.92;248.31
2;1.37;-11.52;-1.25;4.39;25.05;-118.92;38.14;24.4;6.27;66.94;193.93;3.56;-25.08;-25.52;-6.46;-64.66;-201.02;-273.5;15.11;11.37;3.4;25.25;91.24;98.56
2;6.31;-9.33;0.39;-37.45;-32.32;102.46;16.61;0.29;8.12;39.76;166.6;435.4;-5.12;-34.39;-11.51;-131.43;-176.15;-333.61;6.15;7.34;3.98;51.73;92.06;244.22
2;1.39;-11.3;-0.91;9.25;37.48;-116.45;35.05;14.96;7.65;39.37;159.59;2.84;-23.86;-24.55;-5.41;-38.47;-186.92;-268.61;14.88;8.85;2.48;20.58;78.44;92.26
2;6.24;-9.16;0.34;-44.6;-13.46;96.02;19.12;3.44;7.08;21.27;147.02;427.47;-3.71;-33.09;-11.97;-152.85;-232.64;-319.39;6.63;7.55;4.03;53.04;110.06;240.02
2;0.96;-12.05;-0.64;18.45;12.87;-126.27;27.6;16.13;10.37;76.12;144.31;-12.8;-27.71;-24.29;-5.39;-27.51;-166.43;-273.97;14.54;9.04;3.18;22.83;87.22;90.26
2;7.16;-9.23;-0.5;-32.19;-4.13;112.4;19.52;3.31;8.63;43.12;135.24;458.55;-14.11;-36.5;-16.89;-112.79;-200.87;-319.61;7.37;9.42;5.3;46.1;106.12;256.31
2;0.65;-11.41;-0.78;19.36;12.76;-124.61;37.87;17.2;15.61;93.01;172.77;-7.5;-25.15;-25.47;-7.55;-36.6;-306.88;-266.98;15.13;9.41;4.7;31.35;105.44;92.12
2;7.35;-8.94;-0.17;-32.36;-19.45;115.74;15.14;0.23;9.13;36.63;107.94;423.09;-7.17;-32.59;-12.95;-98.88;-168.55;-339.85;5.88;8.59;4.39;41.69;69.3;242.94
2;1.12;-11.89;-1.11;10.25;33.07;-121.62;33.22;14.23;9.6;67.28;183.77;-10.09;-28.37;-23.16;-6.5;-37.49;-194.71;-254.85;14.8;8.8;3.5;27.48;96.83;91.4
2;6.99;-9.18;-0.02;-16.69;-34.83;108.44;20.94;5.69;8.6;47.24;92.73;430.67;-7.51;-36.03;-11.8;-111.91;-138.73;-354.38;7.88;10.18;5.3;44.37;59.4;256.45
2;0.95;-11.59;-1.18;-1.3;36.89;-120.18;33.8;21.54;5.14;75.57;207.3;7.49;-30.12;-25.92;-5.34;-59.14;-176.17;-257.71;15.93;10.68;3.31;25.22;91.12;92.93
2;6.84;-9.36;-0.29;-18.37;-38.77;103.21;26.63;5.68;7.73;34.88;170.23;461.53;-8.03;-33.16;-12.74;-150.69;-152.4;-310.2;9.73;9.16;5.36;54.6;88.07;259.35
2;1.62;-11.41;-0.83;-3.25;24.55;-121.87;26.11;19.29;4.78;51.14;196.39;3.54;-32.5;-25.63;-5.6;-51.74;-135.95;-280.27;14.84;10.14;3.05;27.3;90.53;96.82
2;6.77;-8.69;0.37;-29.5;-23.2;92.5;17.65;1.58;6.42;49.9;111.34;448.78;-8.58;-34.99;-15.28;-123.48;-181.26;-319.62;5.86;8.59;5.14;49.83;74.49;260.97
2;0.49;-12.51;-1.47;0.64;66.25;-121.83;29.99;18.86;6.49;41.2;273.96;20.28;-33.47;-27.14;-5.9;-46.92;-124.15;-250.79;16.26;10;3.29;19.33;99.97;93.39
2;6.96;-8.39;0.58;-34.42;-47.17;94.9;37.55;6.5;5.58;65.84;88.57;438.33;-18.45;-32.2;-12.73;-123.98;-196.05;-315.8;8.89;7.71;3.83;47.89;83.23;250.86
2;-0.72;-13.46;-1.22;11.87;41.87;-132.84;37.82;15.15;7.45;75.87;191.4;2.25;-36.02;-26.6;-7.86;-36.48;-81.4;-260.55;16.08;8.91;4.13;26.74;75.69;90.54
2;8.38;-6.03;0.22;-31.24;1.55;156.94;23.35;4.6;7.22;74.38;157.8;482.8;-8.92;-14.77;-8.33;-152.84;-225.79;-204.98;7.35;6.11;4.29;63.63;101.7;243.14
2;0.9;-13.12;-1.18;1.78;19.14;-140.43;31.35;19.66;6.98;56.39;185.32;-9.61;-27.21;-36.13;-11.71;-96.17;-234.65;-338.55;15.62;10.64;3.53;31.66;107.29;97.75
2;5.46;-8.88;0.23;-33.89;-27.88;85.24;21.44;2.93;5.76;85.98;162.64;456.59;-20.38;-35.71;-11.1;-157.84;-239.27;-297.17;9.27;8.07;3.54;57.71;98.39;255.47
2;1.02;-11.95;-1.57;11.34;40.57;-123.98;36.2;18.39;3.82;44.39;159.97;18.05;-32.07;-24.72;-6.4;-25.98;-173.66;-266.51;16.58;9.62;2.73;20.17;80.35;96.91
2;6.92;-8.33;-0.09;-19.53;-34.85;96.46;18.52;4.66;10.17;50.43;66.08;454.82;-10.77;-33.84;-14.12;-104.34;-151.7;-288.26;6.22;9.05;4.52;44.11;66.71;257.73
2;0.72;-11.93;-1.62;7.05;48.91;-114.99;22.24;16.81;7.86;48.12;237.17;7.22;-33.25;-25.04;-9.49;-47.86;-131.01;-247.14;14.98;9.13;3.02;22.78;100.95;86.82
2;6.94;-8.1;0.32;-17.74;-34.18;104.63;20.19;6.2;7.41;60.18;70.04;423.66;-9.59;-34.07;-9.71;-97.99;-141.36;-278.53;7.22;10.37;4.45;45.49;47.38;244.05
2;0.65;-11.96;-1.31;8.17;25.44;-119.48;26.35;17.27;5.08;52.58;149.51;6.51;-30.69;-24.61;-5.1;-42.29;-154.38;-246.04;15;9;2.71;22.22;87.46;88.2
2;6.36;-8.58;-0.15;-22.93;-23.34;92.23;18.4;3.44;7.05;55.54;96.09;456.9;-14.32;-35.57;-12.02;-112.54;-205.96;-304.53;7.08;8.45;4.31;46.99;72.65;259.53
2;0.79;-12.69;-1.18;-1.54;57.06;-133.31;35.81;21.03;5.71;56.8;224.88;16.53;-25.47;-28.15;-6.85;-41.04;-208.15;-265.98;14.78;9.63;3.58;25.02;99.55;91.69
2;8.12;-6.13;0.83;-32.68;-22.66;153.21;20.56;4.14;5.26;57.28;97.87;432.91;-16.09;-18.24;-8.83;-123.12;-132.16;-198.72;6.36;6;3.13;56.63;65.33;217.48
2;0.85;-13.71;-0.86;3.56;15.48;-133.12;33.09;13.68;5.43;33.75;160.93;-2.99;-26.03;-35.32;-5.64;-51.38;-208.54;-300.74;15.48;9.8;3.11;23.57;90.34;92.15
2;6.36;-8.36;-0.09;-16.94;-21.6;86.56;21.06;6.85;7.32;43.13;158.95;436.89;-13.93;-35.84;-11.35;-111.07;-161.78;-281.16;7.66;8.9;4.4;48.6;62.96;248.32
2;0.72;-12.24;-1.89;5.67;41.59;-121.29;28.38;16.36;3.59;39.15;180.95;-8.98;-30.05;-24.13;-9.7;-45.74;-159.92;-252.99;13.81;8.48;2.96;21.11;81.18;83.39
2;6.9;-7.93;0.83;-24.35;-28.27;110.54;19.59;4.62;7.15;62.26;77.62;432.97;-8.39;-32.57;-8.6;-113.57;-164.11;-274.4;6.33;8.55;4.41;47.55;77;241.87
2;1.02;-12.08;-1.35;7.13;30.2;-118.69;26.86;15.05;3.44;43.3;162.48;-7.3;-24.73;-23.68;-4.84;-45.33;-151.91;-251.57;13.86;8.23;2.46;22.56;81.36;83.5
2;6.75;-8.76;0.18;-31.4;-25.35;98.54;18.68;2.95;6.02;45.57;120.06;448.95;-8.43;-33.06;-8.89;-120.14;-160.61;-270.53;6.77;8.95;3.59;46.47;73.97;246.58
2;1.11;-12.15;-1.47;7.23;35.98;-121.73;28.23;12.01;3.72;43.83;171.95;-20.13;-27.6;-23.25;-8.18;-37.43;-139.43;-247.75;13.29;8.15;3.07;24.35;78.91;78.38
2;7.08;-8.37;-0.16;-22.86;-17.38;106.31;20.05;4.28;14.03;90.33;89.59;461.86;-9.41;-35.67;-13.06;-108.23;-206.2;-297.68;6.6;8.7;4.85;47.74;69.54;261.08
2;1.11;-11.38;-1.74;13.77;40.52;-113.19;24.5;20.6;9;63.65;180.28;-3.59;-26.82;-26.37;-4.74;-58.82;-136.22;-250.37;13.87;9.93;2.73;28.88;94.18;81.87
2;6.84;-8.47;-0.43;-19.54;-19.49;108.68;17.68;2.57;6.59;29.84;133.99;436.08;-9.34;-29.63;-8.4;-88.72;-191.94;-288.97;6.5;7.07;4.31;37.78;85.43;244.31
