label;gyro_z_avg;gyro_x_avg;acc_y_stdev;gyro_z_stdev;gyro_x_stdev;acc_x_min;acc_z_min;gyro_z_min;gyro_x_min;acc_z_max;gyro_z_max;acc_x_max;acc_y_avg;gyro_x_max;gyro_y_avg;gyro_y_stdev;acc_z_stdev;acc_x_stdev;gyro_y_min;acc_y_min;gyro_y_max;acc_y_max;acc_x_avg;acc_z_avg
0;-120.55;-21.05;7.59;74;23.14;-7.6;-9.41;-239.92;-77.11;20.36;11.04;20.05;-12.55;54.02;0.21;96.16;5.54;6.44;-258.12;-31.42;153.28;9.77;1.91;0.32
0;-118.95;-16.52;6.56;64.2;29.76;-7.67;-10.68;-276.49;-70.16;10.55;-20.41;21.06;-12.94;71.73;0.01;110.4;4.18;7.33;-209.72;-29.44;201.71;6.2;2.02;-0.05
0;-116.43;-20.09;6.72;65.91;19.86;-7.06;-8.38;-250.38;-78.86;14.41;4.44;17.93;-12.61;36.44;7.07;82.36;4.57;6.06;-192.64;-26.61;168.44;5.03;2.28;0.17
0;-114.29;-22.09;6.49;70.69;23.56;-6.51;-9.16;-238.61;-78.52;14.79;16.75;21.13;-12.41;28.99;8.76;92.98;4.77;6.75;-208.43;-26.51;179.39;5.32;2.39;-0.15
0;-116.12;-20.83;6.2;70.4;13.98;-8.43;-8.09;-243.43;-63.97;9.72;57.52;14.33;-12.49;16.92;3.87;75;3.93;6.03;-200.75;-24.99;144.96;3.69;2.42;0.07
0;-50.68;-23.05;6.36;177.15;34.86;-5.28;-8.66;-317.28;-94.7;17.67;500.13;18.2;-11.36;78.33;0.5;88.21;5.16;7.51;-177.69;-26.86;208.3;7.89;6.15;-0.8
0;76.24;7.96;6.72;259.53;48.1;-3.86;-6.75;-275.3;-68.7;7.63;498.58;18.03;-10.27;73.51;18.34;88.33;3.1;5.69;-161.96;-24.85;177.75;-0.49;5.93;-1.15
0;-108.2;-22.18;6.24;67.14;17.36;-7.93;-6.73;-213.44;-55.52;12.67;-10.44;17.99;-11.55;25.29;10.04;76.76;3.96;7.03;-155.66;-24.59;146.01;7.64;2.6;0.35
0;34.81;11.46;5.59;238.75;57.73;-5.55;-7.64;-302.27;-74.12;6.86;483.87;17.51;-11.24;134.96;19.84;88.22;3.3;5.86;-158.05;-22.37;253.82;0.41;4.3;-0.92
0;-61.58;-25.74;5.39;181.35;35.49;-6.13;-9.58;-292.15;-100;19.75;500.43;19.3;-11.84;97.31;5.71;110.87;5.6;7.4;-237.07;-23.1;254.5;4.96;4.67;-0.26
0;-51.17;-15.66;3.53;184.62;28.99;-7.49;-6.5;-277.88;-69.58;9.63;504.23;16.77;-11.54;84.02;4.4;107.38;3.56;7.22;-223.18;-17.9;261.74;-2.25;5.08;-0.26
0;102.13;12.43;6.77;264.72;65.69;-4.95;-7.33;-275.77;-92.91;9.57;500.24;17.05;-10.42;119.07;12.59;75.18;2.84;5.57;-112.72;-30.54;175.76;-2.35;7.26;-2.05
0;-108.87;-18.36;7;64.74;31.54;-5.19;-9.55;-202.02;-69.48;15.11;-10.89;22.51;-11.22;44.12;-3.6;99.62;4.91;8.1;-212.95;-24.18;172.98;9.4;3.52;0.26
0;-91.95;-23.33;7.45;54.94;16.92;-6.67;-7.97;-234.97;-39.53;13.51;0.71;19.77;-10.76;35.46;-11.47;68.33;4.17;6.32;-190.63;-28.11;43.06;9.26;3.9;0.03
0;-95.66;-21.54;4.27;50.85;14.27;-5.95;-5.24;-221.19;-45.73;12.98;-25.19;16.5;-11.35;21.17;-15.97;74.69;4.34;5.66;-197.47;-20.84;109.84;0.19;3.83;0.55
0;-93.36;-23.87;6.16;53.89;13.07;-7.39;-7.68;-210.59;-50.76;14.53;-3.19;16.65;-11.22;13.03;-14.29;56.16;4.29;6.06;-163.9;-25.9;64.64;6.31;3.51;0.42
0;-89.91;-32.86;5.08;59.92;20.42;-5.85;-6.81;-261.74;-110.08;12.55;-2.42;17.73;-11.58;12.27;-8.4;82.44;4.14;6.1;-221.7;-22.42;124.78;1.72;4.13;0.14
0;-99.74;-27;6.37;60.78;14.8;-5.6;-6.37;-260.34;-50.97;12.78;-18.17;15.1;-11.35;-3.1;-18.83;69.48;4.21;5.87;-242.9;-25.17;65.75;6.22;4.84;0.45
0;-95.97;-25.93;6.07;59.7;18.25;-4.74;-8.48;-267.2;-59;14.56;-3.66;18.86;-11.28;25.62;-12.77;80.17;4.48;6.41;-181.18;-23.97;94.82;5.93;4.4;0.24
0;-100.38;-32.03;7.54;61.14;27.01;-5.71;-7.08;-272.14;-79.4;16.76;-6.07;18.93;-11.39;41.23;-4.14;83.6;4.92;6.43;-183.9;-27.24;122.07;9.88;4.89;0.25
0;19.9;-15.06;5.1;211.59;35.02;-2.3;-5.63;-184.56;-56.65;3.89;503.07;19.38;-10.04;72.47;-31.83;95.9;2.5;6.42;-223.75;-23.53;113.14;1.69;10.11;-1.6
0;29.43;1.21;5.31;231.63;51.71;-5.09;-7.19;-255.35;-73.52;7.56;476.37;16.36;-11;109.54;20.76;77.67;3.2;5.41;-166.94;-25.82;204.58;-1.18;4;-1.03
0;-60.97;-25.89;5.61;174.19;33.93;-4.59;-6.41;-273.68;-97.1;11.78;496.99;23.22;-11.69;83.85;10.09;110.19;3.77;7.94;-291.28;-28.71;206.29;6.66;5.02;-0.48
0;119.37;14.5;4.29;242.44;55.09;-0.14;-6.86;-262.93;-80.68;0.93;447.74;17.29;-9.05;106.3;-4.2;82.02;1.87;4.82;-153.52;-21.09;144.33;-3.35;7.47;-2.19
0;-113.56;-29.81;4.95;63.78;11.9;-7.34;-5.12;-234.59;-58.31;10.96;-20.25;13.96;-12.4;-2.48;13.88;74.66;3.75;6.12;-174.93;-22.53;129.7;0.66;2.03;0.79
0;-13.68;-23.78;7.84;216.83;43.45;-4.26;-11.76;-306.16;-105.48;20.63;500.52;26.92;-10.68;88.57;-18.47;138.55;6.47;9.05;-311.93;-28.73;193.78;7.95;8.09;-1.08
0;26.94;1.74;5.77;246.88;59.57;-8.16;-8.33;-294.73;-122.26;6.57;499.01;15.25;-11.48;125.57;12.2;60.7;3.08;5.93;-140.34;-30.36;116.03;-0.79;3.8;-0.98
0;-77.89;-27.62;5.1;156.79;30.53;-9.05;-8.64;-237.01;-75.99;14.37;493.66;17.93;-12.44;90.16;15.26;82.87;4.72;7.47;-223.58;-24.24;141.61;1.31;4.45;-0.68
0;-73.3;-12.46;5.35;133.62;32.29;-6.24;-7.75;-238.23;-66.7;10.29;342.71;17.82;-11.46;102.77;7.14;72.13;3.49;5.56;-168.23;-22.24;115.71;2.25;2.59;-0.09
0;-73.43;-20.99;7.18;132.98;36.43;-7.44;-12.33;-285.43;-102.86;19.85;330.7;23.27;-11.62;87.22;11.89;96.88;5.4;6.85;-297.03;-28.66;155.21;8.54;2.68;0.07
0;-74.22;-10.65;6.09;139.82;31.97;-8.07;-6.84;-256.04;-61.54;13.79;352.32;20.88;-11.76;104.02;-2.7;76.95;4.06;6.46;-218.31;-25.53;125.22;2.79;2.4;0.08
0;-73.44;-15.42;5.27;134.6;35.09;-7.74;-7.5;-272.95;-87.86;9.95;325.59;14.21;-11.58;105.81;11.91;65.28;3.44;5.61;-147.65;-23.46;137.03;-0.38;2.74;-0.32
0;-68.5;-11.73;6.01;138.52;36.75;-8.17;-7.69;-256.39;-60.25;9.88;351.45;18.71;-11.47;120.34;10.11;82.11;3.64;6.04;-222.84;-27.11;138.09;4.9;2.56;-0.26
0;-62.63;-13.39;6.95;151.31;39.76;-11.83;-8.69;-238.4;-61.02;13.05;357.72;17.54;-11.26;122.61;17.37;59.73;4.06;6.71;-124.14;-26.99;131.6;7.83;2.9;-0.25
0;-84.78;-20.33;6.41;115.1;24.99;-6.14;-7.07;-247.02;-82.43;11.79;296.85;15.74;-11.88;48.14;13.9;83.66;3.9;5.91;-217.76;-27.74;125.47;3.36;2.38;0.07
0;-86.44;-13.98;5.87;122.31;28.21;-7.99;-7.9;-321.13;-77.06;15.23;295.86;17.51;-11.93;75.78;3.26;88.79;4.39;6.56;-224.9;-22.85;113.9;4.89;2.43;-0.05
0;-75.28;-10.03;6.75;138.65;31.73;-7.57;-7.28;-234.89;-54.18;16.14;327.08;20.44;-11.75;97.62;-3.33;81.25;4.5;6.56;-244.61;-29.03;140.85;4.99;2.2;0.18
0;-65.99;-17.02;7.54;152.52;42.74;-9.76;-8.78;-244.62;-98.15;16.18;358.19;15.02;-11.53;133.01;12.32;76.43;4.53;5.63;-185.68;-32.11;161.35;7.55;2.45;0.08
0;-72.11;-11;6.88;140.04;30.71;-6.5;-7.31;-237.62;-49.3;9.63;338.83;20.89;-11.41;83.92;7.44;72.45;3.5;6.42;-197;-26.38;109.06;6.53;2.94;-0.15
0;-83.58;-15.47;5.77;131.97;30.55;-9.25;-6.98;-286.34;-85.5;13.69;312.45;16.52;-11.81;93.02;8.46;63.4;4.25;6.02;-194.26;-22.65;96.52;3.13;2.33;0.07
0;-76.14;-18.1;7.05;126.89;30.96;-6.31;-9.18;-230.26;-84.93;15.34;315.66;16.77;-11.53;81.39;5.87;76.77;4.24;5.92;-222.81;-28.78;130.18;7.39;2.74;0.18
0;-84.25;-16.62;6.06;126.27;28.86;-11.16;-7.74;-276.79;-96.89;15;302.14;20.11;-11.97;80.34;5.46;81.69;4.45;6.51;-264.75;-26.26;122.09;4.08;2.41;0.09
0;-72.51;-18.27;6.88;145.69;22.36;-10.86;-8.14;-258.13;-67.96;15.03;391.12;16.85;-11.43;52.98;6.94;91.21;4.45;7.14;-207.98;-27.63;220.21;2.68;2.27;0.23
0;-76.65;-20.73;7.28;118.41;30.85;-6.54;-9.94;-276.39;-81.66;21.21;311.27;20.22;-11.39;51.5;20.99;101.07;5.31;6.2;-244.18;-29.1;207.34;6.45;3.06;0.17
0;-94.86;-15.42;6.19;110.55;23.93;-10.13;-7.56;-264.42;-70.73;14.94;253.12;20.13;-12.18;63.74;0.34;83.87;4.14;6.98;-255.32;-27.91;122.38;2.52;2.36;0.15
0;-60.27;-19.88;5.08;185.96;29.35;-10.7;-5.36;-321.47;-99.61;11.12;502.05;22.29;-12.11;72.45;13.07;93.06;3.47;8.03;-229.14;-24.6;195.73;3.1;4.31;-0.07
0;-86.72;-14.9;7.29;125.28;32.39;-8.61;-9.29;-278.46;-95.85;16.37;302.11;18.89;-12.02;84.07;4.94;87.46;4.78;6.84;-280.08;-31.87;150.14;8.07;2.34;0
0;-87.28;-17.33;6.53;120.18;31.87;-9.71;-7.95;-238.83;-84.88;12.99;294.35;15.94;-12.09;108.78;14.86;68.07;4.06;6.22;-200.3;-27.95;106.44;5.41;2.24;-0.19
0;-58.06;-21.66;5.49;182.95;33.61;-11.06;-7.27;-270.21;-78.51;12.91;501.58;19.44;-11.86;101.51;18.18;94.9;4.09;7.79;-231.47;-26.6;225.73;4.09;4.45;-0.34
0;-75.35;-10.96;7.23;143.38;30.87;-8.78;-8.67;-257.11;-57.35;15.76;357.54;16.58;-11.73;86.7;-0.53;73.82;4.46;6.32;-181.26;-27.28;110.4;6.81;2.79;0.1
0;-75.45;-14.9;5.89;135.88;33.16;-8.6;-7.62;-264.5;-92.07;11.48;331.21;17.6;-11.94;97.77;14.53;75.23;3.82;6.03;-200.34;-25;138.68;1.22;2.33;-0.22
0;-71.81;-12.63;6.27;145.18;33.96;-9.02;-8;-300.87;-83.91;16.66;352.58;19.82;-11.6;97.48;7.02;76.6;4.42;6.66;-214.52;-23.73;107.49;5.03;2.75;0.06
0;-73.4;-17.39;6.69;149.19;38.59;-8.94;-8.12;-289.1;-105.05;17.52;355.54;21.35;-12.12;111.74;8.85;89.91;5.03;6.84;-284.48;-27.38;141.85;3.08;2.13;0
0;-86.45;-16.41;6.48;122.31;29.4;-9.42;-8.58;-282.41;-87.55;13.22;279.3;18.76;-11.95;90.85;5.27;83.15;4.38;7.22;-253.53;-26.17;103.45;5.26;2.44;-0.01
0;-88.31;-25;7.44;122.58;29.34;-8.5;-9.43;-272;-106;18.21;284.35;19.67;-12.05;85.09;13.89;83.2;4.95;6.63;-249.95;-32.49;116.4;8.86;2.13;0.08
0;-78.9;-12.72;7.43;133.73;33.91;-8.23;-10.32;-243.86;-76.87;18.61;318.09;20.63;-11.78;96.94;8.37;81.08;4.97;6.61;-237.95;-30.95;139.21;9.34;2.55;0
0;-78.99;-21.24;8.39;140.88;29.25;-9.03;-11.54;-241.73;-89.37;21.11;342.07;23.65;-11.7;62;6.49;92.71;5.36;7.28;-306.26;-33.42;135.27;11.8;2.58;0.22
0;-62.8;-23.88;6.47;181.52;30.5;-7.72;-4.93;-288.44;-79.33;13.42;500.33;18.47;-12.27;86.27;11.78;102.4;3.94;7.92;-253.27;-31.98;183.6;6.11;4.06;-0.09
0;-85.08;-17.15;7.4;125.39;33.51;-8.12;-9.06;-227.73;-88.53;19.4;302.11;20.73;-11.88;88.24;18.96;85.25;5.17;6.26;-228;-29.56;140.31;7.49;2.26;0.07
0;-79.7;-10;8.19;132.82;33.79;-8.83;-12.72;-244.83;-74.07;20.22;314.81;21.25;-11.82;93.96;2.11;85.37;5.71;6.78;-254.4;-31.04;119.87;10.38;2.01;-0.04
0;-68;-20.81;6.18;146.69;29.78;-8.42;-8.21;-263.2;-72.41;12.55;354.26;18.02;-11.84;70.6;16.78;78.45;4.23;6.2;-198.51;-23.78;136.64;2.32;2.62;0.19
0;-67.41;-21.33;6.65;185.05;32.58;-10.41;-5.51;-295.28;-79.61;11.73;502.93;19.36;-12.49;63.56;1.32;111.68;3.62;8.78;-261.82;-31.75;186.35;4.01;4.85;0.01
0;-75.79;-9.84;6.77;141.18;36.56;-7.71;-7.41;-252.49;-68.37;12.06;351.88;15.71;-11.94;128.85;-1.13;74.92;3.83;5.86;-174.66;-28.01;141.09;3.95;2.21;-0.06
0;-69.63;-13.71;6.61;142.92;38.01;-10.81;-7.23;-258.34;-78.63;13.77;322.48;20.26;-11.73;106.25;6.99;95.17;4.06;6.74;-279.63;-28.01;147.67;3.06;2.38;-0.18
0;-80.68;-10.32;6.82;132.8;38.75;-8.15;-8.72;-272.97;-87.41;17.34;312.91;17.41;-11.85;126.43;5.78;78.11;4.77;6.16;-209;-28.29;125.51;5.08;2.39;-0.01
0;-83.88;-11.69;7.7;132.44;32.02;-7.82;-9.11;-293.46;-75.51;15.24;301.49;19.32;-11.71;86.71;2.81;83.02;4.5;6.47;-230.18;-29.74;131.95;9.54;2.76;-0.02
0;-62.29;-10.45;8.18;153.28;32.53;-9.01;-11.4;-240.11;-51.78;18.82;367.58;23.73;-11.33;76.52;11.02;80.69;5.17;6.84;-251.1;-30.56;107.96;11.82;3.16;-0.15
0;-72.96;-11.36;6.98;143.87;31.56;-9.85;-7.76;-248.8;-71.81;12.98;356.08;18.26;-11.68;92.64;12.82;84.76;4.09;6.57;-235.96;-27.75;153.55;4.41;2.48;-0.26
0;-85.87;-22.38;6.46;125.18;24.43;-10.6;-7.92;-275.05;-78.97;12.15;289.5;18.14;-11.86;47.57;13.49;87.25;4.02;6.37;-226.4;-25.07;183.9;3.94;2.75;0.14
0;-75.58;-7.52;7.71;152.64;32.73;-12.73;-10.11;-275.18;-66.05;14.25;379.11;16.46;-12.03;100.47;4.3;70.72;4.53;7.29;-167.79;-30.91;128.31;6.95;1.92;-0.19
0;-61.3;-23.28;5.41;187.85;29.64;-6.87;-8.49;-274.83;-73.94;13.96;500.93;21.93;-12.39;81.54;21.24;93.34;4.18;7.42;-162.04;-25.24;225.2;1.42;5.27;-0.31
0;145.62;23.09;5.29;249.53;72.55;0.33;-7.94;-241.1;-84.99;1.37;504.38;17.59;-7.58;138.26;-4.44;95.68;2.13;4.99;-119.8;-21.76;225.67;0.29;7.86;-2.56
0;-111.64;-23.78;7.65;66.2;17.77;-8.6;-11.04;-237.92;-62.66;16.18;-2.37;23.06;-12.24;32.41;5.53;92.65;5.29;7.41;-268.63;-30.68;125.36;8.02;2.05;0.97
0;-88.64;-21.15;7.71;55.55;23.07;-3.72;-10.66;-242.33;-54.88;19.16;2.22;23.76;-10.84;52.8;-21.04;90;5.86;7.5;-244.98;-30.92;111.36;9.55;4.65;0.39
0;-89.77;-29.38;8.63;56.11;24.84;-4.79;-10.95;-245.2;-92.82;18.28;-8.43;23.39;-11.16;40.62;-8.86;101.08;6.14;7.18;-261.27;-33.11;126.76;8.45;4.44;-0.16
0;-26.55;-25.66;8.21;209.06;43.72;-3.04;-12.55;-312.17;-80.18;20.05;500.36;24.11;-10.33;83.57;-1.67;121.33;6.57;7.56;-259.76;-28.99;218.02;10.67;8.26;-1.17
0;30.11;-0.11;6.36;241.81;46.68;-8.01;-6.32;-302.99;-106.79;4.32;503.94;19.99;-11.04;79.76;19.51;66.51;2.6;6.81;-166.1;-26.08;154.74;-0.36;4.71;-0.92
0;-81.43;-17.93;7.24;158.26;29.84;-8.12;-11.75;-292.19;-74.58;17.79;479.75;22.19;-12.69;81.51;19.41;89.52;4.77;7.66;-197;-28.33;237.48;11.1;4.02;-0.27
0;-76.57;-25.81;6.62;177.11;37.08;-9.58;-8.35;-265.53;-106.94;7.8;501.76;22.87;-12.7;83.75;13.67;97.55;3.74;8.64;-290.46;-30.4;135.84;7.32;4.16;-0.57
0;-71.15;-24.38;6.82;166.97;37.18;-12.21;-7.99;-248.95;-110.89;16.23;500.35;18.68;-12.63;83.4;4.28;69.89;4.68;7.55;-214.3;-31.12;107.6;6.08;4.37;-0.64
0;-72.73;-13.99;7.68;126.41;28.98;-8.56;-11.55;-263.59;-82.19;16.78;314.12;20.89;-11.34;57.23;17.89;78.32;4.69;6.12;-210.63;-31.69;158.32;9.31;3.47;-0.13
0;-80.61;-18.78;7.34;123.2;24.78;-6.96;-10.35;-256.44;-76.71;15.31;288.57;24.32;-11.49;42.74;9.1;89.29;4.4;6.74;-262.51;-32.72;128.45;8.35;3.19;-0.23
0;-55.33;-3.83;7.65;159.25;35.72;-11.99;-10.37;-247.87;-59.26;19.2;393.64;19.43;-11.14;107.38;12.01;85.42;5.14;6.96;-204.74;-28.96;153.8;10.07;2.61;-0.32
0;-79.81;-19.13;6.33;124.1;23.62;-8.19;-8.06;-267.44;-68.52;12.66;303.51;18.39;-11.57;50.36;16.93;75.39;4.08;5.94;-200.64;-24.66;154.15;3.56;2.83;-0.31
0;-69.98;-9.09;6.82;132.16;25.29;-8.88;-9.93;-227.76;-53.94;17.87;336.79;20.59;-11.25;44.32;17.43;86.69;5;6.59;-227.57;-26.5;152.79;3.53;3.2;-0.2
0;-75.55;-20.74;7.5;166.48;42.86;-11.77;-14.15;-277.27;-107.62;19.38;500.28;27.98;-12.68;95.71;13.84;98.72;5.56;9.15;-311.79;-31.17;202.31;10.32;4.57;-0.66
0;-69.5;-20.58;6.48;171.81;40.75;-8.75;-8.07;-237.19;-81.47;15;500.18;23.09;-12.46;110.64;16.2;94.97;4.48;8.44;-260.12;-30.32;214.41;6.06;4.77;-0.51
0;-64.67;-8.07;5.68;146.74;23.55;-12.16;-9.12;-273.45;-54.62;14.29;359.76;20.48;-10.68;36.8;10.14;85.71;4.3;7.65;-212.93;-23.4;168.16;2;3.26;-0.36
0;-79.93;-15.86;6.61;125.52;27.9;-8.15;-6.71;-323.61;-98.61;13.41;290.23;14.74;-11.3;58.01;20.05;69.07;3.9;6.34;-158.65;-27.55;104.83;3.94;3.56;-0.29
0;-81;-12.13;8.2;122.9;25.93;-13.63;-10.1;-243.28;-75.51;13.7;284.52;19.23;-11.65;51.08;16.29;75.54;4.44;7.09;-188.48;-33.38;113.37;8.53;3.31;-0.24
0;-72.96;-11.99;8.03;136.99;32.16;-7.58;-9.41;-241.51;-60.41;16.42;329.97;22.81;-11.26;73.46;13.49;80.75;4.7;6.97;-249.73;-32.85;121.52;11.58;3.05;-0.26
0;-81.05;-14.17;6.7;125.46;25.49;-10.29;-8.25;-237.9;-70.4;15.41;299.84;23.72;-11.41;53.56;13.47;77.67;4.36;6.77;-259.44;-26.53;111.63;6.58;2.99;-0.15
0;-89.42;-18.19;7.74;113.38;25.89;-9.05;-12.45;-272.79;-86.49;18.87;273.01;26.39;-11.63;48.98;14.85;87.67;4.96;7.16;-286.78;-31.27;116.74;11.78;3.12;-0.21
0;-70.35;-14.36;6.77;131.83;26.1;-10.87;-12.28;-270.28;-65.21;17.91;322.77;24.88;-11.15;53.8;14.82;81.5;4.8;6.91;-267.49;-29.19;119.03;6.75;3.28;-0.27
0;-81.15;-10.06;8.73;127.98;30.34;-10.05;-13.29;-278.57;-70.41;22.57;310.04;27.16;-11.24;57.11;8.25;82.96;5.79;7.29;-267.85;-34.41;117.85;14.79;3.47;-0.13
0;-68.47;-7.62;7.29;136.28;38.73;-5.36;-14.88;-264.28;-67.03;22.28;307.4;26.68;-11.28;115.26;6.98;95.3;5.67;6.5;-294.39;-29.72;172.62;11.26;3.23;-0.1
0;-74.64;-16.21;8.36;124.15;29.13;-8.37;-14.54;-280.01;-65.96;17.95;319.9;28.95;-11.09;61.3;20.64;103.19;5.1;7.74;-313.17;-31.8;172.17;14.25;3.4;-0.39
0;-72.64;-16.86;9.33;138.08;32.72;-8.92;-14.44;-327.96;-69.84;26.26;323.19;28.67;-10.77;81.35;16.02;88.53;6.07;7.52;-286.45;-33.28;138.09;20.77;3.46;0
0;-80.94;-15.3;6.59;125.63;28.18;-9.18;-13.28;-302.8;-108.31;21.51;313.13;26.96;-11.58;83.12;15.68;96.22;5.51;7.91;-326.01;-29.37;140.83;7.32;2.72;-0.38
0;-71.77;-6.55;6.91;128.05;25.31;-8.2;-10.78;-267.96;-45.95;20.46;318.85;27.84;-10.73;64.75;20.93;94.81;5.17;7.61;-263.28;-28.54;180.55;5.77;3.65;-0.4
0;-76.71;2.29;8.45;127.15;33.72;-9.78;-16.12;-252.86;-57.65;21.39;306.6;30;-11.08;92.67;-2.59;88.66;5.7;8;-309.91;-33.32;138.03;17.64;3.16;-0.66
0;-71.64;-6.42;6.21;122.49;28.99;-6.12;-11.7;-249.73;-57.9;17.84;315.11;25.42;-11.11;64.01;21.93;86.39;5.05;6.48;-257.72;-28.52;168.9;6.02;3.34;-0.53
0;-62.82;-16.81;7.7;144.67;28.9;-9.36;-14.55;-235.4;-75.63;18.46;354.48;27.38;-10.87;65.43;19.68;91.71;5.21;7.03;-271.76;-29.87;192.94;10.98;3.45;-0.28
0;-71.2;-13.75;7;136.73;23.64;-10.72;-8.08;-270.17;-71.37;17.07;329.12;22.73;-11.56;39.96;19.83;80.69;4.64;6.88;-218.96;-29.94;179.15;3.34;3.34;-0.09
0;-78.85;-19.65;8.25;164.54;37.11;-9.61;-14.55;-276.24;-82.89;25.19;500.5;29.68;-11.93;80.02;6.13;106.79;6.61;8.93;-286.19;-31.94;222.43;15.26;5.06;-0.39
0;186.61;-5.21;6.08;244.43;40.63;2.04;-7.72;-291.21;-86.26;9.18;500.5;16.73;-7.44;45.39;2.72;79.84;2.98;4.11;-137.93;-31.76;122.6;-0.62;9.52;-1.66
0;-119.19;-13.9;7.91;69.4;23.66;-9.89;-13.26;-236.4;-56.87;20.21;-4.1;26.79;-12.23;58.31;4.47;79.67;5.87;8.19;-241.55;-30.61;84.82;13.56;2.6;0.71
0;-84.9;-22.88;8.89;65.33;30.18;-1.76;-16.77;-299.63;-72.71;23.81;7.17;29.02;-10.06;68.61;-14.44;107.15;8.26;7.92;-282.68;-30.96;85.63;12.8;6.35;-0.18
0;37.19;-2.94;7.5;266.01;45.13;-10.57;-9.03;-313.26;-115.67;15.9;504.47;18.73;-10.96;66.86;1.18;65.66;4.41;7.85;-155.37;-32.93;108.14;0.23;4.76;-1.12
0;-66.23;-14.76;6.24;164.17;27.47;-11.89;-8.73;-288.18;-61.23;12.29;497.3;23.07;-11.93;77.76;15.14;90.85;3.8;8.64;-179.18;-28.77;177.05;4.78;4.74;-0.78
0;-119.5;-25.73;8.21;73.1;24.12;-8.77;-12.43;-252.87;-66.67;14.6;30.77;28.98;-12.72;57.98;3.1;118.55;5.03;8.3;-322.03;-34.32;155.81;12.79;2.43;-0.21
0;-120.71;-24.63;5.91;69.1;20;-11.12;-7.77;-255.29;-78.6;14.52;-25.6;16.96;-12.95;20.74;-2.13;75.2;4.5;7.04;-185.35;-26.43;108.89;-1.45;2.55;0.09
0;-122.44;-19.8;6.77;79.75;17.13;-11.29;-8.42;-264.29;-53.62;14.62;13.27;20;-12.85;35.61;7.87;72.7;4.6;7.61;-172.35;-30.28;118.73;4.91;2.5;0.11
0;-121.52;-21.62;7.22;72.51;25.09;-10.51;-8.45;-273.95;-72.62;18.34;-17.25;35.92;-12.62;59.58;1.11;116.31;5.29;9.93;-342.05;-31.91;140.86;7.13;2.68;-0.17
0;-119.62;-21.16;7.71;72.32;20.69;-11.35;-9.43;-236.25;-59.15;15.74;16.58;23.05;-12.52;26.86;-2.15;79.25;4.7;7.89;-189.6;-32.18;107.6;9.61;2.8;-0.15
0;-49.05;-20.34;4.93;174.08;35.79;-9.99;-9.71;-325.07;-85.74;16.09;500.88;23.97;-11.29;104.42;-1.2;87.7;4.88;9.28;-180;-23.74;172.56;-0.38;6.26;-0.63
0;85.73;5.96;7.99;263.62;53.69;-8.33;-8.99;-317.56;-95.2;16.02;500.58;20.49;-9.38;91.76;-1.59;111.16;4.54;6.33;-206.94;-29.68;179.29;0;7.28;-2.29
0;-102.16;-27.24;6.92;76.74;19.79;-10.31;-12.64;-248.79;-61.23;21.42;9.44;22.47;-11.13;30.41;13.3;84.87;5.68;7.96;-229.79;-17.43;105.45;9.88;2.26;0.47
0;-112.05;-25.07;8.01;67.4;24.02;-9.09;-10.13;-276.95;-89.28;23.53;-6.63;23.15;-12.44;43.09;-8.52;88.76;6.3;8.21;-218.49;-35.59;122.91;8.9;2.67;1.1
0;-96.64;-24.49;7.13;68.85;23.23;-11.2;-14;-247.29;-62.48;22.42;4.96;30.7;-11.38;46.29;5.19;99.54;6.45;9.15;-276.27;-31.3;130.84;10.83;2.33;0.36
0;-105.21;-26.03;6.86;71.57;17.47;-10.1;-13.37;-306.33;-81.9;19.13;-1.81;22.05;-11.46;27.21;6.03;80.31;5.8;8.01;-200.1;-25.99;101.82;9.33;3.37;0.61
0;-103.32;-24.53;6.97;67.38;19.96;-10.98;-11.9;-274.99;-71.3;19.19;-1.57;20.07;-11.38;42.33;-2.51;79.91;5.4;7.37;-219.39;-27.49;86.29;10.04;3.25;0.63
0;-104.56;-19.59;6.59;64.55;17.9;-9.82;-6.28;-285.77;-58.11;11.87;-6.48;16.39;-11.61;10.18;3.19;56.35;3.68;7.03;-178.09;-26.24;83.11;8.67;3.42;0.43
0;-97.02;-30.19;6.28;69.3;23.4;-8.92;-11.79;-248.97;-89.62;19.7;14.3;21.26;-11.71;46.23;14.35;95.16;5.69;7.16;-257.63;-29.95;121.2;6.08;2.62;0.42
0;-99.84;-28.35;6.53;64.53;18.63;-8.59;-11.85;-240.05;-60.45;19;4.24;22.82;-11.26;42.15;1.75;86.71;5.43;7.24;-261.25;-28.85;103.95;6.96;3.21;0.6
0;-110.59;-25.28;8.94;71.2;35.09;-10.24;-15.41;-281.69;-137.77;20.34;-9.3;28.55;-12.53;73.38;4.32;122.18;6.64;9.35;-375.92;-35.71;148.02;11.91;2.14;0.37
0;-108.23;-13.08;7.85;65.04;28.36;-11.59;-16.47;-259.79;-55.02;22.2;-25.64;31.97;-11.67;89.08;-7.62;110.66;6.92;10.11;-333.29;-31.32;159.27;10.35;2.65;0.75
0;-95.82;-28.37;7.1;64.03;20.18;-11.77;-11.66;-235.9;-65.56;22.61;15.23;22.79;-11.38;41.04;4.08;82.3;6.22;7.62;-245.38;-29.04;94.09;8.94;2.78;0.67
0;-101.73;-22.63;6.69;67.15;24.02;-12.14;-6.45;-278.31;-86.52;14.61;3.19;18.94;-12.05;39.04;4.37;93.87;4.16;7.63;-237.53;-29.52;113.56;5.34;3.07;0.29
0;-98.25;-21.9;7.81;64.44;18.14;-5.85;-12.36;-230.92;-50.26;18.33;-0.03;21.53;-11.61;35.12;1.36;79.96;5.36;6.75;-229.44;-31.62;78.86;11.27;3.2;0.39
0;-97.95;-36.6;4.79;62.68;14.3;-9.71;-4.35;-258.93;-59.48;5.66;-32.44;15.77;-11.46;-0.47;22.33;59.14;2.72;7.04;-139.83;-16.88;85.18;2.92;2.67;0.31
0;-92.12;-23.67;6.26;70.62;26.7;-7.86;-8.42;-323.6;-114.6;16.63;1.32;21.01;-11.59;54.4;7.24;85.38;4.72;7.07;-244;-25.68;99.43;4.51;3.46;-0.02
0;-102.03;-24.11;7.13;66.92;28.9;-9.19;-9.08;-295.64;-129.07;18.97;-1.84;22.77;-11.9;53.71;10.02;96.06;5.2;7.58;-272.76;-31.29;119.38;7.52;2.94;0.39
0;-91.28;-29.98;6.69;66.24;25.16;-9.73;-7.32;-295.28;-122.92;15.1;18.59;15.97;-11.45;19.89;18.72;77.23;4.27;6.48;-194.72;-28.95;102.47;8.51;3.81;0.05
0;-103.63;-20.16;7.79;64.44;22.09;-8.26;-12.96;-305.26;-77.68;21.36;-13.14;24.94;-11.75;51.35;7.29;85.32;5.89;7.69;-251.99;-34.16;92.9;11.24;3.12;0.59
0;-19.14;-24.09;7.85;192.76;39.8;-3.25;-11.3;-291.55;-104.48;21.85;500.23;26.19;-9.76;77.46;-0.17;95.6;6.13;7.75;-265.38;-34.23;167.04;8.8;8.81;-1.79
0;33.39;9.26;7.38;257.33;53.95;-13.04;-7.84;-308.55;-91.9;11.21;505.06;17.72;-10.7;108.75;19.62;73.64;3.54;7.72;-112.72;-31.36;209.83;0.26;4.75;-1.14
0;-67.21;-20.59;6.46;159.9;28.88;-8.78;-7.19;-258.95;-76.51;17.59;489.8;20.19;-11.63;67.92;17.64;81.17;4.85;8.07;-169.16;-30.62;175.11;7.07;4.84;-0.29
0;-120.12;-16.06;8.29;87.54;26.13;-10.06;-14.43;-309.71;-74.67;21.8;85.64;30.05;-12.29;68.1;7.75;90.51;5.99;8.52;-285.47;-32.71;123.95;12.94;2.86;0.09
0;-116.25;-13.86;7.25;84.14;19.86;-12.47;-10.7;-249.49;-67.76;20.14;74.76;24.6;-12.42;43.13;10.66;79.46;5.54;7.93;-252.55;-30.1;144.49;8.45;2.58;-0.37
0;-33.38;-23.99;7.36;191.68;41.22;-7.86;-13.01;-302.86;-94.44;17.98;501.9;26.36;-10.95;114.42;10.48;128.49;5.59;8.89;-289.37;-34.24;345.58;7.94;5.97;-1.23
0;73.79;7.61;6.66;272.45;65.27;-7.89;-9.44;-304.42;-119.83;7.07;500.45;21.1;-9.98;119.32;19.42;95.96;3.64;7.67;-133.38;-32.94;223.98;-1.73;7.04;-2.2
0;-112.78;-16.4;7.12;71.69;19.97;-11.99;-12.9;-248.06;-45.33;20.22;10.71;26.44;-12.47;47.34;10.51;82.61;5.8;8.05;-258.38;-32.34;102.89;8.89;1.75;0.51
0;-100.22;-20.17;5.82;71.83;18.29;-8.7;-10.6;-276.78;-69.66;21.8;-6.63;21.69;-11.86;29.88;3.94;65.43;5.97;7.66;-189.12;-28.27;83.32;2.46;3.05;0.79
0;-92.49;-19.23;6.78;62.18;26.64;-10.75;-13.69;-213.87;-59.29;20.7;19.66;31.04;-11.49;69.35;10.49;117.17;5.9;8.92;-353.68;-36.3;160.46;3.71;2.85;0.27
0;-87.24;-18.09;7.95;59.11;20.13;0.48;-14;-275.53;-52.37;21.87;-2.81;26.33;-8.93;44.64;4.68;85.28;5.23;6.75;-261.77;-24.52;84.17;16.49;4.97;-0.44
1;-99.87;-11.67;7.6;66.34;21.04;-11.41;-9.15;-242.69;-68.73;9.49;-17.63;23.12;-11.64;56.44;-0.28;73.9;3.73;8.03;-172.86;-23.67;148.15;9.38;3.71;-0.07
1;-91.1;-13.98;7.02;62.94;29.28;-11.48;-5.11;-228.82;-68.36;12.62;-13.69;22.71;-11.84;57.83;-5.11;78.65;4.4;8.13;-171.76;-27.67;118.48;3.13;4.12;0.43
1;-90.83;-7.07;6.55;64.33;24.14;-10.71;-8.8;-254.21;-53.32;14.46;-18.62;24.97;-12.31;73.33;-10.37;81.41;4.56;9.15;-219.3;-26.27;115.02;2.26;3.54;0.6
1;-80.77;-13.24;6.88;70.51;31.12;-10.22;-16.47;-340.89;-72.81;17.34;-11.3;29.14;-10.55;99.78;-12.62;93.21;5.93;9.34;-290.49;-24.23;89.24;10.4;4.8;-0.2
1;-92.74;-17.6;8.09;67.49;25.11;-11.32;-10.42;-273.23;-78.88;15.18;0.61;19.93;-11.89;63.89;-7.23;73.1;4.76;7.96;-208.54;-31.77;89.26;8.62;4.5;0.39
1;-90.08;-12.42;7.5;68.93;33.05;-11.19;-6.56;-239.6;-69.15;7.4;-9.54;26.56;-10.73;41.65;-10.82;72.35;3.99;8.86;-121.16;-27.7;95.23;9.05;4.92;-0.09
1;-78.9;-22.6;7.82;68.82;25.07;-12.54;-10.75;-217.11;-59.95;16.15;22.48;24.92;-11.26;63.01;4.45;90.06;5.2;9.09;-255.79;-32.85;121.23;9.19;3.55;0.2
1;-97.78;-12.34;8.78;68.54;24.93;-10.96;-12.47;-244.8;-51.94;16.84;-1.79;24.71;-11.89;72.86;-7.37;71.14;5.36;8.95;-226.98;-35.7;104.68;11.89;3.74;0.72
1;-92.69;-20.19;7.83;74.72;20.38;-11.88;-5.41;-260.73;-62.06;12.48;13.49;18.02;-12.1;48.79;8.96;64.45;4.14;8.46;-146.27;-32.63;104.53;5.53;3.73;0.49
1;-112.42;-11.27;6.94;82.73;28.7;-13.35;-8.1;-265.88;-67.35;16.17;-22.62;27.37;-12.95;55.77;3.85;89.76;4.78;9.86;-190.57;-29.18;150;0.22;2.43;0.41
1;-112.4;-21.48;7.68;89.39;24.82;-11.83;-5.81;-289.03;-64.87;12.03;3.59;22.53;-13.46;34.95;12.14;80.86;4.34;9.42;-135.38;-34.02;160.63;0.29;2.67;0.93
1;-89.34;-17.21;5.07;89.27;31.09;-20.64;-16.7;-361.07;-57.57;19.96;16.4;38.44;-11.63;92.79;-1.33;114.85;6.18;12.51;-365.07;-21.53;123.29;-0.59;2.61;-0.1
1;-114.96;-7.56;6.2;103.83;26.51;-18.83;-6.28;-338.53;-48.33;14.46;4.11;28.86;-12.65;62.61;6.13;96.34;4.28;11.25;-182.01;-25.45;171.8;-0.27;2.51;0.47
1;-85.98;-19.6;5.28;79.72;17.92;-12.65;-3.6;-250.89;-91.78;7.45;-14.57;19.78;-12.95;10.27;17.12;71.04;3.19;9.28;-148.86;-27.71;130.86;-2.56;2.96;0.34
1;-101.47;-10.84;7.59;89.93;30.78;-15.31;-14.7;-351.38;-73.17;17.49;8.54;30.88;-12.09;105.62;-4.64;88.2;5.51;11.22;-276.78;-28.7;129.42;10.75;2.79;0.55
1;-93.28;-20.35;5.51;82.09;20.98;-14.03;-7.04;-304.38;-57.07;11.67;-5.4;19.94;-11.82;34.18;8.66;66.27;3.7;9.13;-142.24;-21.22;131.97;2.51;3.36;0.25
1;-93.42;-24.08;8.42;83.88;23.74;-14.56;-8.68;-271.1;-58.24;15.73;19.97;21.34;-11.69;34.45;-0.02;80.56;4.63;8.93;-205.54;-34.51;119.31;11.25;3.31;0.27
1;-95.05;-18.47;7.76;75.69;28.13;-8.8;-11.4;-273.05;-85.08;14.97;-21.7;27.61;-11.1;36.61;10.55;62.54;5.59;8.85;-165.52;-21.47;90.99;13.39;4.44;-0.09
1;-100.19;-18.59;8.24;78.66;25.81;-10.52;-12.48;-258.97;-73.36;18.65;0.02;27.85;-12.02;64;1.41;90.45;5.72;9.59;-238.13;-31.28;132.93;10.68;2.74;0.57
1;-101.13;-24.52;7.25;87.97;19.42;-11.91;-7.71;-278.83;-57.45;15.82;12.1;22.18;-12.17;36.32;9.61;80.2;4.73;9.23;-198.71;-29.08;140.67;7.09;2.57;0.65
1;-86.61;-22.88;8.26;76.72;20.95;-9.66;-6.83;-221.6;-62.94;13.43;9.22;22.07;-11.93;30.33;10.4;73.55;4.15;8.85;-191.44;-32.42;102.14;7.69;4.48;0.08
1;-12.89;-27.31;8.45;190.48;38.76;-1.2;-8.34;-281.2;-90.32;16.79;500.65;30.26;-9.22;65.52;-8.36;86.2;5.33;8.19;-181.33;-34.59;96.89;10.24;10.28;-2.04
1;28.73;8.97;8.61;247.5;51.64;-12.8;-8.31;-299.31;-82.93;13.37;482.74;18.94;-10.15;118.94;12.35;72.57;4.05;8.46;-154.85;-31;156.27;3.53;5.02;-1.24
1;-107.24;-11.76;8.09;82.41;28.09;-11.16;-10.15;-249.47;-57.87;15.71;16.92;22.62;-11.79;64.53;2.31;78.49;4.48;8.48;-213.42;-25.11;93.97;15.18;3.09;-0.55
1;-117.8;-17.63;8.75;87.89;30.56;-15.98;-10.92;-293.33;-70.61;18.04;16.61;23.65;-12.68;57.21;7.59;86.94;5.55;8.9;-212.45;-34.55;145.57;13.86;2.96;-0.48
1;-111.95;-15.18;7.56;81.23;25.49;-10.92;-11.66;-264.2;-77.24;15.3;-5.06;23.92;-12.48;55.59;10.4;70.52;4.83;8.26;-211.64;-30.84;108.71;10.97;2.78;-0.01
1;-108.42;-21.09;7.2;81.23;30.04;-9.47;-10.08;-258.84;-69.28;9.3;-10.62;25.87;-12.36;41.53;14.16;79.86;4.91;8.68;-156.93;-27.29;126.21;8.08;3.31;-0.65
1;-105.61;-22.11;7.76;77.92;24.63;-9.16;-11.19;-246.96;-62.61;16.33;15.18;25.26;-12.61;54.11;16.26;84.57;4.96;8.31;-234.13;-32.73;155.43;9.22;2.95;-0.23
1;-109.09;-23.86;7.49;78.04;20.43;-8.98;-7.46;-254.11;-56.73;12.88;22.91;18.79;-13.05;31.1;20.76;74.23;4.17;6.91;-145.14;-33.14;157.13;7.96;2.78;0.02
1;-110.34;-8.35;7.52;69.46;28.63;-12.95;-10.49;-258.96;-63.24;16.09;-5.3;26.28;-12.59;51.87;5;83.01;5.08;8.1;-213.85;-31.19;104.74;9.41;2.97;-0.29
1;-115.06;-20.63;8.14;86.68;26.89;-11.31;-11.73;-314.51;-72.09;16.28;4.53;27.29;-12.76;61.47;15.22;86.1;5.09;8.89;-229.05;-31.48;133.28;13.4;3.03;0.14
1;-113.7;-22.36;8.15;80.35;20.75;-9.83;-7.46;-251.93;-78.36;11.08;3.01;18.26;-12.9;38.23;13.61;71.08;4.05;7.71;-161.64;-29.94;145.39;10.67;3.49;0.26
1;-104.29;-15.83;6.22;90.66;25.03;-12.39;-8.81;-300.06;-90.76;10.6;10.59;22.87;-12.74;53.03;9.22;64.32;3.42;9.18;-189.08;-24.7;86.3;1.87;3.61;0.02
1;-110.94;-16.26;7.75;73.48;21.88;-8.62;-9.42;-244.97;-51.36;11.69;-0.96;19.1;-12.45;34.63;10.08;73.08;4.17;6.94;-181.23;-30.94;168.29;10.32;3.25;-0.39
1;-113.2;-21.69;7.2;78;22.92;-9.49;-8.56;-267.95;-80.98;11.69;-21.04;22.63;-12.71;19.61;13.78;60.94;4.32;8.66;-156.05;-27.61;97.97;6.36;3.83;-0.11
1;-110.68;-6.89;6.86;86.73;23.79;-16.21;-6.3;-266.16;-50.95;11.76;-7.57;22.7;-12.99;51.74;15.8;64.94;3.8;9.02;-161.29;-29.76;121.11;4.29;2.59;0.01
1;-115.52;-19.01;7.68;84.81;29.39;-9.39;-9.74;-291.33;-72.63;17.72;-2.37;29.15;-13.03;80.96;14.51;87.78;4.84;8.84;-237.11;-32.4;130.47;9.62;2.87;0.35
1;-116.28;-11;8.01;84.41;27.91;-10.71;-7.45;-268.08;-61.28;13.28;-1.32;20.91;-12.79;56.01;9.48;76.61;4.15;8.28;-157.7;-31.07;128.36;11.28;2.99;0.1
1;-107.85;-18.19;8.26;80.29;25.34;-13.2;-13.08;-280.15;-67.05;15.17;-2.84;23.78;-12.66;49.08;7.9;76.12;5;8.55;-228.27;-28.59;130.63;13.44;3;0.1
1;-109.94;-12.38;5.63;78.73;25.38;-9.45;-5.57;-260.31;-77.5;7.84;-6.06;16.38;-12.89;45.58;13.3;48.24;3.32;7.34;-98.83;-24.16;101.25;-0.34;3.13;0.1
1;-111.55;-22.79;8.51;86.73;26.19;-11.84;-8.92;-295.77;-82.26;16.63;9.02;21.77;-12.74;38.92;17.39;71.31;4.67;8.38;-160.38;-33.83;136.93;13.95;3.06;0.08
1;-111.11;-17.64;7.29;75.78;25.37;-11.29;-9.74;-252.74;-61.3;15.26;-0.6;23.28;-12.49;52.18;10.34;75.91;4.76;7.81;-215.26;-30.59;137;9.23;2.79;-0.15
1;-110.34;-12.75;7.83;91.83;24.19;-11.97;-9.81;-266.56;-56.34;16.15;37.5;23.8;-12.74;39.89;9.54;73.56;4.56;8.85;-214.67;-32.89;131.55;11.68;2.58;-0.01
1;-110.41;-14.01;7.63;87.55;26.32;-12.75;-12.16;-257.85;-62.87;15.39;10.59;27.84;-12.46;53.37;7.23;81.02;4.7;8.9;-221.24;-29.83;160.25;12.45;2.67;-0.07
1;-115.45;-18.85;6.88;86.29;21.91;-10.35;-7.48;-278.68;-67.42;12.27;8.32;20.28;-12.87;37.93;8.95;70.46;3.84;8.1;-175.83;-28.34;134.53;7.61;3.08;0.1
1;-105.34;-16.4;6.64;85.93;19.16;-12.82;-10.08;-264.87;-40.8;8.45;-1.85;23.37;-12.34;29.54;10.74;63.84;3.63;8.95;-166.51;-24.12;115;8.08;3.13;-0.31
1;-107.29;-28.49;6.47;79.44;19.77;-9.28;-7.52;-307.07;-76.73;8.82;-13.55;22.47;-12.63;10.15;25.41;61.87;3.39;7.52;-140.03;-24.47;147.93;7.89;3.43;-0.17
1;-108.52;-20.84;7.34;77.02;16.62;-9.88;-7.9;-246.7;-51.83;8.12;-10.88;18.03;-11.78;22.2;11.9;54.77;3.17;7.4;-107.24;-21.89;99.64;12.4;3.16;-0.24
1;-98.69;-26.96;7.03;74.86;24.39;-10.97;-5.12;-314.28;-96.03;4.37;-6.52;24;-11.92;30.42;27.77;52.33;2.67;7.34;-113.36;-22.95;141.18;10.58;3.27;-0.11
1;-107.12;-16.1;7.31;76.31;24.85;-15.66;-9.79;-245.22;-59.21;12.3;3.31;23.98;-12.99;39.5;11.96;72.04;3.93;8.55;-178.84;-30.17;131.41;9.1;2.66;-0.08
1;-112.54;-20.16;6.79;90.87;26.53;-10.88;-8.85;-309.7;-66.5;12.86;5.81;28.73;-12.76;45.42;15.19;81.77;4.19;9.41;-207.55;-28.83;155.85;8.85;2.81;0.02
1;-105.71;-23.55;7.63;79.92;24.57;-8.47;-7.17;-271.37;-65.77;9.59;1.73;19.51;-12.3;55.68;25.15;65.38;3.49;7.32;-141.89;-24.57;147.27;13.7;3.18;-0.26
1;-110.39;-16.51;8.28;69.33;26.69;-7.85;-11.73;-257.6;-66.88;17.53;-0.91;24.32;-11.99;51.63;12.28;74.16;4.94;7.34;-215.69;-28.85;113.21;17.11;3.39;-0.32
1;-111.05;-17.65;6.24;78.37;19.58;-9.19;-7.36;-284.27;-55.27;11.21;-13.13;23.61;-12.27;26.06;25.22;58.54;3.42;7.52;-114.26;-23.79;133.08;6.86;3.03;-0.02
1;-106.29;-21.83;6.83;75.03;17.36;-12.61;-8.9;-259.04;-62.37;6.15;-19.52;19.14;-11.85;15.8;14.98;54.22;3.13;7.86;-118.84;-24.39;102.21;8.93;3.14;-0.42
1;-109.19;-23.35;7.71;75.87;16.88;-9.78;-9.18;-238.63;-49.13;11.42;-13.97;20.25;-11.7;18.07;19.22;70.83;3.66;7.49;-195.51;-26.46;125.24;13.41;3.3;-0.47
1;-113.33;-16.12;7.15;83.63;20.13;-9.97;-7.67;-262.43;-45.67;10.41;2.47;21.22;-12.57;43.28;21.89;60.35;3.5;7.9;-153.42;-28.38;113.46;9.9;2.8;-0.17
1;-109.21;-11.29;7.41;81.12;27.66;-11.53;-12.12;-253.55;-86.66;22.98;10.81;31.77;-12.36;80.74;12.32;93.26;5.6;8.81;-289.77;-32.26;122.54;12.54;2.41;-0.12
1;-109.58;-29.05;7.41;87.04;19.69;-12.01;-9.1;-383.72;-77.65;4.28;-10.78;21.53;-11.97;19.44;18.71;65.17;3.02;8.53;-223.22;-26.1;103.38;10.15;3.59;-0.4
1;-112.79;-20.69;7.39;76.42;20.98;-10.79;-5.09;-239.11;-78.79;13.39;14.73;20.25;-12.74;14.62;18.94;73.91;3.84;7.67;-151.09;-28.22;141.31;7.25;3.25;0.11
1;-117.63;-8.59;8.67;77.39;25.51;-9.41;-13.77;-292.67;-74.51;16.77;-5.39;26.98;-12.82;65.72;7.98;74.35;5.02;8.37;-245.96;-31.37;100.02;14.35;3.33;0.06
1;-111.08;-25.19;7.96;83.17;22.98;-8.84;-9.35;-327.6;-74.57;12.39;3.13;21.7;-12.7;25.53;24.16;64.86;3.87;8.11;-144.76;-29.53;121.9;12.39;3.62;-0.26
1;-111.43;-25.93;7.29;81.48;18.58;-7.91;-5.89;-266.67;-72.33;13.45;14.03;21.94;-12.66;12.97;22.52;63.64;3.6;7.29;-157.85;-29.32;124.28;9.16;3.22;0.12
1;-106.32;-24.83;7.53;76.56;16.58;-10.83;-8.99;-296.18;-62.06;9.03;-11;23.09;-12.13;14.98;20.23;62.62;3.14;7.81;-142.33;-23.99;133.43;13.03;3.57;-0.36
1;-112.63;-13.26;7.09;73.68;22.3;-15.37;-6.58;-234.65;-60.05;17.08;8.77;25.03;-12.6;29.76;10.55;76.13;4.41;8.25;-184.28;-33.17;126.53;6.04;3.07;0.24
1;-105.4;-8.92;6.84;66.78;22.82;-10.37;-9.79;-228.01;-68.96;14.08;-17.46;26.07;-12.49;59.77;6.32;68.64;4.04;7.78;-192.9;-30.44;113.23;9.49;3.15;-0.23
1;-112.23;-12.94;7.34;79.17;24.41;-11.42;-10.79;-293.29;-77.25;14.94;-4.08;28.03;-12.52;49.77;13.09;63.99;4.21;8.53;-190.94;-30.51;84.17;12.19;3.22;-0.02
1;-110.23;-21.97;7.39;84.02;21.75;-10.45;-11.17;-296.53;-72.33;15.04;0.51;25.17;-12.49;41.75;14.34;64.61;4.41;8.27;-190.49;-28.67;121.51;11.69;2.95;0.21
1;-113.54;-10.91;7.7;80.82;25.17;-7.78;-14.06;-322.86;-60.7;16.85;-0.04;28.96;-12.27;72.4;8.62;74.07;4.85;8.23;-251.66;-31.37;98.72;14.14;3.14;0.01
1;-110.06;-10.39;7.31;87.83;29.57;-16.65;-9.36;-343.95;-77.79;13.31;-20.75;28.31;-12.33;51.26;8.11;69.86;4.26;9.63;-183.41;-28.43;82.56;12.4;3.16;-0.19
1;-103.34;-21.93;6.54;75.27;22.94;-15.09;-6.49;-287.24;-72.19;9.43;-25.13;22.03;-12.2;24.2;13.98;66.28;3.12;8.28;-147.08;-24.69;104.83;9.64;3.06;-0.46
1;-109.15;-17.98;7.32;82.37;21.71;-13.23;-11.38;-291.47;-63.37;14.3;8.25;26.65;-12.52;46.83;10.48;64.87;4.22;8.52;-183.25;-27.75;106.71;10.76;3.15;0
1;-105.51;-18.57;6.5;75.64;24.3;-14.91;-7.56;-309.98;-66.15;7.86;-27.1;21.43;-12.09;23.1;16.44;60.09;3.46;8.36;-127.18;-25.57;112.28;9.73;3.47;-0.45
1;-108.4;-18.84;7.4;80.45;17.06;-9.4;-9.79;-257.78;-49.74;10.49;-4.61;22.73;-12.21;17.28;22.07;68.5;3.55;7.72;-163.28;-30.06;131.83;10.92;3.16;-0.2
1;-110.92;-19.31;8.15;74.78;18.75;-8.98;-12.92;-280.02;-65.95;15.52;-10.25;21.66;-11.97;40.24;17.86;66.88;4.5;7.66;-191.24;-29.13;110.62;14.81;3.58;-0.31
1;-111.06;-11.59;6.57;69.39;21.96;-10.22;-9.38;-284.19;-58.87;16.49;-14.67;24.05;-12.63;32.6;6.43;65.84;4.29;7.9;-192.4;-29.89;88.51;7.58;2.97;0.05
1;-104.15;-10.76;7.07;77.52;23.34;-13.64;-10.41;-320.71;-74.89;10.55;-23.86;25.13;-12.05;30.8;16.62;58.65;3.63;8.59;-115.09;-21.26;119.45;12.04;3.44;-0.41
1;-112.06;-8.94;5.6;80.4;25.84;-12.79;-8.41;-338.09;-79.86;12.64;-9.91;29.35;-12.74;39.55;9.4;56;3.78;9.41;-160.17;-23.25;79.44;2.45;3.25;-0.32
1;-105.81;-23.08;7.3;78.81;20.85;-13.15;-9.81;-281.62;-62.2;13.35;-0.51;27.51;-12.45;27.45;15;70.43;3.97;8.56;-211.21;-28.52;114.13;11.79;2.98;0.1
1;-112.92;-15.74;6.94;83.95;22.15;-9.03;-9.05;-274.6;-62.3;15.63;11.94;25.02;-12.62;43;17.62;68.26;4.28;8.26;-187.88;-30.5;116.71;9.54;2.77;-0.08
1;-103.38;-12.35;5.89;74.96;24.88;-12.91;-10.65;-321.51;-78.3;17.82;-15.49;25.92;-12.36;68.4;0.92;71.28;4.43;8.38;-224.97;-23.47;114.37;6.37;3.37;0.27
1;-105.61;-21.75;7.46;78.24;16.83;-9.03;-10.5;-277.92;-65.88;10.14;-20.36;21.68;-11.65;14.87;17.44;63.52;3.46;7.82;-135.4;-20.86;110.41;13.87;3.33;-0.36
1;-105.87;-11.56;6.33;94.02;25.48;-18.04;-8.84;-332.91;-55.12;7.59;-9.07;23.12;-11.98;33.57;7.83;72.49;3.05;10.1;-149.28;-21.67;130.83;9.41;2.81;-0.38
1;-105.71;-10.34;6.85;79.69;23.44;-13.78;-9.97;-245.45;-56.53;16.1;1.87;23.21;-12;58.95;9.07;80.57;3.99;8.83;-200.82;-22.68;158.07;11.58;2.86;-0.24
1;-107.45;-13.95;7.19;80.01;25.19;-17.83;-10.38;-291.87;-62.65;10.91;-7.47;27.85;-12.68;33.49;7.89;80.8;3.66;9.73;-174.08;-28.88;139.99;9.1;3.42;-0.46
1;-112.68;-6.12;7.81;86.54;24.24;-10.08;-10.67;-282.14;-63.85;17.15;3.72;26.12;-12.18;56.42;10.18;64.59;4.59;8.25;-200.68;-29.32;101.32;14.42;2.75;-0.09
1;-110.6;-18.21;7.41;85.12;22.46;-10.12;-10.38;-263.51;-65;14;2.94;24.77;-12.23;43.95;15.41;71.77;4.02;8.29;-193.61;-24.74;116.7;13.95;2.77;-0.28
1;-109.89;-13.56;7.73;86.75;24.1;-14.15;-9.45;-316.3;-66.04;12.74;-6.67;22.91;-12.38;38.54;8.77;61.64;3.83;9.18;-161.21;-28.83;106.56;13.02;3.12;0.02
1;-105.67;-14.24;7.5;79.95;25.39;-14.22;-9.79;-352.99;-67.11;10.12;-10.75;23.42;-12.21;47.97;13.3;69.03;3.58;8.66;-188.27;-27.32;108.81;12.63;3.22;-0.05
1;-109.63;-16.16;7.76;67.87;27.91;-10.13;-11.88;-330.51;-71.42;11.64;-29.73;27.19;-12.33;42.54;5.92;79.22;4.26;8.58;-185.17;-28.03;128.84;13.21;3.55;-0.28
1;-109.9;-11.76;5.02;82.89;24.19;-10.66;-6.74;-298.55;-62.84;10.57;-11.03;23.62;-12.39;32.12;16.08;58.75;3.28;8.24;-145.6;-23.06;94.86;1.64;3.21;-0.3
1;-21.91;-19.46;8.26;175.31;45.14;-7.87;-11.81;-293.41;-145.53;22.51;500.05;31.24;-8.89;80.16;4.01;82.87;6.07;8.66;-259.12;-30.8;112.12;13.37;8.06;-1.35
1;47.51;10.03;7.78;257.05;51.66;-9.14;-10.08;-348.06;-139.29;13.65;481.85;26.18;-9.4;76.48;-1.16;54.66;3.68;7.73;-135.31;-33.2;92.58;2.06;6.86;-1.81
1;-102.36;-17.56;7.33;83.55;29.15;-11.38;-12.03;-263.58;-53.63;17.88;-4.13;29.34;-12;59.94;12.05;81.97;4.5;9.54;-262.06;-25.48;142.54;10.58;2.7;-0.33
1;-101.73;-11.21;6.66;77.98;18.68;-10.8;-8.62;-270.37;-60.72;11.43;-17.59;21.07;-12.05;24.41;19.8;64.07;3.63;8.19;-160.75;-28.15;118.23;8.26;3.07;-0.37
1;-100.75;-13.75;8.56;81;25.61;-12.84;-13.42;-258.46;-78.8;18.88;-14.62;30.3;-11.9;70.04;13.71;79.22;4.72;9.99;-247.48;-29.75;121.21;17.71;2.94;-0.14
1;-103.1;-6.94;5.96;81.05;25.47;-12.33;-8.73;-326.78;-69.17;12.36;-7.65;27.14;-12.11;38.71;12.62;61.23;3.71;8.99;-152.2;-26.08;106.83;5.21;3.16;0.01
1;-101.1;-9.25;6.62;85.63;26.29;-12.25;-11.91;-351.93;-79.95;14.34;-10.43;30.89;-11.92;65.83;6.32;64.31;4.26;9.93;-205.9;-23.8;76.74;10.96;3.23;0.23
1;-101.32;-18.19;5.98;82.27;17.97;-11.56;-6.13;-293.71;-62.89;10.01;-10.69;22.12;-12.22;8.39;14.92;47.61;3.13;7.74;-133.6;-23.78;75.33;6.53;2.59;0.15
1;-99.63;-26.08;7.51;87.78;24.3;-11.61;-9.48;-346.49;-91.76;13.67;-1.38;28.56;-11.78;28.05;28.02;79.3;4.18;9.24;-199.25;-30.32;137.48;12.28;2.87;0.12
1;-91.67;-6.62;5.32;93.84;36.56;-18.69;-7.92;-309.5;-81.65;13.54;0.51;27.79;-12.29;76.35;11.25;84.83;3.59;11.73;-237.53;-23.24;126.94;-0.86;3.11;-0.07
1;-95.95;-10.94;7.64;79.23;28.45;-12.65;-8.4;-317.51;-114.96;14.84;-13.08;27.07;-12.46;59.61;14.27;70.18;4.1;9.65;-219.7;-33.82;79.86;3.07;3.75;0.15
1;-92.23;-17.46;7.61;86.49;24.53;-14.72;-9.88;-278.14;-65.77;16.8;14.28;21.66;-11.68;36.28;23.74;70.72;4.45;9.56;-203.72;-30.84;131.17;11.05;2.89;0.03
1;-101.69;-16.62;7.57;82.63;29.06;-13.57;-8.16;-331.7;-115.71;15.21;0.65;29.03;-12.5;49.26;19.46;76.79;4.39;10.06;-229.1;-33.59;98.21;8.57;3.29;0.27
1;-101.49;-18.81;7.49;83.63;24.89;-12.47;-6.51;-312.44;-92.71;12.41;-4.61;25.37;-12.37;28.37;21.76;65.48;3.67;9.44;-179.89;-30.09;101.03;9.29;3.46;-0.08
1;-97.76;-14.68;6.85;78.48;22.2;-13.66;-7.95;-291.9;-55.94;12.72;-18.76;29.03;-12.05;31.66;18.26;64.06;3.69;9.88;-179.71;-26.85;92.86;8.36;3.33;0.02
1;-99.51;-17.99;6.7;78.26;23.13;-16.39;-6.97;-244.83;-57.89;12.84;-23.33;24.28;-12.42;26.81;21.01;71.17;3.86;9.96;-178.22;-28.3;113.45;4.16;3.3;-0.08
1;-97.59;-11.52;7.02;82.35;25.6;-10.43;-12.51;-352.92;-60.92;14.79;-17.33;27.64;-11.67;67.63;15.26;65.31;4.35;9.5;-207.5;-29.14;80.77;10.48;3.67;0.15
1;-88.19;-27.57;6.17;78.17;23.67;-13.69;-5.47;-340.49;-91.61;5.82;-22.42;29.57;-11.32;11.63;28.41;62.06;3.1;9.12;-86.09;-22.45;109.58;8.34;4.06;-0.37
1;-96.19;-11.01;8.13;73.38;24.1;-14.7;-12.74;-277.56;-68.55;14.4;-20.31;24.47;-11.05;36.39;18.19;60.31;4.32;8.6;-169.12;-24.01;84.25;16.72;3.83;-0.42
1;-96.1;-12.39;8.38;80.78;20.18;-10.14;-8.48;-270.05;-61.33;18.29;2.67;19.76;-11.46;43.32;12.09;59.01;4.62;7.81;-168.72;-33.66;90.47;13.83;3.65;0.38
1;-95.58;-10.36;7.31;77.14;23.85;-11.91;-9.11;-286.09;-49.08;12.94;-18.35;27.98;-11.55;50.34;13.34;67.55;3.89;9.36;-215.02;-33.19;78.28;10.47;3.02;0.1
1;-104.17;-11.63;7.74;77.54;22.57;-9.67;-11.11;-258.77;-69.61;17.59;-8.53;25.11;-11.6;50.21;8.36;64.03;4.51;8.29;-202.07;-30.13;86.17;14.18;3.1;-0.11
1;-90.77;-11.1;6.77;79.74;22.4;-11.67;-7.01;-298.94;-61.48;11.02;-9.06;27.12;-11.47;32.54;15.2;64.36;3.46;9.21;-203.16;-29.7;73.9;11.51;2.93;0.15
1;-97.92;-12.76;6.75;83.33;31.32;-13.75;-9.39;-397.26;-84.9;10.74;-26.61;30.35;-11.56;45.67;11.26;68.53;3.75;10.51;-165.49;-23.03;115.25;12.44;3.54;-0.15
1;-99.35;-13.45;7.56;80.13;24.05;-9.18;-9.57;-324.06;-72.74;14.77;-18.36;25.11;-11.58;48.41;13.14;61.17;4.07;8.18;-186.75;-30.91;75.98;13.38;3.46;0.19
1;-94.7;-19.41;6.46;81.15;25.99;-12.78;-10.81;-351.28;-85.75;12.97;-15.58;28.89;-11.59;36.16;14.32;60.04;4.05;9.49;-175.97;-26.17;76.6;9.99;3.63;0.24
1;-96.85;-16.78;7.69;72.44;26.37;-12.66;-8.65;-296.75;-68.95;14.64;-8.02;20.61;-11.53;28.94;20.4;64.66;4.12;8.26;-173.9;-32.89;100.15;12.59;3.63;-0.05
1;-94.67;-20.48;6.89;79.06;23.79;-11.25;-9.96;-350.96;-82.24;12.4;-23.86;24.36;-11.16;19.47;25.54;56.46;3.96;8.62;-138.79;-24.84;109.18;12.2;3.62;-0.07
1;-97.23;-10.82;7.05;84.45;28.62;-14.17;-9.9;-311.79;-76.6;16.67;-17.53;26.88;-11.79;54.99;19.11;85.04;4.54;10.16;-251.43;-33.29;147.92;8.12;2.79;-0.13
1;-101.57;-17.04;7.96;82.81;28.98;-13.89;-12.69;-385.87;-86.02;16.9;-28.46;28.77;-11.58;50.79;22.8;77.16;4.76;9.63;-231.5;-31.56;100.87;14.89;3.41;-0.08
1;-99.23;-11.28;5.53;77.72;23.79;-11.27;-7.86;-302.23;-53.03;11.42;-14.29;24.46;-12.06;35.07;10.07;52.4;3.5;8.46;-167.04;-23.21;59.75;3.46;3.37;0.06
1;-107.49;-15.96;7.39;77.85;21.62;-10.7;-6.53;-256.07;-70.28;9;-27.29;20.87;-11.89;20.16;15.39;40.35;3.06;8.07;-73.59;-23.66;68.36;14.23;2.82;0
1;-97.99;-22.47;7.16;76.02;20.59;-8.82;-9.67;-254.39;-72.89;12.01;-9.82;19.95;-11.72;11.96;19.7;56.53;3.62;7.06;-141.33;-22.84;88.72;11.56;3.06;-0.29
1;-102.38;-9.92;7.54;79.7;26.86;-14.3;-8.64;-272.66;-62.92;14.48;-20.12;25.26;-12.35;42.63;3.71;61.52;4.02;9.21;-183.96;-29.59;81.74;10.61;3.03;0.28
1;-93.92;-15.71;8.23;76.8;22.22;-12.6;-10.94;-243.22;-66.65;17.66;5.04;27.38;-11.32;42.88;18.68;67.66;4.35;8.67;-219.57;-29.13;91.25;16.55;2.89;-0.25
1;-110.25;-5.09;8.41;82.08;25.62;-14.14;-10.22;-283.41;-63.29;19.81;-9.38;31.48;-12.47;61.9;1.36;71.94;4.9;9.81;-229.95;-33.92;91.75;12.58;3.06;0.19
1;-99.51;-0.05;6.46;79.43;31.67;-16.56;-10.58;-266.27;-68.9;16.74;-12.66;32.94;-12.15;87.08;5.76;66.43;4.38;10.48;-219.84;-28.36;74.39;8.27;3.21;-0.16
1;-92.56;-15.22;7.61;75.46;29.87;-13.45;-12.38;-321.85;-97.56;15.4;-15.01;33.45;-11.32;49.73;20.61;70.76;4.29;9.93;-194.46;-21.91;116.61;15.94;3.41;-0.45
1;-108.49;-9.39;8.85;86.51;27.57;-11.65;-14.31;-342.41;-71.62;20.87;-15.29;32.67;-11.81;85.25;3.66;75.35;5.45;9.71;-261.95;-32.28;88.6;17.72;3.33;0.2
1;-101.24;-9.41;7.78;81.08;28.19;-12.72;-10.63;-299.59;-88.29;19.54;-13.73;32.77;-11.7;66.05;11.42;70.36;5;9.84;-230.09;-32.44;79.45;15.59;2.82;-0.07
1;-102.22;-14.96;7.8;76.05;18.94;-10.96;-7.17;-271.32;-55.08;16.2;-1.13;19.39;-11.32;22.62;11.08;57.56;4.48;7.88;-152.37;-26.36;85.3;13.52;3.29;0.3
1;-94.52;-23.47;7.08;77.67;23.52;-14.13;-7.09;-369.29;-88.22;7.44;-33.35;21.76;-11.4;14.53;17.65;61.57;3.31;8.89;-148.88;-23.15;104.68;10.84;3.68;-0.2
1;-93.9;-8.31;7.38;76.26;24.19;-14.35;-10.62;-266.83;-71.63;13.48;-13.58;23.91;-11.31;37.2;19.51;64.84;3.98;8.7;-164.95;-26.54;117.33;13.88;2.96;-0.31
1;-93.11;-10.25;7.54;76.89;26.23;-13.22;-9.3;-315.14;-61.17;12.46;-28.84;27.19;-11.6;54.47;15.21;65.3;3.94;10.06;-187.88;-30.13;92.09;13.08;3.58;-0.14
1;-98.06;-6.44;7.12;81.11;26.01;-15.47;-8.45;-372.25;-79.84;9.43;-27.88;24.25;-11.53;41.4;5.53;44.37;3.47;9.68;-106.37;-22.06;48.46;11.76;3.79;-0.08
1;-94.08;-17.27;6.97;72.14;24.19;-16.45;-6.65;-250.42;-63.44;7.57;-28.52;18.25;-11.85;23.98;20.55;51.79;2.9;8.32;-91.35;-25.44;88.89;9.36;3.09;-0.55
1;-98.22;-14.18;6.86;70.82;21.81;-12.28;-8.76;-271.29;-84.35;10.48;-24.97;21.82;-11.87;22.98;11.3;68.99;3.8;8.38;-199.26;-30.82;71.11;4.63;4.05;0.04
1;-95.38;-8.81;6.55;74.68;23.77;-13.27;-8.04;-301.19;-56.85;11.47;-18.65;26.61;-11.86;39.4;13.99;62.92;3.63;9.39;-199.83;-29.86;76.24;8.1;3.35;-0.27
1;-93.6;-7.09;6.34;68.74;25.11;-12.48;-7.08;-277.75;-63.79;12.12;-16.38;23.66;-11.92;42.88;13.15;59.13;3.49;8.25;-170.48;-28.76;86.71;5.54;3.42;0
1;-94.03;-20.02;7.24;75.45;20.44;-11.28;-10.6;-258.06;-59.48;15.82;-5.34;23.3;-11.11;30.64;19.72;74.61;4.45;7.79;-209.58;-25.95;108.39;12.53;3.42;-0.15
1;-101.17;-0.93;7.26;80.65;30.61;-13.62;-12.21;-340.46;-79.45;17.67;-13.35;29.79;-11.42;76.15;6.87;63.41;4.98;9.56;-217.86;-31.31;60.04;10.95;3.46;-0.08
1;-93.24;-14.04;7.17;74.33;21.32;-12.76;-10.38;-318.56;-69.41;11.1;-14.08;21.95;-11.44;29.29;13.13;61.61;3.6;8.23;-177.42;-29.31;84.3;10.64;3.83;-0.16
1;-93.23;-17.98;6.86;77.34;21.55;-9.64;-11.04;-263.29;-59.36;15.21;-0.32;31.14;-11.45;30.56;20.25;74.65;4.2;8.53;-212.94;-23.44;114.39;10.81;2.88;-0.23
2;-107.3;-16.21;3.64;81.49;20.16;-14.11;-9;-243.8;-66.48;6.08;61.01;17.2;-12.53;22.13;12.85;53.27;4.29;7.78;-123.28;-28.02;93.6;-5.63;3.27;-0.55
2;-110.59;-17.53;4.67;86.53;21.75;-11.72;-8.75;-275.94;-62.48;16.76;57.49;30.42;-12.26;37.21;0.08;79.06;4.73;9.49;-226.46;-27.38;116.07;1.85;3.46;-0.16
2;-70.51;-12.99;5.78;179.91;28.69;-15.07;-6.47;-325.54;-91.44;10.4;501.68;24;-11.15;32.75;-8.07;67.1;3.73;9.68;-169.46;-26.06;108.01;4.62;4.77;0.08
2;-116.54;-16.34;6.68;82.39;29.33;-14.46;-9.01;-268.08;-61.71;11.99;36.14;32.25;-12.27;42.87;-2.59;86.07;4.3;9.94;-269.31;-27.85;108.4;10.15;3.47;-0.21
2;-106.23;-19.98;3.11;85.78;30.46;-11.78;-7.8;-267.17;-74.35;13.29;79.56;22.91;-12.35;35.96;10.9;67.8;4.16;8.66;-160.88;-18.82;108.76;-4.36;3.48;0.05
2;-59.15;-12.68;6.64;180.43;31.92;-16.69;-6.21;-274.93;-83.35;11.82;501;22.24;-11.02;37.8;-20.7;70.93;4.15;9.85;-153.12;-27.77;109.57;5.13;5.44;0.15
2;86.57;-11.56;6.45;273.31;45.12;0.14;-8.72;-294.68;-90.39;4.83;504.99;16.19;-6.81;48.04;1.47;56.89;2.93;5.52;-161.22;-20.96;77.24;3.03;8.9;-2.23
2;-117.84;-15.46;3.19;76.87;24.43;-14.98;-5.41;-260.37;-70.16;5.96;-31.87;17.32;-12.35;17.88;7.07;69.42;3.38;9.34;-157.79;-20.41;95.14;-5.25;3.19;0.54
2;-116.89;-4.05;4.51;77.31;32.58;-13.64;-6.59;-255.3;-60.26;12.97;-23.1;23.24;-12.33;38.22;-7.26;51.78;4.08;10.41;-125.83;-20.41;72.69;1.46;2.3;0.76
2;-15.22;-31.43;6.59;209.92;33.28;-2.06;-8.35;-341.57;-107.89;7.84;501.95;19.99;-9.85;60.17;-12.35;78.65;3.71;6.48;-135.32;-20.67;117.99;5.2;10.15;-1.02
2;34.93;-7.84;6.18;262.4;56.11;-15.47;-10.74;-368.29;-109.75;7.97;504.56;18.73;-8.48;106.48;9.58;103.81;4.42;8.37;-186.51;-22.06;196.38;3.61;5.05;-0.94
2;-90.81;-21.04;4.31;102.06;41.08;-12.41;-8.74;-236.79;-109.27;7.98;177.59;18.18;-11.87;59.28;25;72.06;3.59;8.26;-107.81;-19.49;196.17;-0.06;4.22;-0.14
2;-109.33;-18.51;5.18;96.69;32.82;-13.45;-9.5;-340.01;-78.56;12.71;106.69;26.34;-12.24;28.59;15.2;64.5;4.51;8.97;-136.96;-24.91;134.28;2.81;4.5;-0.21
2;-115.11;-16.54;4.34;94.96;32.66;-15.07;-8.41;-337.03;-75.87;11.37;86.04;25.81;-12.45;39.77;5.26;62.67;4.11;9.6;-169.83;-22.34;100.61;0.94;3.78;-0.07
2;-107.35;-27.47;5.38;99.84;38.15;-15.64;-9.39;-265.61;-100.28;11.91;145.81;25.76;-13.02;35.94;31.05;91.07;4.34;9.39;-196.66;-29.85;201.24;0.61;4.1;0.15
2;-67.48;-14.16;6.92;191.78;42.15;-13.41;-7.02;-339.1;-112.84;14.21;501.45;22.47;-10.86;105.7;-7.76;55.41;4.69;9.51;-121.26;-27.61;111.11;5.69;5.89;-0.17
2;115.95;-9.63;6.65;262;56.86;-2.27;-11.39;-334.57;-125.77;6.8;503.37;19.72;-6.11;84.8;6.77;90.72;4.05;5.26;-155.86;-25.33;152.4;4.59;10.07;-2.55
2;-115.76;-19.69;5.04;72.83;27.08;-16.65;-6.42;-261.75;-62.99;13.52;-26.12;27.17;-12.71;32.39;11.71;77.79;4.15;10.65;-202.77;-27.05;115.72;1.15;2.56;0.84
2;-16.44;-21.68;5.72;220.69;48.93;3.6;-6.53;-322.92;-86.4;10.25;503.94;25.24;-9.17;117.37;-14.51;84.52;4.16;5.75;-192.48;-19.68;99.31;1.34;11.85;-1.51
2;30.48;-10.86;6.63;255.34;44.61;-16.2;-9.08;-333.86;-105.82;6.8;507.87;20.61;-8.42;60.17;3.03;72.06;3.44;9.37;-116.81;-21.14;137.13;6.9;5.37;-0.4
2;-82.75;-22.31;4.76;124.84;30.86;-15.82;-8.09;-261.83;-86.31;8.01;268.04;21.05;-11.88;18.13;26.51;64.59;3.49;9.07;-121.36;-23.37;147.48;0.82;4.35;-0.01
2;-70.63;-17.48;6.12;189.7;37.51;-14.8;-10.05;-309.28;-100.02;11.2;502.36;20.86;-10.73;71.16;-0.83;73.7;4.38;9.79;-173.34;-23.73;128.67;5.75;5.65;-0.08
2;130.72;-20.09;6.96;267.99;42.89;3.55;-7.24;-382.11;-102.98;11.5;506.01;17.58;-5.66;40.43;-0.52;55.4;3.7;3.42;-91.17;-19.63;108.99;4.01;10.78;-1.56
2;-122.18;1.04;4.46;78.63;27.12;-16.5;-6.64;-273.64;-50.75;11.59;-50.17;23.05;-13.2;42.9;-13.84;43.46;4.39;10.87;-127.4;-20.36;39.68;-2.94;1.95;0.82
2;-111.42;-12.17;7.32;69.35;33.29;-15.61;-5.42;-275.21;-87.29;8.82;-37.36;23.44;-13.68;43.59;-5.91;61.51;4.2;10.48;-121.91;-30.26;99.35;1.51;4.47;0.68
2;-99.83;-6.19;4.8;74.44;25.37;-16.02;-5.4;-335.39;-48.39;8.95;-23.75;26.96;-12.4;34.08;-10.95;77.3;4.08;10.89;-192.28;-21.19;68.76;-2.03;5.13;0.39
2;67.35;-6.27;5.55;279.12;39.68;-13.2;-7.65;-341.7;-75.89;8.28;503.36;21.45;-6.69;54.49;0.46;66.94;2.9;7.8;-172.35;-14.32;105.73;2.78;8.2;-1.5
2;-124.12;-10.44;3.24;84.88;30.01;-16.55;-6.22;-267.84;-73.58;11.03;-20.03;27.18;-12.24;35.77;2.93;64.26;3.79;10.75;-153.87;-18.7;75.11;-4.72;2.78;0.39
2;-135.1;-9.82;5;71.97;40.31;-12.49;-9.23;-352.86;-103.17;14.77;-31.16;30.52;-12.58;54.22;-7.85;79.4;5.14;10.69;-189.51;-19.75;114.76;2.78;4.09;0.55
2;-131.18;-17.29;5.27;76.04;32.81;-16.13;-8.51;-292.97;-74.77;11.14;-28.53;25.63;-12.93;32.59;7.08;56.36;4.22;10.16;-137.78;-26.08;78.13;1.76;3.17;0.45
2;-132.61;-10.79;4.23;74.37;33.42;-16.13;-6.23;-273.54;-81.3;11.11;-44.39;26.44;-12.72;42.05;-9.78;71.49;3.9;10.26;-184.39;-22.57;98.1;-3.93;2.96;0.92
2;-45.25;-10.34;6.2;196.85;34.82;-12.94;-7.45;-399.62;-86.44;13.07;503.36;28.8;-10.86;51.43;-22.54;66.73;4.66;10.09;-185.14;-20.7;84.44;2.63;7.8;-0.1
2;56.33;-1.97;6.34;278.99;64;-11.71;-10.54;-362.15;-140.6;5.19;507.91;22.44;-6.8;102.44;-5.98;84.76;3.95;8.68;-167.83;-20.43;138.87;5.34;8.24;-2
2;-123.93;-26.87;4.27;85.53;33.89;-15.82;-9;-271.15;-93.35;7.39;-29.25;21.15;-12.7;14.23;20.36;69.67;4.43;10.01;-184.1;-20.95;104.74;-2.98;2.65;0.07
2;-131.45;-26.58;4.52;69.35;31.72;-13.36;-9.58;-278.31;-90.61;8.3;-37.46;19.95;-13.27;25.5;16.81;53.01;4.39;8.86;-123.63;-23.16;104.5;-4.01;3.19;0.41
2;-35.49;-23.99;6.61;198.45;49.83;-10.51;-11.58;-350.01;-131.47;9.22;504.06;25.52;-10.34;118.41;-5.11;88.68;5.36;8.8;-145.68;-22.48;200.37;3.23;9.67;-0.97
2;52.29;-1.42;6.56;275.06;55.21;-17.55;-10.06;-352.09;-118.03;5.02;504.38;21.74;-6.6;69.13;1.25;79.8;4.02;9.81;-134.14;-15.17;159.16;5.71;6.81;-1.74
2;-121.12;-26.81;3.63;75.86;35.58;-14.78;-8.64;-247.37;-94.88;6.12;-28.5;19.13;-13.13;33.42;23.74;62.72;3.77;9.68;-113.39;-17.56;169.41;-2.37;3.18;-0.17
2;-124.07;-25.85;5.01;68.98;42.01;-13.86;-9.16;-247.89;-110.24;11.43;-16.29;23;-13.31;52.93;28.5;65.38;4.91;10.13;-113.46;-25.91;214.37;-0.85;3.11;-0.32
2;-56.42;-21.69;7.08;185.33;44.69;-13.58;-10.02;-253.24;-132.06;8.83;500.88;29.75;-10.15;113.66;1.31;82.36;4.15;10.59;-214.55;-24.87;114.59;10.49;5.8;-0.56
2;121.35;2.86;6.22;256.86;67.78;2.99;-16.56;-340.76;-149.43;3.27;502.45;30.92;-5.94;99.01;-26.5;91.94;4.61;6.7;-207.13;-17.51;120.34;8.08;11.42;-3.44
2;-108.41;-29.26;4.07;72.47;28.08;-16.68;-7.29;-250.9;-72.47;8;-19.48;18.06;-12.42;19.61;26.82;55.08;3.88;10.1;-100;-20.98;112.18;-2.23;2.43;0.71
2;-121.3;-18.5;4.95;73.52;24.65;-16.46;-6.9;-257.13;-85.47;8.19;-24.59;23.38;-13.2;32.57;19.54;65.43;3.42;10.76;-142.35;-26.19;118.95;-4.73;3.17;0.28
2;-105.72;-20.94;3.66;72.1;26.15;-17.41;-7;-252.11;-100.25;7.22;-23.45;30.88;-13.19;19.35;9.95;47.01;3.56;11.38;-107.51;-19.15;71.14;-3.93;3.12;0.92
2;-107.43;-15.04;4.96;70.92;29.8;-13.61;-6.12;-307.51;-66.04;8.61;-20.35;27.74;-12.63;33.31;6.53;39.17;3.49;10.64;-98.36;-21.26;67.29;2.92;4.21;0.53
2;-21.2;-23.05;7.81;206.32;37.13;-1.02;-9.51;-322.3;-93.64;11.54;500.85;24.26;-9.55;71.01;-32.96;72.11;4.52;5.85;-177.51;-26.97;65.73;5.39;11.32;-1.5
2;30.95;-8.7;6.98;250.38;50.46;-18.03;-11.83;-294.47;-143.83;5.26;505.25;31.46;-7.72;82.26;-4;87.05;4.25;10.58;-176.27;-24.35;160.96;10.03;6.2;-1.23
2;-69.1;-26.63;5.67;133.97;36.85;-18.45;-10.74;-253.08;-101.69;10.68;283.94;22.05;-11.58;31.42;39.22;74.71;4.78;10.28;-120.79;-27.18;204.17;0.43;4.1;0.02
2;-106.22;-25.96;5.1;105.12;38.5;-20.81;-9.81;-320.33;-95.99;11.86;158.61;23.24;-12.25;35.13;27.78;72.08;4.46;10.89;-113.33;-25.67;194.94;0.49;4.61;0.01
2;-95.08;-23.83;3.52;94.15;37.4;-18.22;-8.08;-243.72;-96.06;5.3;147.38;20.51;-12.58;36.59;37.2;74.94;3.66;9.91;-120.12;-19.31;180.04;-3.66;4.08;-0.5
2;-60.75;-23.16;5.71;189.01;46.51;-16.43;-15.88;-384.49;-143.21;14.24;500.15;32.44;-10.3;101.87;-10.07;96.09;5.53;11.67;-227.37;-21.86;130.32;4.68;5.84;-0.58
2;105.85;-17.52;6.2;261.71;43.32;0.73;-7.73;-327.74;-82.82;6;501.87;19.97;-5.93;48.42;-2.62;82.2;3.33;4.52;-139.51;-18.34;140.62;4.23;10.54;-2
2;-110.56;-14.36;4.35;78.69;29.3;-15.83;-5.86;-253.99;-58.35;9.28;-17.61;23.06;-11.94;33.66;10.38;54.75;3.7;10.2;-110.12;-18.91;80.13;-1.2;2.97;0.41
2;-103.19;-16.2;4.1;69.88;29.04;-16.72;-6.79;-317;-81.98;9.81;-18.99;25.89;-12.25;47.12;14.98;78.73;3.28;11.39;-172.49;-18.7;120.16;-0.83;4.17;0
2;-116.66;-18.12;6.23;84.97;29.21;-18.8;-4.46;-265.47;-58.59;9.03;-8.44;22.29;-12.94;29.98;1.35;59.23;3.35;11.84;-167.19;-25.88;62.54;4.09;3.51;0.72
2;-17.9;-28.59;5.98;214.36;35;0.89;-8.32;-340.46;-83.8;7.28;500.75;23.94;-9.74;75.26;-11.04;89.1;4.04;6.58;-221.44;-20.54;140.61;2.54;11.13;-1.74
2;26.84;-7.04;6.5;258.61;45.51;-18.82;-10.39;-356.09;-116.4;8.6;503.9;19.11;-7.89;75.6;4.59;76.54;3.99;9.52;-144.36;-23.43;177.42;5.51;5.51;-0.8
2;-90.31;-12.26;4.61;108.72;38.89;-25.26;-9;-254.69;-73.29;10.52;200.13;23.38;-11.62;59.52;14.7;82.63;3.71;11.71;-150.62;-19.25;146.74;-1.18;4.83;-0.9
2;-107.02;-24.55;4.58;98.65;42.41;-26.97;-10.12;-305.67;-105.82;10.31;96.85;22.28;-12.29;54.96;26.98;98.46;4.2;11.87;-137.77;-20.96;238.53;-2.15;4.58;-0.66
2;-111.75;-22.29;6;96.59;38.85;-23.87;-8.21;-269.42;-104.53;11.11;82.47;26.41;-12.44;53.51;21.23;87.91;4.05;11.65;-136.68;-29.8;180.2;4.67;4.47;-0.51
2;-103.11;-22.38;6.05;101.47;34.15;-16.68;-8.48;-364.36;-92.41;14.15;147.55;25.06;-12.19;43.85;31.01;76.11;4.64;10.3;-183.83;-26.35;131.12;7.57;4.54;-0.49
2;-67.77;-14.98;6.62;194.14;44.56;-23.58;-7.7;-342.29;-106.03;11.48;500.42;26.9;-10.26;91.28;-7.98;81.95;4.29;11.92;-202.48;-23.55;101.59;5.94;5.61;-0.59
2;114.72;-13.4;7.22;273.3;53.69;3.63;-10.35;-362.05;-120.96;5.24;503.79;21.63;-6.78;76.75;-8.96;100.96;3.85;4.31;-179.04;-22.84;181.02;5.46;10.61;-2.41
2;-106.03;-16.16;5.61;85.86;29.39;-24.03;-6.52;-270.21;-63.51;8.75;-4.42;20.47;-11.44;40.9;14.08;70.31;3.73;12.45;-111.09;-18.25;123.35;5.51;3.01;-0.01
2;-19.19;-30.42;7.07;222.22;43.14;2.24;-9.12;-382.38;-91.58;7.66;500.12;25.5;-8.64;87.09;-30.49;72.53;3.88;6.52;-176.17;-18.88;72.47;8.31;12.47;-2.36
2;28.73;-15.99;7.26;246.21;44.3;-18.67;-10.42;-284.52;-128.42;5.97;503.23;23.49;-8.72;68.77;-1.26;96.41;3.83;9.89;-194.72;-29.58;180.24;7.79;5.62;-0.53
2;-81.76;-25.64;6.09;131.77;38.64;-34.86;-7.44;-300.2;-116.42;10.72;274.51;17.95;-11.06;51.22;30.11;94.5;3.77;13.35;-111.36;-22.06;214.67;1.56;4.43;-0.46
2;-95.16;-9.73;5.99;116.85;36.45;-32.38;-8.79;-289.98;-75.97;9.24;201.16;19.24;-12.03;67.53;19.68;90.8;3.84;13.47;-129.63;-24.88;196.38;-0.42;4.59;-0.67
2;-39.46;-20.08;8.62;201.77;46.06;-30.64;-9.64;-319.6;-162.79;10.88;504.04;28.28;-9.72;62.94;9.99;117.63;4.4;14.82;-233.86;-28.53;221.6;12.23;5.1;-1.06
2;100.22;-19.2;7.94;281.59;51.13;2.72;-8.85;-302.31;-123.84;5.18;505.75;21.84;-4.94;53.58;-3.65;133.09;4.08;5.34;-214.36;-16.07;208.78;8.05;11.76;-2.6
2;-112.1;-12.92;8.2;74.64;31.83;-20.04;-4.12;-242.87;-70.56;10.18;-28.05;27.45;-13.45;36.95;-3.01;87.24;4.22;12.18;-233.82;-29.17;125.45;5.48;2.76;1.05
2;-85.79;-14.59;4.69;78.77;30.66;-27.88;-6.96;-328.44;-60.95;11.26;10.45;22.12;-12.06;53.83;13.99;67.67;4.48;13.52;-148.96;-20.87;133.05;-1.9;3.45;0.11
2;-8.89;-23.42;8.98;225.96;40.21;0.15;-12.93;-288.94;-121.08;12.28;500.23;23.02;-7.73;80.1;-34.5;106.65;4.97;6.68;-204.76;-29.29;170.02;9.47;12.2;-2.48
2;30.58;-3.97;7.08;250.17;51.1;-21.4;-10.08;-330.1;-135.72;3.61;506.25;19.38;-8.81;81.31;9.58;93.55;3.99;10.6;-161.63;-20.94;226.42;7.11;5.42;-0.99
2;-79.15;-32.52;6;123.86;34.74;-21.45;-7.99;-269.04;-101.1;12.57;266.47;23.21;-11.52;33.31;46.23;90.64;4.49;10;-178.5;-27.31;251.33;2.78;4.64;-0.34
2;-92.51;-15.42;5.9;126.56;32.28;-20.22;-8.68;-275.77;-71.91;13.65;230.61;25.51;-11.61;43.58;23.01;65.64;4.35;10.61;-144.64;-28.05;163.98;4.25;4.54;-0.33
2;-63.99;-18.89;6.81;191.43;46.5;-18.37;-8.99;-336.98;-116.59;11.08;502.43;21.05;-10.37;85.04;-6.52;68.68;4.31;10.46;-162.83;-24.95;144.32;5.59;6.11;-0.72
2;139.76;-18.07;6.84;255.81;63.08;2.99;-11.08;-342.8;-129.57;6.69;504.27;21.16;-6.18;110.16;17.14;167.25;4.18;4.87;-253.97;-24.51;341.06;4.14;10.68;-2.37
2;-117.6;-9;6.27;78.59;30.14;-21.6;-7.66;-267.16;-57.55;12.5;-12.73;28.11;-12.3;51.12;5.32;67.1;4.34;11.78;-159.53;-26.32;100.27;6.13;3.23;-0.01
2;-81.53;-13.82;8.48;75.18;25.92;-29.23;-9.9;-299.38;-52.59;16.36;15.72;29.47;-12.21;38.44;0.97;83.44;5.39;13.06;-230.62;-28.79;100.07;10.93;5.8;0.4
2;43.94;-16.52;5.97;289.49;48.23;-30.05;-8.5;-344.05;-112.1;8.5;504.91;26.46;-6.69;52.37;-0.6;98.21;3.53;12.29;-138.21;-14.21;212.21;4.15;7.83;-1.01
2;-124.06;-8.33;4.88;76.86;33.86;-19.34;-8.11;-256.74;-55.7;11.84;-20.61;26.09;-12.79;45.76;2.46;61.53;4.23;11.16;-163.97;-21.18;91.07;-3.25;2.55;-0.04
2;-3.36;-21.99;6.09;212.63;37.79;0.92;-9.11;-357.46;-117.07;7.88;503.46;23.9;-9.22;68.66;-11.37;76.04;4.23;5.96;-156.74;-19.57;110.88;4.26;11.44;-1.54
2;31.41;-6.23;7.63;278.18;47.38;-28.37;-11.33;-340.6;-125.65;13.87;503.65;21.28;-8.12;65.8;-2.57;97.4;4.37;12.55;-173.1;-29.01;173.34;4.51;4.96;-1
2;-53.98;-24.45;6.77;189.78;43.62;-22.9;-16.48;-306.03;-123;8.24;494.56;32.04;-9.83;123.9;1.86;131.58;5.73;12.56;-321.05;-20.32;218.03;6.61;5.93;-1.14
2;105.46;-13.32;5.4;266.22;55.83;2.24;-8.06;-340.16;-114.51;3.99;502.69;20.37;-6.38;86.83;-16.51;150.29;3.67;4.8;-299.27;-15.5;200.77;3;9.29;-1.57
2;-118.39;-8.61;6.25;73.3;33.21;-22.55;-5.88;-244.94;-69.41;6.49;-17.59;22.43;-11.89;50.65;1.52;60.05;3.17;12.34;-145.94;-21.74;91.79;7.65;3.63;0.11
2;-96.92;-29.46;6.32;71.49;26.37;-18.05;-7.73;-270.94;-73.45;13.11;-1.44;25.08;-11.84;20.34;15.37;58.89;4.8;11.21;-132.32;-27.38;96.72;5.89;4.09;0.7
2;-84.76;-21.87;5.32;77.69;28.32;-23.95;-5.54;-303.61;-96.37;5.58;10.13;26.47;-11.72;41.42;22.55;57.69;3.16;12.93;-122.17;-18.32;102.38;2.83;5.44;-0.17
2;56.47;-11.83;6.81;277.6;53.63;-17.51;-8.64;-345.09;-103.69;10.72;502.2;27.05;-7.47;74.77;-14.4;84.96;3.83;9.38;-153.26;-26.18;114.1;4.25;9.45;-1.39
2;-117.42;-19.02;6.07;80.35;43.84;-17.95;-7.21;-245.6;-108.47;7.26;-0.65;23.08;-11.89;51.87;25.38;59.46;3.78;10.95;-92.06;-21.94;172.37;8.43;3.24;-0.76
2;-121.66;-10.48;6.9;92.21;30.83;-21.27;-8.23;-271.83;-57.9;12.43;10.96;25.45;-12.38;50.5;5.22;66.35;4.24;12.18;-182.03;-30.54;105.37;6.69;3.15;0.02
2;-122.34;-11.87;6.67;87.21;37.46;-21.64;-7.51;-265;-83.04;13.42;-19.22;27.1;-12.83;49.33;6.14;72.41;4.6;11.93;-186.49;-29.93;104.84;2.76;3.47;-0.05
2;-124.9;-14.95;4.76;74.55;37.63;-19.51;-10.14;-292.88;-92.92;9.27;-13.43;28.56;-12.33;58.37;-0.19;48.93;4.28;11.48;-95.85;-22.13;78.91;-0.04;4.17;0.04
2;-120.18;-7.33;5.89;88.6;38.47;-18.64;-7.56;-303.8;-69.96;11.85;-8.44;29.46;-12.01;51.45;-3.15;73.72;4.43;11.67;-196.84;-22.29;88.42;6.27;3.41;-0.04
2;-125.59;-23.02;7.71;85.18;34.91;-23.57;-8.66;-299.19;-142.83;16.22;-20.04;29.57;-13.39;32.64;12.06;89.93;5.02;12.56;-222.28;-34.1;165.51;4.31;3.12;0.46
2;-125.4;-11.69;7.1;72.97;32.07;-18.59;-8.98;-294.62;-66.85;12.35;-8.78;25.79;-12.18;61.02;3.09;66.44;4.39;11.12;-159.45;-28.31;128.17;10.8;4.04;-0.12
2;-120.68;-6.66;6.39;79.65;36.32;-19.4;-9.79;-259.2;-69.37;12.64;-1.94;31.69;-12.29;60.93;1.92;80.25;4.05;11.56;-220.43;-28.95;93.56;7.13;3.59;-0.1
2;-33.7;-18.24;7.24;187.5;42.38;-12.75;-11.89;-361.64;-115.48;14.61;500.37;32.89;-10.26;86.52;-25.25;76.82;5.48;9.84;-188.14;-26.05;75.72;5.91;9.58;-0.89
2;45.66;-21.54;6.1;266.72;51.15;-19.38;-8.43;-339.34;-121.21;11.25;501.29;22.34;-7.5;80.26;6.73;107.29;3.81;10.68;-211.56;-24.77;203.98;5.4;6.85;-0.67
2;-118.03;-11.16;5.64;82.71;44.08;-22.34;-9.46;-251.6;-110.03;11.55;4.6;28.47;-12.28;74.15;15.41;87.4;3.98;12.11;-175.71;-23.63;206.58;4.64;3.61;-0.88
2;-56.55;-12.77;7.98;194.73;36.34;-20.62;-12.34;-344.42;-100.65;13.44;500.78;29.28;-10.05;89.9;-13.92;86;5.14;11.83;-220.83;-27.01;151.19;10.44;6.2;-0.39
2;102.09;-13.04;6.6;269.19;46.13;2.24;-9.03;-388.32;-96.46;5.24;501.22;17.43;-7.25;82.89;-11.63;119.29;3.52;4.56;-220.15;-25.61;191.47;3.23;9.56;-1.57
2;-106.52;-18.87;8.26;84.22;31.96;-20.37;-5.83;-241.91;-87.39;3.45;-8.98;20.61;-10.99;46.21;18.37;68.91;3.2;11.82;-97.53;-20.73;141.82;15.36;3.29;-0.34
2;-109.15;-14.11;6.78;67.53;26.1;-15.8;-7.59;-300.66;-50.56;9.32;-26.9;26.3;-11.53;45.46;7.84;67.52;3.29;10.88;-142.84;-25.24;131.31;9.9;4.74;-0.19
2;-107.06;-7.01;6.27;71.94;28.68;-17.45;-5.73;-270.63;-48.11;10.13;-12.11;26.37;-12.53;45.3;-4.3;47.82;3.76;12.17;-113.4;-26.53;53.6;4.25;4.18;0.35
2;-108.42;-10.47;6.04;78.32;29.25;-20.69;-5.99;-336.36;-82.58;10.34;-9.81;22.18;-12.38;49.09;15.48;61.3;3.81;11.47;-139.78;-25.04;129.61;1.35;3.95;0.24
2;-110.34;-7.31;6.51;75.12;31.49;-19.92;-8.59;-244.43;-55.94;13.42;-13.1;28.95;-12.05;54.86;6.01;65.7;3.8;12.06;-155.46;-27.98;99.74;7.71;2.97;0.09
2;-18.8;-19.48;7.05;211.84;41.87;-1.83;-11.06;-363.3;-107.23;13.03;500.54;33.35;-8.9;77.5;-25.94;68.99;5.25;8.13;-195.96;-23.11;65.87;5.75;12.36;-1.55
2;40.26;-8.51;6.42;251.77;43.76;-18.29;-8.47;-345.49;-105;12.34;501.49;22.92;-8.38;63.56;10.9;100.01;4;10;-171.48;-28.5;197.45;4.48;5.36;-0.52
2;-101.76;-18.11;6.52;103.19;33.22;-19.25;-9.93;-274.97;-80.85;13.78;152;30.1;-11.26;34.09;22.4;64.41;3.95;10.75;-157.08;-21.52;129.52;13.02;4.74;-0.76
2;-101.01;-15.13;7.04;109.56;41.75;-14.93;-10.43;-279.46;-112.9;15.52;188.56;26.91;-12.07;52.2;22.06;87.9;5.25;10.03;-152.78;-28.05;260.9;7.27;4.86;0.27
2;-101.78;-32.96;5.34;103.83;42.27;-9.57;-8.27;-310.95;-131.18;7.16;144.47;23.67;-11.32;27.46;40.43;80.15;3.39;9.21;-72.77;-17.71;276.08;5.87;5.1;-0.04
2;222.51;14.19;7.57;257.43;57.29;5.03;-9.06;-294.52;-64.51;12.88;497.81;20.68;-3.27;97.98;-60.46;134.14;5.05;6;-208.28;-31.24;183.44;3.96;11.01;-2.13
2;-122.05;-11.94;6.65;79.54;32.72;-14.08;-6.22;-274.77;-70.39;17.97;-22.64;36.57;-12.08;42.64;1.28;76.5;4.58;12.18;-203.6;-28.17;127.34;7.5;2.72;0.52
2;-96.6;-27.82;8.8;58.13;21.79;-1.64;-5.15;-243.69;-63.6;15.08;-28.8;28.99;-11.9;11.42;0.75;48.27;4.84;8.85;-93.52;-28.65;68.9;8.69;9.58;0.07
2;43.04;-9.82;6.4;261.06;53.97;-15.11;-8.39;-311.22;-117.42;6.31;503.11;17.86;-7.81;86.82;6.23;85.69;3.58;9.45;-169.44;-23.11;196.24;6.57;5.57;-0.96
2;-103.25;-24.16;6.36;102.59;42.45;-22.38;-7.64;-262.71;-121.78;15.1;148.34;31.04;-11.79;39.04;34.72;90.6;4.46;11.32;-195.29;-29.6;207.32;8.51;4.44;-0.37
2;-52.96;-10.68;7.51;188.59;36.33;-16.82;-10.31;-279.79;-92.29;10.24;502.2;21.49;-10.3;67.56;-16.6;83.93;4.38;10.68;-199.52;-27.85;98.59;7.75;6;-0.51
2;103.6;-19.13;6.39;267.31;50.6;0.28;-9.31;-346.65;-105.78;7.25;504.66;22.27;-7.17;72.26;-5.92;102.73;3.78;5.17;-188.31;-26.44;173.81;2.63;10.38;-1.76
2;-109.84;-9.74;5.66;80.8;32.27;-18.34;-6.99;-256.45;-59.42;12.36;-13.69;25.58;-11.64;38.22;6.06;64.73;4.08;11.14;-148.54;-22.63;80.14;5.24;2.94;-0.01
2;-114.69;-18.91;6.75;70.99;33.69;-16.55;-6.06;-333.52;-90.42;9.45;-16.89;29.97;-11.94;64.82;24.18;68.84;3.61;11.51;-138.84;-24.02;140.29;10.18;4.81;-0.14
2;-109.24;-9.78;7.02;64.97;37.34;-17.05;-7.67;-257.58;-71.22;10.95;-18.32;29.63;-11.77;68.65;19.17;82.01;3.67;11.62;-176.86;-22.94;134.89;11.22;3.78;-0.46
2;-101.21;-20.39;7.9;67.76;27.03;-15.07;-6.53;-296.37;-72.31;6.6;-4.45;21.97;-11.29;21.16;14.24;50.6;3.42;10.32;-130.24;-24.56;106.72;13.17;4.72;-0.08
2;-104.6;-23.61;5.33;72.52;32.42;-15.54;-7;-342.39;-79.87;3.36;-7.7;28.53;-11.68;32.08;21.24;56.38;3.12;11.39;-142.61;-19.05;109.68;4.06;4.41;-0.01
2;-97.6;-21.7;5.16;68.25;30.75;-18.49;-7.8;-275.65;-81.77;8.64;-6.68;25.79;-12.12;32.45;20.42;47.24;3.92;10.92;-88.56;-23.51;101.06;3.24;4.16;0.24
2;-109.27;-21.52;6.21;80.42;33.84;-17.99;-5.36;-370.82;-108.98;9.86;-7.5;30.14;-12.42;47.79;16.71;61.83;3.89;11.68;-115.87;-23.83;98.07;5.7;4.31;0.16
2;-99.02;-18.81;7.37;70.97;25.84;-17.48;-6.2;-273.11;-72.1;7.97;5.23;23.37;-11.01;26.53;15.08;54.34;3.14;10.94;-132.01;-19.56;95.09;13.38;4.36;-0.11
2;-93.78;-20.71;6.44;62.73;27.65;-14.54;-5.09;-248.05;-71.62;9.35;-1.71;21.23;-10.79;35.19;20;58.09;3.38;10.15;-136.15;-16.79;88.77;12.36;4.7;0.13
2;-120.07;8.59;8.15;63.39;31.96;-13.36;-8.36;-260.51;-65.42;14.46;-29.15;29.75;-10.8;64.77;-12.01;58.52;4.04;10.96;-171.51;-19.02;57.98;17.47;3.87;0.25
2;-108.29;-9.28;8.38;75.15;31.61;-17.57;-7.89;-353.45;-90.03;14.02;-17.57;26.95;-10.82;45.56;-2.04;68.37;4.59;11.35;-254.31;-25.46;85.88;17.75;5.55;0.5
2;70.39;-16.46;6.95;258.82;35.24;-5.32;-10.45;-303.62;-82.31;8.91;494.28;25.06;-7.56;63.26;-9.06;103.97;3.75;7.63;-212.79;-26.31;137.99;6.66;8.84;-1.53
2;-111.94;-6.13;5.5;104.8;34.58;-37.27;-5.48;-289.71;-62.57;7.38;14.44;22.81;-11.41;66.12;1.04;80.15;2.94;15.13;-126.07;-18.57;174.54;7.31;1.94;-0.44
2;-19;-24.08;9.1;195.76;29.09;-1.18;-11.6;-304.68;-111.12;12.84;501.62;26.3;-9.11;41.65;-21.67;80.68;4.9;7.66;-172.65;-29.71;108.96;9.22;10.91;-1.12
2;45.73;-12.74;7.1;262.14;51.55;-20.3;-13.27;-292.1;-115.81;12.44;504.19;26.7;-8.03;97.36;-2.83;129.2;4.62;11.15;-245.79;-29.66;209.19;7.07;6.07;-1.27
2;-115.32;-24.64;5.08;80.58;30.15;-19.88;-6.27;-256.11;-84.01;15.3;-8.8;24.21;-11.52;29.55;14.09;71.45;4.31;10.17;-148.61;-20.03;150.89;4.09;3.8;-0.38
2;-122.67;-13.14;6.74;80.28;38.86;-20.56;-7.06;-273.27;-95.39;13.52;-3.78;25.77;-11.61;55.22;10.41;68.55;4.64;10.9;-129.43;-27.21;97.8;12.66;3.84;-0.39
2;-122.23;-9.09;7.37;73.59;47.39;-17.17;-8.78;-305.76;-132.38;12.27;-8.32;33.08;-11.58;72.72;-3.13;85.65;4.45;11.44;-193.44;-26.75;251.27;16.17;4.02;-0.28
2;-120.98;-33.35;7.59;79.86;35.46;-19.87;-9.29;-278.98;-95.86;10.74;11.35;25.73;-11.68;26.29;29.5;73.49;4.17;10.75;-167.95;-24.18;179.41;16.02;4.34;-0.86
2;-123.26;-25.62;6.93;79.8;31.19;-17.06;-7.8;-313.08;-108.64;7.51;-0.23;25.95;-11.66;12.88;10.28;59.44;3.63;10.03;-167.94;-25.27;129.04;14.5;4.32;-0.56
2;-123.58;-11.5;7.64;80.77;38.66;-17.6;-6.69;-337.94;-103.17;8.88;-10.91;26.24;-11.48;32.14;7.58;71.57;3.97;10.81;-200.62;-26.71;161.08;18.1;4.74;-0.62
2;-49.17;-9.7;8.51;205.37;37.95;-22.63;-9.93;-361.21;-90.06;14.48;505.29;27.27;-9.85;65.97;-5.51;92.55;4.89;12.05;-197.16;-25.35;143.58;15.77;5.62;-0.6
2;106.46;-26.29;6.46;278.92;46.33;-0.34;-12.61;-430.26;-124.96;5.44;503.9;29.1;-7.02;73.97;-6.2;120.4;4.1;6.86;-219.79;-22.97;193.38;3.75;10.41;-2.3
2;-109.9;0.07;6.1;93.84;34.99;-21.95;-10.98;-270.29;-40.05;12.9;10.19;28.14;-11.59;54.71;-1.89;78.91;4.49;13.31;-194.7;-21.37;94.93;7.56;3.28;-0.01
2;-95.02;-15.23;5.87;88.64;33.56;-22.94;-6.73;-385.55;-77.63;9.02;20.16;27.71;-11.31;51.46;14.86;68.2;3.98;13.15;-135.72;-19.55;98.42;8.91;3.9;-0.27
2;-102.2;-17.88;5.5;78.27;31;-19.61;-5.7;-310.39;-93.38;8.11;-8.37;25.81;-11.86;33.6;16.64;50.07;3.29;11.73;-65.1;-22.64;98.74;5.25;3.96;0.29
2;-102.81;-20.99;9.3;88.63;33.61;-22.97;-7.42;-348.06;-88.13;13.67;23.58;24.02;-11.19;41.84;14.08;60.27;5.03;12.39;-142.63;-27.76;106.91;18.59;3.34;0.21
2;-24.82;-17.2;10.18;210.01;39.2;-3.79;-11.16;-344.15;-86.51;11.09;501.85;21.03;-8.8;79.98;-29.41;66.98;4.44;5.7;-183.92;-31.29;61.68;14.45;12.89;-1.88
2;32.56;-4.22;6.34;254.85;42.64;-19.6;-11.1;-340.14;-91.51;11.85;502.1;19.63;-8.78;64.44;-11.49;77.85;4.08;9.68;-151.67;-25;140.58;5.1;5.4;-0.88
2;-75.89;-26.44;6.85;119.71;31.06;-20.8;-6.7;-261.68;-84.61;4.71;249.64;23.68;-10.72;29.05;34.49;64.71;3.19;10;-114.74;-18.59;127.47;16.34;4.97;-1.18
2;-109.38;-15.92;6.54;120.16;40.45;-32.6;-7.8;-317.82;-93.66;17.86;155.23;28.63;-11.88;68.69;23.3;92.41;5.13;14.25;-145.96;-30.08;169.03;8.06;4.77;-0.88
2;-101.99;-20.56;6.4;112.37;31.31;-28.84;-7.68;-307.21;-71.89;11.09;134.39;23.61;-11.29;48.25;27.7;83.7;3.63;12.6;-150.87;-21.32;158.53;11.64;4.43;-0.85
2;-114.17;-15.3;7.53;99.18;35.53;-28.85;-7.82;-297.68;-74.29;14.23;75.49;23.37;-12.01;63.44;8.97;90.42;4.44;12.35;-186.16;-32.76;164.68;13.54;4.86;-0.7
2;-112.23;-15.62;7.02;95.39;37.19;-26.37;-9.64;-276.68;-79.23;17.93;79.38;29.35;-11.97;67.14;22.92;102.19;4.99;12.53;-226.35;-31.77;161.64;11.9;4.3;-0.69
2;-106.58;-30.91;6.49;95.58;31.09;-22.47;-7.89;-307.72;-104.14;6.21;92.42;23.44;-11.13;25.24;28.3;66.08;3.31;10.7;-90.3;-17.36;184.29;14.4;5.13;-0.48
2;179.37;-3.09;5.84;273.99;42.13;0.72;-11.77;-399.67;-105.12;4.44;501.02;28.4;-4.82;74.26;-51.98;122.77;4.48;7.73;-251.65;-20.07;139.27;2.9;10.85;-1.06
2;-54.95;-30.95;8.07;82.77;20.5;-0.93;-5.76;-169.1;-66.98;3.06;6.96;18.23;-10.17;-9.03;19.55;71.65;2.74;6.43;-70.1;-19.44;98.45;12.91;9.23;-1.61
2;31.51;-2.72;6.5;273.84;52.91;-24.59;-10.36;-403.66;-114.66;9.21;502.75;29.52;-8.66;95.27;-4.9;88.68;3.56;11.7;-172.9;-26.34;138.53;3.99;5.94;-1.26
2;-97.65;-22.4;5.46;102.36;38.15;-22.74;-6.82;-283.13;-94.22;9.28;132.32;23.29;-11.7;53.2;29.05;69.24;3.68;11.03;-92.7;-18.48;133.72;8.85;3.97;-1.12
2;-113.8;-28.78;5.83;100.87;33.36;-25.46;-7.84;-348.73;-113.82;10.27;48.67;31.19;-11.87;39.91;29.22;87.73;3.8;12.52;-134.54;-23.34;182.69;9.57;4.68;-0.84
2;-110.84;-21.99;5.26;80.47;34.55;-18.24;-8.06;-255.01;-89.6;9.03;34.84;21.54;-12.02;43.02;25.55;66.06;3.81;9.77;-105.81;-21.87;186.02;7.03;4.32;-0.72
2;-117.78;-34.03;6.55;94.62;31.39;-24.91;-8.25;-375.89;-110.82;13.84;35.21;30.33;-11.45;36.65;13.51;75.94;4.86;11.58;-120.51;-27.48;168.53;14.17;4.6;-0.39
2;-114.65;-11.48;7.47;87.17;48.39;-21.35;-8.22;-312.74;-106.46;9.61;57.92;23.83;-11.57;103.37;7.13;80.51;4.08;11.14;-123.11;-23.1;151.55;16.28;4.4;-1.09
2;-104.95;-31.99;7.06;84.94;34.15;-22.95;-7.52;-275.24;-104.85;8.93;73.33;27.76;-11.28;33.39;31.13;79.6;3.59;10.91;-128.3;-19.31;174.37;18.5;4.38;-0.85
2;-110.91;-20.95;7.3;91.08;32.02;-23.57;-7.22;-273.83;-101.66;9.58;66.42;20.59;-11.24;30.87;15.3;61.47;3.66;10.76;-80.61;-20.49;150.32;15.18;4.67;-0.62
2;-108.03;-14.81;7.29;86.65;35.75;-20.59;-7.52;-311.33;-102.97;7.38;86.11;21.32;-11.45;38.98;11.91;67.44;3.38;10.57;-148.55;-21.98;131.74;16.88;5.17;-1.03
2;179.35;-2.31;6.61;265.8;34.31;4.88;-12.81;-333.87;-91.25;8.16;501.3;24.06;-4.6;47;-60.98;107.3;4.22;7.23;-268.11;-25.4;91.26;5.65;11.06;-1.1
2;-106.48;-10.11;7.69;83;26.85;-23.65;-6.18;-279.06;-65.74;5.24;4.15;19.2;-11.11;40.78;25.17;47.16;3.1;11.75;-73.36;-18.19;103.22;15.53;2.37;-0.36
