0.65;-12.05;-0.94;0.35;18.96;-106.4;12.66;-5.88;7.93;47.29;86.63;-46.03;-5.77;-27.59;-7.88;-64.35;-184.15;-191.14;4.59;3.76;2.79;20.44;63.37;44.32
3.24;-10.05;-0.83;-18.58;-13.7;97.69;16.07;-1.28;6.54;46.63;218.83;366.65;-4.75;-17.76;-13.68;-94.04;-259.27;-187.54;6.06;4.92;3.97;38.05;125.38;202.07
0.49;-11.98;-0.9;-0.51;9.88;-103.16;12.36;-6.83;8.33;41.07;76.2;-52.79;-4.64;-27.03;-9.68;-52.39;-185.14;-177.23;4.06;3.67;3.24;18.46;66.24;41.29
3.22;-9.66;-0.37;-16.81;-9.45;93.54;14.75;-1.93;5.06;50.65;213.9;340.11;-6.24;-16.73;-10.33;-82.92;-215.98;-166.11;5.81;4.64;3.28;35.91;109.17;186.26
0.93;-12.06;-1.14;-3.63;17.17;-97.06;11.66;-3.34;10.49;43.28;115.53;-57.69;-5.08;-30.84;-10.37;-64.36;-200.94;-178.27;3.82;4.5;3.36;19.95;67.55;39.05
2.88;-10;-0.64;-7.69;-5.28;96.37;14.38;-1.7;5.16;46.33;177.28;354.89;-9.73;-17.22;-11.33;-65.24;-251.25;-149.61;6.39;4.4;3.62;31.22;112.75;187.29
-0.7;-12.05;-1.62;1.73;22.99;-99.4;17.77;-7.64;9.92;55.42;124.5;-51.08;-12.79;-27.38;-9.11;-68.32;-180.98;-158.59;5.26;3.94;3.29;25.17;69.49;33.18
3.97;-9.95;-0.73;-5.14;-17.92;114.19;15.74;-3.21;6.27;38.27;181.21;372;-13.4;-15.94;-13.11;-52.14;-268.51;-176.3;6.28;4.09;3.91;25.2;118.81;200.46
0.23;-12.04;-1.6;-4.36;15.87;-93.7;19.18;-5.78;8.43;47.64;131.23;-41.59;-6.8;-30.16;-9.42;-66.82;-242.79;-151.7;5.15;4.19;3.3;22.57;81.7;36.28
1.91;-9.45;-1.01;12.6;-22.63;62.44;9.41;-3.14;3.33;49.05;142.25;364.03;-10.27;-15.07;-8.35;-11.89;-184.32;-149.44;5.56;3.84;2.84;19.85;78.21;186.09
2.96;-11.81;-1.04;-16.38;-3.07;10.54;17.5;-6.14;11.7;16.04;95.04;381.02;-5.94;-30.92;-10.8;-81.84;-264.48;-165.54;5.36;5.18;4.29;22.84;86.13;179.08
-2.14;-12.89;-2.16;21;22.12;-126.5;9.89;-6.54;0.83;58.61;91.84;-84.18;-10.42;-15.28;-9.62;-11.29;-205;-178.17;4.57;1.92;2.45;20.69;78.88;29.16
5.29;-8.42;0.03;-8.02;6.92;184.07;12.09;-2.35;3.04;59.25;104.24;398.06;0.69;-21.51;-2.88;-57.41;-190.95;-186.05;4.01;4.82;1.81;24.79;77.5;184.92
-0.31;-12.4;-1.24;1.69;13.28;-109.33;15.26;-5.4;9.5;55.31;77.77;-45.31;-10.96;-29.15;-12.74;-47.5;-239.29;-182.86;5.98;4.01;3.6;26.83;83.07;47.24
4.47;-9.49;-0.1;-23.51;-5.42;125.3;11.18;-2.04;4.45;38.57;137.97;358.87;-4.24;-19.32;-8.05;-68.84;-240.56;-181.51;3.88;4.6;3.03;33.39;90.02;194.83
-0.49;-12.34;-1.11;10.39;19.15;-106.88;13.02;-8.75;9.08;72.32;83.75;-55.81;-12.02;-25.86;-9.17;-60.44;-243.06;-177.43;5.97;3.37;3.35;28.9;68.58;41.03
4.74;-9.29;-1.35;-10.57;-10.18;123.68;17.84;-1.69;5.96;68.85;239.93;378.92;-9.14;-18.4;-14.71;-93.7;-254.33;-185.71;6.06;4.85;4.31;39.67;134.93;201.88
0.09;-12.21;-1.12;9.24;19.89;-106.99;18.14;-3.21;9.25;59.7;88.55;-46.03;-9.55;-28.94;-8.27;-47.75;-209.92;-188.36;6.02;4.28;3.51;23.76;68.11;46.08
3.82;-9.76;-0.82;-16.37;-10.84;113.98;15.74;-0.92;5.89;55.89;168.26;390.8;-10.04;-20.74;-12.18;-96.88;-286.19;-209.17;6.57;5.5;3.86;41.27;120.66;211.02
-0.35;-12.57;-1.15;9.79;15.83;-115.65;15.57;-6.84;12.17;63.24;83.82;-50.39;-11.39;-28.94;-7.88;-57.81;-262.82;-203.16;6.54;4.1;3.71;26.19;66.75;50.52
4.29;-9.98;-0.84;-24.67;-15.87;121.77;14.52;-1.52;6.37;47.34;167.4;380.3;-8.99;-19.87;-11.48;-87.08;-300;-210.68;6.17;5.51;3.96;40.84;120.45;215.6
0.82;-12.48;-0.84;10.59;28.08;-119.71;19.8;-1.45;13.11;65.87;170.56;-42.72;-10.17;-30.01;-6.81;-33.51;-176.51;-224.58;8.47;4.99;3.51;26.26;91.59;55.83
3.53;-10.14;-0.78;-10.43;-15.95;119.88;13.85;-1.1;7.31;65.48;195.65;411.11;-12.8;-20.8;-13.78;-93.5;-314.73;-211.43;6.6;5.85;4.49;41.9;131.59;219.89
0.62;-12.96;-1.1;10.91;27.42;-120.9;16.04;1.74;9.26;69.02;107.51;-48.84;-12.99;-32.62;-11.01;-45.08;-262.26;-246.32;7.49;5.76;3.32;27.28;85.35;61.22
4.21;-10.53;-1.01;-14.87;-33.84;121.13;15.04;-1.53;7.2;59.35;173.78;422.73;-12.75;-22.17;-13.67;-76.58;-228.56;-222.44;6.8;6.62;5.12;39.88;125.75;236.33
-0.41;-12.84;-0.65;4.95;34.03;-125.62;20.88;-0.43;12.49;67.48;110.47;-52.56;-13.64;-31.57;-7.51;-50.06;-141.82;-224.71;8.56;5.48;3.34;29.78;76.57;53.62
4.49;-10.42;-0.82;-20.06;-22.28;127.03;14.28;1.64;7.49;44.93;211.34;458.61;-13.93;-27.17;-16.46;-78.13;-221.87;-219.22;7.49;7.39;5.35;34.65;124.93;242.06
-0.78;-13.09;-1.01;13.28;23.69;-125.7;17.86;-1.34;11.99;73.6;101.86;-46.1;-15.66;-31.79;-9.39;-41.36;-186.18;-215.96;8.72;5.42;4.1;30.39;88.35;52.96
4.6;-10.47;-0.61;-27.52;-34.77;132.68;13.09;0.44;6.35;47.14;192.47;411.28;-14.9;-20.86;-12.29;-87.31;-291.82;-192.45;7.02;5.77;4.96;47.44;150.01;224.05
-0.67;-13.09;-0.8;10.22;33.35;-129.42;17.38;1.4;11.56;72.94;102.22;-41.56;-15.81;-34.15;-9.78;-69.74;-177.19;-238.55;8.65;6.27;3.92;32.49;63.88;60.07
4.98;-10.28;-0.65;-25.25;-20.64;129.45;18.09;1.66;7.96;57.78;236.18;424.73;-13.32;-24.94;-16.06;-104.81;-305.33;-218.66;8.37;7.16;5.02;49.76;154.9;237.53
-0.79;-13.35;-1.02;8.83;23.01;-126.01;19.4;-0.76;11.64;71.12;118.02;-61.79;-16.63;-32.61;-9.5;-45.48;-168.25;-232.51;8.46;5.66;4.28;28.23;88.77;54.96
5.22;-9.9;-0.92;-25.19;-23.55;131.32;17.05;0.92;7.66;47.76;186.85;428.19;-10.93;-21.63;-11.47;-91.4;-310.9;-220.61;7.27;6.81;4.54;44.83;141.06;236.27
-0.57;-13.06;-0.85;19.27;34.63;-119.78;16.56;-2.96;13.57;78.61;111.37;-45.69;-17.87;-32.13;-9.8;-48.77;-176.64;-221.43;7.83;4.97;4.67;29.34;78.22;51.05
4.96;-10.69;-1.38;-14.14;-33.38;132.19;14.37;-1.07;5.59;55.15;145;425.39;-17.46;-22.18;-12.82;-95.45;-296.69;-183.05;7.62;5.74;4.57;39.76;130.02;231.33
-1.55;-13.41;-1.24;14;39.29;-125.81;16.15;-2.82;12.37;77.63;121.05;-49.89;-18.12;-33.48;-9.37;-56.71;-141.78;-228.22;8.17;5.53;4.38;30.41;75.34;51.94
5.3;-10.8;-1.1;-11.45;-37.4;135.64;21.07;1.03;5.83;54.45;173.85;427.23;-16.09;-22.9;-13.56;-63.65;-262.21;-202.1;8.48;7.29;4.71;34.07;122.92;242.65
-0.69;-12.97;-1.11;4.05;31.57;-127.16;21;1.39;10.45;70.93;139.9;-38.92;-16.32;-31.71;-9.83;-45.92;-160.53;-227.73;9.84;6;4;31.36;80.45;65.03
4.54;-10.33;-0.26;-23.6;-17.46;136;15.19;1.57;5.27;33.94;173.71;405;-13.76;-22.41;-8.44;-88.79;-283.56;-217.5;7.29;6.59;3.75;37.6;110.27;230.1
-1.14;-13.09;-1.39;12.88;24.65;-124.8;21.93;-1.33;11.86;77.45;128.08;-42.24;-15.83;-32.66;-11.92;-62.08;-275.11;-219.98;8.19;5.26;4.42;32.93;80.53;51.94
5.68;-10.15;-1.27;-12.08;-29.8;132.83;18.61;-0.09;5.33;48.29;197.02;410.51;-14.79;-22.03;-12.63;-74.94;-243.43;-203.62;8.03;6.47;4.37;36.1;128.27;235.51
-1.13;-13.06;-1.27;12.91;34.27;-122.5;17.67;0.56;10.17;76.85;108.7;-30.46;-14.62;-32.32;-11.37;-53.89;-156.23;-225.72;8.34;5.6;4.19;32.73;67.66;59.86
5.4;-10.55;-1.12;-14.26;-33.52;125.73;19.19;1.15;4.82;56.71;226.07;403.44;-13.69;-23.68;-12.24;-76.14;-269.91;-197.69;7.91;6.89;4.14;40.95;126.64;232.15
-0.85;-12.94;-1.47;5.02;35.55;-123.95;21.84;-1.61;8.97;65.66;151.11;-37.24;-14.62;-31.58;-11.51;-49.08;-165.17;-223.17;9.64;5.24;3.94;32.21;82.44;60.52
4.91;-9.9;-0.09;-30.76;-22.83;142.07;13.47;0.04;5.11;34.37;185.62;454.33;-12.3;-24.5;-8.3;-103.62;-281.01;-209.24;7.07;7.05;3.65;45.68;116.46;241.64
-0.54;-13.18;-0.97;11.99;18.12;-127.27;14.49;0.05;12.98;74.59;114.46;-51.45;-16.41;-33.74;-10.78;-66.19;-301.33;-229.76;8.82;5.88;4.98;31.47;84.2;55.57
5.32;-10.73;-1.23;-14.35;-24.5;140.96;17.94;2.03;6.01;48.8;206.84;467;-14.21;-25.93;-13.33;-86.9;-190.62;-217.19;7.93;7.45;5;36.66;120.99;248.77
-1;-13.09;-0.94;6.42;28.44;-128.25;14.33;1.75;10.38;63.91;123.56;-57.65;-14.77;-34.34;-8.14;-55.08;-152.95;-231.52;8.29;6.23;3.38;29.65;70.19;58.69
5.08;-10.68;-0.75;-13;-28.12;138.84;15.75;0.76;5.17;49.5;159.13;456.64;-11.38;-23.27;-10.26;-72.3;-235.81;-214.44;6.44;6.93;4.46;31.99;92.27;243.53
-0.66;-13.07;-0.73;4.06;28.08;-127.84;21.71;3.12;10.85;66.71;130.94;-31.14;-14.62;-34.26;-10.43;-58.01;-212.66;-247.82;9.37;6.51;4.74;28.58;85.49;66.93
3.39;-10.54;-0.6;-31.48;-16.22;131.37;15.49;3.76;5.15;37.18;187.6;402.32;-13.81;-25.28;-10.58;-107;-312.94;-239.99;7.36;7.7;4.13;42.84;118.47;242.07
-1.55;-13.24;-1.07;16.51;18.78;-127.97;18.54;0.53;14.21;85.19;123.57;-62.11;-16.71;-35.11;-12.5;-57.66;-253.18;-229.55;8.18;6.17;5.07;32.5;72.01;50.48
5.35;-10.53;-0.95;-14.3;-25.24;142.37;14.73;0.54;5.27;47.67;174.79;462.75;-14.71;-23.41;-11.97;-79.1;-246.23;-224.49;7.26;6.78;4.95;35.26;127.01;244.55
-1.03;-13.15;-1.25;15.01;25.22;-128.44;20.01;2.85;10.24;81.68;104.28;-49.36;-17.07;-34.75;-8.02;-52.79;-155.62;-238.01;9.07;6.42;3.94;31.59;68.59;60.48
5.72;-10.3;-0.23;-20.3;-22.96;145.66;14.5;0.7;6.61;35.98;170.93;453.4;-9.83;-21.89;-10.9;-57.35;-214.65;-227.13;6.48;5.9;4.76;33.68;100.5;243.93
-1.22;-13.31;-1.31;13.12;33.01;-123.29;16.16;0.47;9.11;87.12;121.43;-51.36;-18.6;-33.15;-9.45;-64.18;-167.06;-233.42;8.8;5.84;3.39;35.59;68.63;53.34
5.44;-10.34;-1.42;-5.03;-39.92;131.48;17.84;-1.09;7.33;57.93;211.75;448.8;-13.29;-27.01;-14.52;-81.13;-266.29;-242.72;7.12;6.68;4.97;33.05;140.17;234.69
-0.22;-12.51;-1.19;7.22;42.91;-120.5;24.18;-4.92;6.52;72.35;123.49;-36.56;-15.42;-30.09;-6.07;-35.62;-110.99;-208.04;9.42;4.4;2.91;33.91;64.24;59.38
5.18;-10.33;-1.14;-12.05;-28.85;133.98;18.8;-0.7;7.47;56.11;256.08;484.44;-16.01;-28.68;-14.49;-59.78;-285.51;-217.66;9.16;7.39;5.19;30.98;147.16;253.62
-0.92;-13.44;-1.45;6.68;31.05;-121.66;17.31;-0.04;8.82;73.79;112.33;-49.73;-16.97;-34.22;-11.68;-66.4;-176.43;-221.31;8.14;5.92;3.53;32.5;67.54;54.15
5.38;-10.15;-0.46;-13.8;-31.86;145.14;14.19;-2.27;6.04;30.15;115.28;466.93;-11.78;-25.44;-10.69;-50.09;-217.54;-213.35;5.64;5.96;4.3;24.93;102.82;241.74
-0.3;-12.82;-1.18;6.35;28.96;-123.8;16.47;4.51;9.73;79.62;119.56;-65.15;-16.56;-33.04;-10.63;-61.79;-119.48;-256.13;7.68;6.43;3.8;33.54;65.95;53.78
4.89;-10.39;-0.77;-11.99;-26.37;138.56;19.09;-1.03;8.03;43.67;184.69;501.66;-17.28;-30.36;-12.22;-55.95;-274.4;-217.3;8.46;7.36;4.91;26.09;124.02;249.31
-0.52;-12.95;-1.57;9.27;33.62;-121.92;20.09;1.29;5.25;71.51;111.7;-49.7;-16.66;-33.84;-9.07;-67.03;-212.76;-217.17;7.76;5.75;3.2;32.71;77.32;53.2
5.35;-10.83;-0.8;-9.61;-38.74;138.34;16.42;-1.21;6.66;41.25;121.25;438.95;-15.54;-23.07;-13.09;-43.31;-225.69;-193.52;6.5;5.72;4.67;25.52;90.9;233.18
-0.77;-13.14;-1.12;8.38;28.52;-121.27;15.58;3.9;7.37;80.93;124.7;-65.16;-20.16;-32.91;-8.75;-56.19;-194.06;-249.86;8.3;6.67;2.99;34.62;68.83;51.77
5.69;-9.94;-0.91;-18.6;-24.46;145.17;20.27;-2.43;6.94;28.06;288.15;470.71;-13.49;-25.88;-14.4;-68.62;-334.52;-211.44;7.26;6.41;5.17;25.98;151.94;239.62
-0.14;-13.23;-1.3;13.34;30.35;-123.48;19.47;1.85;9.45;76.3;125.59;-63.87;-14.95;-35.53;-9.4;-58.29;-156.72;-252.4;8.49;6.56;3.31;31.08;60.39;54.62
4.76;-10.29;-0.2;-24.13;-11.99;147.17;14.74;-0.42;6.66;33.89;146.67;470.02;-9.7;-25.93;-10.8;-91.28;-290.29;-221.49;6.24;6.58;4.22;35.84;103.91;241.12
-1.78;-14.06;-1.37;15.06;9.34;-141.9;18.52;0.7;13.75;70.17;98.47;-58.62;-17.55;-34.95;-12.19;-49.52;-342.06;-271.85;8.94;6.83;5.05;25.92;83.05;65.89
5.59;-9.41;-0.5;-15.7;-7.2;166.84;17.86;2.27;5.55;51.68;215.8;464.79;-6.46;-26.85;-10.65;-90.82;-317.51;-241.5;8.19;7.75;4.29;42.89;137.84;251.86
-1.06;-13.22;-1.43;14.51;20.39;-122.79;17.09;1.3;12.96;83.74;139.8;-49.49;-20.35;-35.37;-13.95;-73.05;-325.39;-214.68;8.14;6.18;5.06;35.08;88.49;50.91
5.31;-9.53;-0.89;-21.77;-21.54;150.99;19.35;-1.6;6;43.01;285.72;456.57;-16.09;-21.84;-12.39;-87.82;-335.68;-207.65;6.99;6.15;4.58;35.33;153.3;237.39
-0.65;-13.34;-1.67;6.3;18.86;-126.86;22.01;2.91;9.34;71.02;100.33;-42.93;-18.8;-35.7;-9.55;-76.79;-274.17;-225.1;8.84;6.67;3.14;31.52;80.66;58.43
5.9;-10.47;-0.79;-16.09;-29.08;138.49;18.95;1.25;4.88;50.3;157.44;451.07;-13.51;-28.22;-9.02;-76.85;-219.97;-211.3;7.39;7.7;3.3;32.43;113.72;238.29
-1.15;-12.95;-1.49;10.64;37.91;-122.23;15.2;-1.72;9.82;70.11;129.63;-40.17;-18.08;-35.96;-6.98;-42.1;-85.22;-208.39;8.12;5.73;3.43;29.2;50.66;49.86
5.61;-9.64;-0.61;-14.36;-30.6;140.22;19.01;-1.41;5.57;35.53;199.59;453.83;-13.98;-25.65;-12.19;-83.06;-262.91;-191.22;7.03;6.4;3.69;29.25;119.58;237.28
-0.42;-12.79;-1.47;2.71;37.89;-118.34;18.44;-2.16;9.68;61.23;124.85;-36.62;-13.4;-34.59;-9.08;-85.46;-229.06;-191.42;7.63;5.75;3.61;31.44;67.87;47.73
6.15;-10.39;-0.74;-12.68;-50.64;110.33;16.81;-1.36;5.36;31.51;243.86;426.4;-13.45;-21.84;-12.51;-60.45;-206.91;-190.09;6.61;6.27;3.84;26.21;118.52;228.07
-1.17;-13.55;-1.51;-19.46;61.82;-127.87;13.5;-3.21;5.89;15.92;158.75;-80.32;-13.51;-29.32;-5.84;-52.74;-109.55;-194.02;8;5.07;2.34;20.21;78.61;56.83
4.46;-10.08;-0.59;1.5;6.73;117.05;13.66;-0.12;3.9;53.35;214.96;398.84;-7.88;-19.65;-12.37;-70.1;-205.97;-283.57;5.54;5.46;3.74;41.01;122.24;212.73
1.89;-12.67;-1.27;-1.34;6.92;-137.07;31.45;0.14;12;48.17;183.09;-67.69;-17.99;-31.36;-13.71;-60.23;-262.86;-253.91;10.77;6.72;4.56;21.87;122.57;52.93
4.39;-9.86;-0.82;-20.93;-18.4;140.72;15.7;2.2;6.87;71.93;217.16;402.56;-9.18;-21.85;-14.6;-118.31;-222.85;-175.17;6.33;6.18;4.94;45.82;122.59;210.04
-0.66;-12.98;-0.86;7.65;23.1;-123.18;15.13;0.35;10.47;56.34;110.06;-65.7;-12.9;-31.83;-7.16;-47.98;-157.53;-212.03;7.2;5.58;3.02;23.91;70.33;49.18
4.69;-10.17;-0.8;-24.39;-24.28;133.3;15.38;0.26;7.26;38.76;178.9;452.11;-9.6;-27.48;-12.64;-96.29;-248.66;-209.55;7.05;7.51;4.65;37.27;124.46;238.87
-0.45;-13.31;-1.06;5.21;21.52;-121.73;19.16;-1;11.82;68.97;99.19;-45.38;-18.58;-34.48;-7.49;-56.47;-222.99;-217.02;9.05;5.77;3.48;30.78;77.84;56.7
5.89;-10.08;-0.45;-24.49;-31.7;139.05;13.85;-3.64;5.12;29.71;163.98;454.18;-9.48;-24.84;-11.63;-81.99;-240.33;-212.41;5.94;5.48;3.95;35.27;118.63;233.02
-0.85;-13.5;-1.43;6.55;27.82;-121.93;20.06;2.74;8.85;81.2;122.5;-57.86;-18.69;-33.62;-8.04;-75.35;-176.48;-239.04;9.05;6.56;2.96;34.58;85.42;53.47
5.95;-9.9;-0.78;-21.56;-32.99;148.29;17.69;-2.43;5.8;26.06;155.41;503.27;-6.95;-30.36;-10.46;-105.51;-206.48;-235.39;6.45;6.9;3.93;32.32;102.07;255.17
1.03;-12.55;-1.02;-3.65;31.07;-116.93;28.48;6.7;10.55;67.76;131.51;-28.18;-9.92;-34.03;-9.46;-76.8;-232.33;-252.45;10.2;7.69;3.5;33.68;92.96;65.72
3.46;-10.68;-0.67;-19.58;-12.88;109.32;15.82;-1.05;5.51;67.16;191.55;473.92;-17.01;-29.16;-10.41;-98.57;-230.43;-225.35;8.56;6.98;4.02;41.94;116.59;244.95
-0.9;-13.22;-1.36;12.29;22.39;-124.32;21.41;3.54;8.95;76.95;109.83;-59.59;-15.87;-34.08;-9.73;-62.68;-205.21;-249.48;9.08;6.68;3.34;32.21;79.51;57.82
5.75;-10.08;-0.69;-21.17;-24.89;143.53;19.32;-0.02;6.29;40.41;203.43;472.54;-9.8;-28.78;-11.75;-100.56;-282.84;-235.46;7.49;7.38;4.27;40.6;138.81;244.43
-1.07;-13.61;-1.2;13.58;25.71;-127.78;19.7;0.22;10.38;77.3;122.11;-65.45;-17.05;-34.5;-8.99;-55.64;-212.24;-239.8;9.63;6.18;3.6;32.84;74.66;53.75
5.82;-10.26;-0.86;-26.75;-24.78;136.92;23.64;1.17;6.32;43.79;253.36;503.4;-11.8;-36.43;-12.4;-128.07;-225.03;-223.11;9.29;9.54;4.99;46.04;134.62;260.42
-0.88;-12.95;-1.23;18.08;30.05;-127.46;17.72;-1.5;13.35;73.38;108.59;-69.59;-15.22;-31.65;-10.71;-32.52;-92.79;-223.18;8.83;5.23;4.55;27.92;59.44;53.01
5.05;-10.45;-0.47;-28.36;-29.04;129.61;17.59;0.05;6.34;42.78;212.54;463.19;-14.35;-28.08;-9;-113.75;-236.21;-207.82;7.59;7.63;4.31;45.11;119.19;244.04
-1.83;-13.24;-1;17.57;20.67;-129.5;18.64;-3.26;13.86;84.22;114.88;-38.98;-17.41;-32.23;-7.66;-59.84;-135.9;-262.4;9.5;5.36;4.69;31.82;60.89;61.99
5.53;-10.4;-0.86;-21.64;-25.62;139.75;22.31;2.01;5.85;43.27;212.31;493.31;-12.43;-30.8;-10.45;-100.29;-249.79;-245.51;8.53;8.47;4.87;46.73;124.15;255.49
-1.84;-13.04;-1.16;12.27;26.11;-129.68;16.73;-1.61;11.77;73.41;120.96;-41.46;-18.14;-33.28;-10.16;-60.3;-115.45;-258.68;9.27;5.44;4.29;29.91;60.86;60.79
6.05;-10.3;0.26;-28.83;-20.05;155.46;15.86;2.42;5.77;27.13;198.2;472.23;-10.88;-27.19;-8.74;-103;-216.99;-226.31;7.4;8.38;4.46;43.01;125.53;253.4
-2.38;-13.45;-1.63;19.02;18.7;-132.81;21.9;-0.85;10.19;81.95;101.78;-48.87;-17.34;-34.17;-9.9;-60.92;-166.52;-255.64;9.46;6.17;4.3;32.04;68.6;56.84
6.26;-10.72;-0.97;-18.2;-34.32;148.58;19.04;1.4;6.32;42.89;194.99;498.8;-10.42;-29.53;-11.46;-85.57;-237.73;-239.15;8.05;8.44;5.23;44.53;130.17;259.38
-0.67;-12.67;-0.72;13.8;30.78;-123.3;19.98;1.14;11.72;73.03;137.33;-39.99;-17.72;-35.84;-6.8;-59.57;-168.24;-215.73;8.61;6.38;3.33;30.34;70.17;55.94
5.09;-10.27;-1.24;-3.9;-7;130.5;15.86;1.26;4.42;69.11;182.7;489.89;-16.16;-26.49;-11.73;-87.97;-286.27;-232.37;7.06;8;4.41;37.16;134.75;253.56
-0.87;-13.18;-1.87;25.37;22.81;-122.47;27.38;1.32;9.36;94.07;136.1;-34.41;-21.14;-35.28;-9.26;-24.73;-175.88;-247.37;11.28;6.84;3.59;32.52;82.84;70.13
6.01;-9.63;-0.24;-27.99;-22.67;153.75;20.84;-1.24;6.12;32.31;207.33;494.1;-5.22;-30.07;-7.66;-86.41;-223.27;-217.86;7.14;7.2;3.82;34.86;127.34;245.17
-1.14;-13.92;-1.38;10.21;17.96;-136.38;22.5;-0.33;13.43;71.46;113.61;-50.27;-19.5;-32.84;-11.6;-51.85;-180.77;-250.09;10.63;6.49;4.78;27.67;83.3;69.8
5.42;-9.09;-0.41;-43.09;-27.3;152.43;15.38;1.52;5.2;33.25;160.87;463.41;-3.16;-25.06;-8.21;-116.89;-276.47;-221.94;6.47;7.35;3.33;46.4;121.97;240.51
-0.97;-13.4;-1.09;19.35;42.9;-125.79;20.54;-0.23;12.02;75.19;169.6;-43.39;-17.3;-34.76;-8.01;-55.56;-142.08;-245.74;9.66;6.16;3.9;31.63;77.9;62.78
5.44;-10.3;-1.62;-13.86;-31.78;146.13;21.97;2.08;5.06;59.12;256.86;502.09;-14.7;-33.29;-11.96;-142.34;-279.02;-228.02;8.61;8.83;4.87;51.38;155.27;256.25
-0.8;-13.13;-1.39;14.16;24.45;-126.2;27.41;5.37;10.04;75.71;118.65;-40.3;-16.74;-35.38;-7.87;-67.98;-218.72;-239.39;10.78;7.12;3.99;31.77;90.24;66.17
5.37;-9.74;-0.4;-24.72;-27.13;144.12;13.65;-0.31;5.45;34.25;177.73;475.03;-10.48;-28.15;-9.28;-98.64;-263.8;-218.85;6.32;7.5;4.32;38.05;125.87;245.74
-1.28;-13.56;-1.69;19.95;27.83;-126.07;21.34;-0.12;11.29;92.03;118.7;-16.81;-21.6;-32.4;-9.66;-57.54;-234.59;-241.57;10.4;5.81;3.72;35.89;87.21;66.4
5.8;-9.3;-0.53;-25.45;-19.29;147.92;15.26;0.74;5.78;38.24;186.02;462.87;-4.27;-27.13;-10.63;-117.73;-269.63;-225.23;6.8;6.55;4.19;44.4;147.56;241.15
-1.52;-13.54;-1.7;27.48;23.6;-122.15;21.08;0.46;11.06;90.76;128.25;-37.35;-18.55;-33.38;-8.72;-49.74;-204.62;-237.94;9.85;6.3;3.74;32.81;81.36;61.05
5.97;-9.63;-0.76;-25.01;-34.32;146.39;17.01;-1.44;5.57;44.42;206.24;470.69;-4.79;-26.39;-9.75;-121.84;-298.43;-201.47;6.43;6.44;4.04;44.24;151.44;234.7
-1.29;-13.16;-1.28;16.77;38.7;-126.5;22.74;3.83;11.83;82.11;126.91;-23.81;-17.66;-32.57;-7.5;-60.15;-147.18;-238.74;9.9;6.27;3.96;33.42;69.61;64.38
5.38;-10.18;-1.11;-14.14;-44.93;139.76;15.85;0.34;4.46;40.87;190.3;470.37;-10.84;-26.9;-12.71;-75.09;-293.84;-231.62;7.52;7.28;4.6;39.07;129.11;249.85
-0.59;-13.01;-1.12;11.72;35.67;-124.01;21.83;3.27;8.25;78.98;136.73;-39.02;-15.99;-35.82;-7.17;-78.47;-163.15;-251.46;9.2;6.76;2.96;34.55;78.93;63.45
5.92;-10.05;-0.72;-12.89;-22.85;138.86;16.51;1.33;5.85;60.27;205.98;501.69;-13.41;-33.19;-9.72;-104.1;-230.52;-219.34;6.96;8.71;4.69;39.24;113.51;252.77
-0.73;-13;-1.13;18.56;33.24;-125.43;20.15;2.08;8.74;72.2;122.88;-56.8;-16.48;-35.12;-7.45;-58.97;-169.31;-240.01;8.98;6.3;3;29.47;71.34;55.47
5.49;-10.52;-0.72;-19.41;-27.32;140.83;13.37;3.85;5.34;49.44;149.62;483.63;-16.19;-23.67;-9.6;-90.41;-247.36;-212.68;7.28;7.76;4.56;43.05;114.78;248.35
-0.81;-13.21;-1.31;13.28;27;-132.11;21.63;1.47;10;67.32;129.33;-60.75;-19.48;-31.8;-7.39;-56.04;-185.69;-242.38;9.72;5.81;3.64;31.61;75.07;58.77
6.33;-10.39;-0.88;-20.89;-33.09;144.92;20.44;2.74;6.21;43.07;206.76;501.87;-12.17;-32.54;-9.75;-99.36;-208.05;-236.64;8.14;9.41;4.57;47.32;115.04;265.44
-1.05;-13.16;-0.75;4.97;27.88;-127.93;20.22;-5.38;9.96;63.71;108.95;-61.02;-14.59;-33.51;-8.02;-58.65;-182.89;-226.64;9.37;5.18;3.69;30.9;75.44;48.73
5.18;-10.25;-0.98;-15.7;-18.27;138.88;16.91;2.98;6.32;54.42;203.58;503.76;-13.54;-35.31;-11.71;-105.37;-193.33;-210.05;7.65;10.19;5.14;42.65;116.91;268.05
-1.58;-13.43;-1.42;15.2;34.52;-129.13;18.31;0.8;10.79;83.36;115.56;-42.74;-18.08;-33.6;-8;-78.47;-114.98;-259.96;10.09;6.03;3.68;34.59;66.08;62.73
5.55;-9.63;-1.14;-24.74;-24.78;137.76;21.19;5.34;4.99;45.48;255.95;482.45;-12.61;-28.51;-9.57;-110.39;-293.23;-248.3;8.31;9.66;4.3;54.3;141.25;260.44
-0.1;-12.78;-0.78;17.38;22.55;-124.26;20;-0.53;11.47;69.58;121.79;-43.6;-14.11;-32.01;-6.05;-52.3;-170.09;-256.29;9.02;5.69;3.1;26.89;63.77;60.44
6.38;-10.04;-0.97;-8.36;-30.91;130.54;15.14;-0.21;3.77;45.54;177.32;501.59;-14.59;-26.72;-8.84;-75.67;-257.78;-222.01;7.12;7.7;3.6;33.09;106.43;256.1
-1.92;-13.73;-1.42;19.24;36.65;-128.87;17.62;-4.32;10.64;80.38;128.05;-53.67;-18.72;-33;-9.96;-68.07;-176.38;-231.08;9.6;5.59;3.91;32.69;71.11;53.46
6.79;-9.34;-0.62;-26.93;-25.65;146.27;18.15;7.68;6.25;33.56;187.9;507.11;-6.35;-38.69;-11.66;-132.53;-233.16;-234.42;6.89;11.76;4.83;48.66;106.81;275.68
-2.36;-13.85;-1.33;12.93;20.65;-136.98;32.54;-4.81;9.35;77.24;163.92;-46.16;-20.39;-32.94;-7.73;-74.67;-173.95;-257.95;12.09;5.94;4.08;33.1;91.48;58.78
6.6;-9.64;-0.84;-16.55;-13.94;155.41;26.02;0.77;5.9;47.94;196.26;495.37;-8.56;-29.41;-9.71;-82.21;-237.3;-246.15;8.13;8.07;4.55;45.09;130.73;255.44
-0.54;-13.06;-0.96;15.94;22.2;-127.05;22.5;4.73;10.35;69.36;103.49;-41.83;-15.48;-34.41;-7.25;-78.88;-163.18;-235.04;9.07;6.69;3.35;29.65;61.99;58.26
5.53;-10.16;-0.98;-14.83;-21.23;133.92;15.3;1;5.12;55.05;196.26;500.58;-12.21;-29.37;-10.03;-106.69;-223.52;-224.41;6.36;8.82;4.5;41.77;116.09;256.02
-1.11;-13.6;-1.5;11.25;20.94;-137.29;28.35;8.32;11.69;70.4;123.91;-39.15;-19.71;-34.53;-8.72;-33.98;-207.35;-273.37;11.34;7.89;3.86;26.89;83.76;81.56
6.56;-8.85;0.23;-30.93;-18.96;166.72;18.1;3.84;6.61;37.25;174.92;501.21;-3.26;-32.35;-7.35;-100.58;-208.3;-237.57;7.26;9.26;3.62;43.43;107.82;258.44
-0.53;-12.86;-1.24;12.66;35.81;-125.47;23.25;-0.5;12.7;72.85;171.38;-56.08;-17.47;-31.28;-8.22;-45.59;-110.68;-261.13;10.28;5.64;3.74;29.15;81.03;65.37
5.91;-9.58;-1.08;-13.1;-15.51;135.91;18.51;3.99;6.37;74.79;212.48;502.16;-14.51;-32.12;-9.85;-127.88;-232.07;-247.37;7.99;10.17;4.68;50.08;128.73;268.71
-0.82;-13.08;-1.33;16.25;21.4;-127.7;24.25;1.48;9.57;67.83;97.6;-44.07;-16.09;-32.32;-6.1;-61.56;-190.75;-260.95;10.39;6.3;3;27.17;76.6;65.21
5.94;-9.95;-0.79;-23.5;-28.59;138.36;19.33;-0.58;4.56;29.21;155.27;497.76;-9.62;-25.54;-10.15;-102.06;-228.71;-220.12;6.6;7.1;4.18;37.69;101.01;248.79
-1.16;-13.53;-1.11;15.07;20.14;-131.05;26.43;6.41;13.57;69.67;115.64;-53.69;-19.39;-35.56;-7.98;-56.02;-215.8;-255.94;10.94;7.58;4.17;27.52;82.58;68.07
5.99;-9.26;-0.81;-16.47;-15.97;149.01;12.09;10.16;5.34;50.87;166.88;502.51;-4.42;-34.69;-11.38;-119.48;-202.34;-247.48;5.05;12.27;4.31;49.02;85.72;273.71
-0.85;-12.99;-1.16;17.13;31.7;-132.16;24.08;0.81;13.88;67.15;108.32;-44.94;-16.5;-33.11;-6.22;-25.61;-122.28;-250.82;10.69;5.88;3.84;25.84;63.82;68.27
5.13;-9.5;-0.7;-25.75;-20.94;139.16;21.08;6.13;5.96;50.17;194.45;473.88;-6.59;-28.21;-9.98;-103.62;-268.39;-234.29;7.05;9.33;4.13;50.52;110.61;254.38
-0.19;-12.99;-1.05;16.22;30.45;-124.61;19.63;1.47;8.95;73.93;126.16;-52.32;-16.52;-33.09;-6.72;-59.58;-189.41;-265.76;9.3;5.92;2.82;31.52;81.66;65.3
6.26;-10.49;-1.29;-9.74;-37.97;143.12;26.89;1.03;6.26;56.4;192.87;502.37;-13.61;-37.21;-11.6;-83.1;-286.82;-223.09;9.12;9.78;5.15;40.61;138.24;261.48
-1.14;-13.03;-1.3;8.93;29.94;-125.65;33.57;12.5;9.08;72.27;223.2;-43.71;-20.37;-33.89;-12.2;-68.67;-268;-273.91;12.45;8.67;4.31;34.84;109.74;70.06
5.83;-10.03;-0.79;-13.63;-28.74;138.93;22.05;6.08;6.14;52.7;157.46;501.73;-10.33;-33.98;-10.03;-69.72;-193.98;-247.94;7.24;10.92;5;39.59;94.93;270.61
-0.81;-12.74;-1.2;10.58;31.63;-131.94;33.85;5.55;10.27;75.8;157.94;-43.89;-17.9;-31.34;-7.45;-35.47;-232.65;-250.5;12.62;7.24;3.66;34.53;99.74;70.03
5.98;-9.2;-0.95;-31.36;-16.64;128.8;19.39;2.76;3.94;57.18;238.39;438.7;-15.68;-26.11;-9.61;-124.25;-264.26;-226.56;8.6;8.58;3.41;60.57;144.01;235.8
-1.37;-13.37;-1.7;18.08;34.32;-128.65;30.63;2.1;9.3;74.63;157.73;-26.34;-19.58;-33.83;-6.7;-60.73;-225.79;-263.89;11.8;6.41;3.07;31.67;94.74;71.54
5.43;-9.4;-1.32;-9.45;-29.36;144.81;24.06;0.95;5.01;52.89;187.91;502.42;-7.42;-32.02;-9.01;-79.93;-330.23;-224.95;8.62;8.53;4.07;40.85;131.73;257.16
-0.2;-12.98;-1.14;13.57;22.75;-130.24;27.24;7.44;10.73;76.28;121.28;-38.12;-16.9;-31.67;-6.54;-73;-253.32;-282.14;10.68;6.66;3.06;33.29;68.92;75.45
5.39;-9.58;-0.46;-27.17;-27.44;151.19;23.06;1.41;4.69;34.7;209.28;502.44;-8.94;-34.13;-8.4;-109.99;-232.53;-239.92;9;9.2;3.94;46.29;130.86;259.12
-0.91;-13.53;-1.23;14.85;16.45;-130.76;27.95;6.97;9.56;81.01;102.74;-33.45;-16.97;-33.61;-9.21;-87.06;-239.72;-254.47;9.97;6.94;3.42;36;71.53;66.2
6.44;-9.97;-0.52;-32.08;-28.03;144.92;20.44;0.46;4.22;27.17;172.96;460.44;-2.77;-31.29;-11.04;-95.84;-220.45;-222.41;6.95;8.15;4.23;41.39;120.42;240.92
-1.07;-13.14;-1.23;17.96;33.24;-128.35;24.31;7.7;6.62;69.92;145.13;-43.76;-18.84;-34.03;-6.46;-34.31;-119.86;-259.31;10.54;7.43;2.79;28.66;62.87;66.99
5.71;-10.1;-1.03;-21.04;-22.54;133.85;19.2;4.64;6.48;49.25;241.51;504.59;-13.57;-35.77;-8.86;-134.64;-269.05;-238.15;7.61;10.73;3.77;43.54;126.99;272.58
-0.56;-12.97;-1.34;20.34;33.95;-137.06;27.34;9.63;12.97;65.41;127.9;-51.04;-17.08;-32.9;-5.45;-26.63;-82.12;-282.72;11.39;7.52;3.2;25.42;53.79;72.96
5.86;-9.6;-1.07;-9.76;-23.37;139.47;21.1;3.51;4.93;56.79;172.01;468.99;-9.87;-27.63;-9.46;-77.03;-195.21;-244.56;7.74;9.81;4.18;43.41;97.45;251.24
-0.47;-13.16;-1.29;11.56;17.44;-127.79;39.07;9.01;9.09;74.53;143.53;-19.98;-19.65;-34.71;-7.34;-49.65;-245.03;-279.59;12.81;8.34;3.38;31.71;93.88;81.07
6.01;-9.58;0.19;-35.73;-15.81;157.72;25.21;0.45;5.45;16.03;153.27;502.89;-3.55;-31.24;-7.97;-106.08;-234.51;-215.52;7.36;8.3;3.96;43.29;109.18;253.93
-0.28;-13.03;-1.02;10.86;17.5;-128.24;33.79;8.18;8.57;66.04;119.41;-48.2;-17.3;-33.19;-5.61;-56.87;-210.5;-289.56;11.99;7.8;2.92;29.88;77.95;75.82
5.18;-9.59;-0.16;-30.74;-13.73;138.43;24.53;1.44;5.33;35.64;182.74;502.77;-10.86;-30.2;-8.84;-119.81;-260.57;-243.23;7.8;8.49;3.64;52.37;119.11;256.75
-1.23;-13.93;-1.84;16.23;16.97;-137.6;27.66;1.18;4.5;77.14;132.95;-50.94;-19.53;-32.39;-9.1;-57.4;-240.27;-260.56;11.59;6.36;2.95;31.27;96.81;70.79
6.22;-8.98;-0.19;-29.93;-21.17;159.23;20.26;1.81;4.63;33.67;175.06;502.63;-2.94;-30.7;-9.31;-97.97;-188.01;-222.59;7.4;8.65;3.73;46.95;106.78;252.76
-1.18;-13.74;-1.73;21.52;15.41;-135.68;34.06;8.11;8.14;80.26;131.32;-39.1;-22.12;-35.4;-10.69;-65.59;-244.77;-281.09;12.46;8.48;3.46;32.22;90.39;79.09
6.63;-8.84;-0.54;-16.63;-17.25;158.2;15.94;4.73;5.09;64.45;172.22;489.28;-3.55;-29.93;-9.05;-102.72;-256.12;-254.05;7.23;9.57;3.65;55.66;121.77;251.23
-1.27;-13.69;-1.56;19.9;24.27;-137.39;21.79;7.6;9.25;70.65;111.3;-37.65;-19.33;-32.01;-8.78;-39.94;-134.46;-276.21;10.03;7.76;3.4;28.1;66.95;79.85
6.5;-8.92;-0.41;-15.79;-24.97;160.04;25.52;2.82;6.49;51.21;198.59;502.79;-4.36;-31.49;-8.22;-101.4;-263.58;-240.48;8.41;8.94;4.28;44.58;127.48;256.09
-1.09;-13.12;-1.11;12.01;25.62;-129.15;33.11;4.78;6.42;73.61;117.11;-24.5;-17.99;-32.42;-7.37;-76.74;-226.53;-264.92;11.18;7;2.79;32.93;72.37;73.95
6.96;-9.67;-0.64;-15.32;-17.36;148.13;18.76;3.14;5.21;63.67;176.56;493.82;-10.81;-33.1;-10.28;-82.94;-221.06;-245.5;7.67;9.81;4.28;44.62;119.62;256.6
-1.56;-13.64;-1.2;20.31;30.44;-134.43;20.71;-0.82;11.94;76.29;113.47;-54.42;-17.4;-32.05;-8;-54.37;-124.78;-247.75;9.84;6.14;3.75;30.39;61.4;63
5.48;-9.77;-0.41;-23.08;-23.62;144.44;17.27;2.13;4.6;42.77;128.13;488.1;-4.94;-29.85;-9.87;-82.99;-186.94;-232.35;5.92;8.89;4.18;43.33;90.5;255.08
-0.46;-13.39;-1.29;14.76;13.68;-139.6;36.7;8.46;12.39;69.21;167.34;-44.82;-18.93;-32.19;-8.58;-35.31;-203.04;-277.44;13.02;8.44;3.73;26.42;84.11;85.26
6.02;-8.66;0.57;-32.15;-13.82;160.96;19.34;4.41;5.73;53.63;159.73;503.9;-2.48;-30.03;-7.57;-132.2;-218.91;-248.82;6.92;9.36;3.53;58.23;98.55;259.8
-1.24;-14.01;-1.45;16.63;18;-134.03;27.56;4.88;6.48;71.41;105.55;-22.52;-18.89;-34.62;-8.24;-69.75;-206.03;-280.48;11.43;7.31;3.2;31.51;79.22;79.05
6.82;-8.5;-0.2;-28.97;-22.12;158.76;16.86;2.02;4.43;35.55;198.91;498;-3.94;-25.22;-7.6;-96.36;-225.96;-235.8;6.76;7.68;3.49;46.8;122.1;244.53
-1.26;-13.36;-1.04;18.72;32.89;-132.34;30.76;9.07;9.51;81.22;147.73;-40.19;-16.3;-33.12;-7.95;-64.09;-192.29;-295.57;11.9;7.58;3.07;35.22;81.83;76.75
6.67;-9.26;-1.16;-5.26;-21.26;146.78;20.23;6.52;5.66;69.89;166.77;502.05;-9.39;-33.28;-10.88;-87.42;-207.42;-235.96;7.11;11.18;4.75;49.14;100.82;274.47
-0.91;-13.26;-0.53;13.23;18.81;-127.5;27.95;2.69;9.3;67.82;102.6;-46.53;-15.74;-33.45;-5.83;-63.84;-201.01;-269.41;10.24;6.62;3.24;29.93;72.15;68.02
5.22;-9.07;-1.69;-10.41;-3.33;144.28;14.54;4.76;4.36;71.21;224.01;501.23;-8.34;-27.58;-10.52;-122.34;-276.26;-222.81;6.3;9.55;4.09;50.23;126.63;264.45
-1.17;-13.84;-1.13;19.81;17.48;-137.95;27.46;3.78;14.12;73.21;108.19;-21.8;-17.33;-30.42;-9.83;-55.72;-192.72;-288.78;11.02;6.62;4.58;29.88;75.73;73
6.97;-8.93;-0.4;-22.43;-13.11;169.36;25.15;2.84;4.51;47.73;158.42;501.83;-1.76;-33.67;-9.38;-95.54;-196.11;-229.42;7.09;9.01;3.77;46.85;106.1;257.42
-1.78;-13.83;-1.06;12.91;23.91;-136.31;28.26;3.01;8.59;78.96;121.17;-37.07;-17.76;-34.33;-7.77;-96.21;-182.54;-265.68;10.22;7.1;3.47;34.69;69.78;66.79
6.1;-9.33;-1.22;-9.8;-13.67;149.09;17.07;4.39;5.89;67.3;220.29;501.96;-7.14;-28.75;-9.56;-111.38;-216.23;-249.34;7.05;9.76;3.87;47.56;123.3;263.31
-0.66;-13.26;-1.3;12.05;32.39;-136.25;30.98;12.53;14.07;67.88;116.06;-32.07;-19.25;-36.58;-6.86;-57.05;-136.81;-296.59;12.48;8.86;3.7;30.87;73.25;84.77
7.03;-9.06;-0.55;-12.11;-9.17;153.69;22.67;11.01;6.6;61.39;180.55;504.69;-7.42;-36.75;-10.68;-108.01;-220.84;-266.2;7.99;12.69;4.86;58.09;107.02;284.88
-0.82;-13.14;-0.72;10.11;18.42;-130.39;28.19;-1.06;10.43;68.47;109.01;-47.92;-14.58;-34.33;-9.5;-83.21;-239.82;-249.87;9.23;6.2;4.29;32.4;80.12;64.04
5.86;-9.25;-2.07;6.23;-4.2;137.31;17.37;5.59;5.04;83.67;256.53;501.23;-11.8;-27.28;-9.64;-138.18;-194.76;-222.03;6.97;9.33;4.38;54.48;132.72;261.67
-1.15;-13.43;-1.17;19.72;37.39;-133.37;24.59;7.38;11.04;75.71;135.03;-42.34;-15.76;-33.19;-7.35;-44.33;-172.77;-291.52;11;7.03;3.77;31.41;81.06;70.72
5.61;-9.35;-1.57;-13.08;-26.85;146.41;22.79;8.1;5.07;64.9;196.98;500.84;-10.35;-30.58;-10.8;-93.83;-228.85;-238.74;8.06;11.34;4.51;53.9;112.89;275.85
