label;acc_x_avg;acc_y_avg;acc_z_avg;gyro_x_avg;gyro_y_avg;gyro_z_avg;acc_x_max;acc_y_max;acc_z_max;gyro_x_max;gyro_y_max;gyro_z_max;acc_x_min;acc_y_min;acc_z_min;gyro_x_min;gyro_y_min;gyro_z_min;acc_x_stdev;acc_y_stdev;acc_z_stdev;gyro_x_stdev;gyro_y_stdev;gyro_z_stdev
0;-0.31;-12.4;-1.24;1.69;13.28;-109.33;15.26;-5.4;9.5;55.31;77.77;-45.31;-10.96;-29.15;-12.74;-47.5;-239.29;-182.86;5.98;4.01;3.6;26.83;83.07;47.24
0;4.47;-9.49;-0.1;-23.51;-5.42;125.3;11.18;-2.04;4.45;38.57;137.97;358.87;-4.24;-19.32;-8.05;-68.84;-240.56;-181.51;3.88;4.6;3.03;33.39;90.02;194.83
0;-0.49;-12.34;-1.11;10.39;19.15;-106.88;13.02;-8.75;9.08;72.32;83.75;-55.81;-12.02;-25.86;-9.17;-60.44;-243.06;-177.43;5.97;3.37;3.35;28.9;68.58;41.03
0;4.74;-9.29;-1.35;-10.57;-10.18;123.68;17.84;-1.69;5.96;68.85;239.93;378.92;-9.14;-18.4;-14.71;-93.7;-254.33;-185.71;6.06;4.85;4.31;39.67;134.93;201.88
0;0.09;-12.21;-1.12;9.24;19.89;-106.99;18.14;-3.21;9.25;59.7;88.55;-46.03;-9.55;-28.94;-8.27;-47.75;-209.92;-188.36;6.02;4.28;3.51;23.76;68.11;46.08
0;3.82;-9.76;-0.82;-16.37;-10.84;113.98;15.74;-0.92;5.89;55.89;168.26;390.8;-10.04;-20.74;-12.18;-96.88;-286.19;-209.17;6.57;5.5;3.86;41.27;120.66;211.02
0;-0.35;-12.57;-1.15;9.79;15.83;-115.65;15.57;-6.84;12.17;63.24;83.82;-50.39;-11.39;-28.94;-7.88;-57.81;-262.82;-203.16;6.54;4.1;3.71;26.19;66.75;50.52
0;4.29;-9.98;-0.84;-24.67;-15.87;121.77;14.52;-1.52;6.37;47.34;167.4;380.3;-8.99;-19.87;-11.48;-87.08;-300;-210.68;6.17;5.51;3.96;40.84;120.45;215.6
0;0.82;-12.48;-0.84;10.59;28.08;-119.71;19.8;-1.45;13.11;65.87;170.56;-42.72;-10.17;-30.01;-6.81;-33.51;-176.51;-224.58;8.47;4.99;3.51;26.26;91.59;55.83
0;3.53;-10.14;-0.78;-10.43;-15.95;119.88;13.85;-1.1;7.31;65.48;195.65;411.11;-12.8;-20.8;-13.78;-93.5;-314.73;-211.43;6.6;5.85;4.49;41.9;131.59;219.89
0;0.62;-12.96;-1.1;10.91;27.42;-120.9;16.04;1.74;9.26;69.02;107.51;-48.84;-12.99;-32.62;-11.01;-45.08;-262.26;-246.32;7.49;5.76;3.32;27.28;85.35;61.22
0;4.21;-10.53;-1.01;-14.87;-33.84;121.13;15.04;-1.53;7.2;59.35;173.78;422.73;-12.75;-22.17;-13.67;-76.58;-228.56;-222.44;6.8;6.62;5.12;39.88;125.75;236.33
0;-0.41;-12.84;-0.65;4.95;34.03;-125.62;20.88;-0.43;12.49;67.48;110.47;-52.56;-13.64;-31.57;-7.51;-50.06;-141.82;-224.71;8.56;5.48;3.34;29.78;76.57;53.62
0;4.49;-10.42;-0.82;-20.06;-22.28;127.03;14.28;1.64;7.49;44.93;211.34;458.61;-13.93;-27.17;-16.46;-78.13;-221.87;-219.22;7.49;7.39;5.35;34.65;124.93;242.06
0;-0.78;-13.09;-1.01;13.28;23.69;-125.7;17.86;-1.34;11.99;73.6;101.86;-46.1;-15.66;-31.79;-9.39;-41.36;-186.18;-215.96;8.72;5.42;4.1;30.39;88.35;52.96
0;4.6;-10.47;-0.61;-27.52;-34.77;132.68;13.09;0.44;6.35;47.14;192.47;411.28;-14.9;-20.86;-12.29;-87.31;-291.82;-192.45;7.02;5.77;4.96;47.44;150.01;224.05
0;-0.67;-13.09;-0.8;10.22;33.35;-129.42;17.38;1.4;11.56;72.94;102.22;-41.56;-15.81;-34.15;-9.78;-69.74;-177.19;-238.55;8.65;6.27;3.92;32.49;63.88;60.07
0;4.98;-10.28;-0.65;-25.25;-20.64;129.45;18.09;1.66;7.96;57.78;236.18;424.73;-13.32;-24.94;-16.06;-104.81;-305.33;-218.66;8.37;7.16;5.02;49.76;154.9;237.53
0;-0.79;-13.35;-1.02;8.83;23.01;-126.01;19.4;-0.76;11.64;71.12;118.02;-61.79;-16.63;-32.61;-9.5;-45.48;-168.25;-232.51;8.46;5.66;4.28;28.23;88.77;54.96
0;5.22;-9.9;-0.92;-25.19;-23.55;131.32;17.05;0.92;7.66;47.76;186.85;428.19;-10.93;-21.63;-11.47;-91.4;-310.9;-220.61;7.27;6.81;4.54;44.83;141.06;236.27
0;-0.57;-13.06;-0.85;19.27;34.63;-119.78;16.56;-2.96;13.57;78.61;111.37;-45.69;-17.87;-32.13;-9.8;-48.77;-176.64;-221.43;7.83;4.97;4.67;29.34;78.22;51.05
0;4.96;-10.69;-1.38;-14.14;-33.38;132.19;14.37;-1.07;5.59;55.15;145;425.39;-17.46;-22.18;-12.82;-95.45;-296.69;-183.05;7.62;5.74;4.57;39.76;130.02;231.33
0;-1.55;-13.41;-1.24;14;39.29;-125.81;16.15;-2.82;12.37;77.63;121.05;-49.89;-18.12;-33.48;-9.37;-56.71;-141.78;-228.22;8.17;5.53;4.38;30.41;75.34;51.94
0;5.3;-10.8;-1.1;-11.45;-37.4;135.64;21.07;1.03;5.83;54.45;173.85;427.23;-16.09;-22.9;-13.56;-63.65;-262.21;-202.1;8.48;7.29;4.71;34.07;122.92;242.65
0;-0.69;-12.97;-1.11;4.05;31.57;-127.16;21;1.39;10.45;70.93;139.9;-38.92;-16.32;-31.71;-9.83;-45.92;-160.53;-227.73;9.84;6;4;31.36;80.45;65.03
0;4.54;-10.33;-0.26;-23.6;-17.46;136;15.19;1.57;5.27;33.94;173.71;405;-13.76;-22.41;-8.44;-88.79;-283.56;-217.5;7.29;6.59;3.75;37.6;110.27;230.1
0;-1.14;-13.09;-1.39;12.88;24.65;-124.8;21.93;-1.33;11.86;77.45;128.08;-42.24;-15.83;-32.66;-11.92;-62.08;-275.11;-219.98;8.19;5.26;4.42;32.93;80.53;51.94
0;5.68;-10.15;-1.27;-12.08;-29.8;132.83;18.61;-0.09;5.33;48.29;197.02;410.51;-14.79;-22.03;-12.63;-74.94;-243.43;-203.62;8.03;6.47;4.37;36.1;128.27;235.51
0;-1.13;-13.06;-1.27;12.91;34.27;-122.5;17.67;0.56;10.17;76.85;108.7;-30.46;-14.62;-32.32;-11.37;-53.89;-156.23;-225.72;8.34;5.6;4.19;32.73;67.66;59.86
0;5.4;-10.55;-1.12;-14.26;-33.52;125.73;19.19;1.15;4.82;56.71;226.07;403.44;-13.69;-23.68;-12.24;-76.14;-269.91;-197.69;7.91;6.89;4.14;40.95;126.64;232.15
0;-0.85;-12.94;-1.47;5.02;35.55;-123.95;21.84;-1.61;8.97;65.66;151.11;-37.24;-14.62;-31.58;-11.51;-49.08;-165.17;-223.17;9.64;5.24;3.94;32.21;82.44;60.52
0;4.91;-9.9;-0.09;-30.76;-22.83;142.07;13.47;0.04;5.11;34.37;185.62;454.33;-12.3;-24.5;-8.3;-103.62;-281.01;-209.24;7.07;7.05;3.65;45.68;116.46;241.64
0;-0.54;-13.18;-0.97;11.99;18.12;-127.27;14.49;0.05;12.98;74.59;114.46;-51.45;-16.41;-33.74;-10.78;-66.19;-301.33;-229.76;8.82;5.88;4.98;31.47;84.2;55.57
0;5.32;-10.73;-1.23;-14.35;-24.5;140.96;17.94;2.03;6.01;48.8;206.84;467;-14.21;-25.93;-13.33;-86.9;-190.62;-217.19;7.93;7.45;5;36.66;120.99;248.77
0;-1;-13.09;-0.94;6.42;28.44;-128.25;14.33;1.75;10.38;63.91;123.56;-57.65;-14.77;-34.34;-8.14;-55.08;-152.95;-231.52;8.29;6.23;3.38;29.65;70.19;58.69
0;5.08;-10.68;-0.75;-13;-28.12;138.84;15.75;0.76;5.17;49.5;159.13;456.64;-11.38;-23.27;-10.26;-72.3;-235.81;-214.44;6.44;6.93;4.46;31.99;92.27;243.53
0;-0.66;-13.07;-0.73;4.06;28.08;-127.84;21.71;3.12;10.85;66.71;130.94;-31.14;-14.62;-34.26;-10.43;-58.01;-212.66;-247.82;9.37;6.51;4.74;28.58;85.49;66.93
0;3.39;-10.54;-0.6;-31.48;-16.22;131.37;15.49;3.76;5.15;37.18;187.6;402.32;-13.81;-25.28;-10.58;-107;-312.94;-239.99;7.36;7.7;4.13;42.84;118.47;242.07
0;-1.55;-13.24;-1.07;16.51;18.78;-127.97;18.54;0.53;14.21;85.19;123.57;-62.11;-16.71;-35.11;-12.5;-57.66;-253.18;-229.55;8.18;6.17;5.07;32.5;72.01;50.48
0;5.35;-10.53;-0.95;-14.3;-25.24;142.37;14.73;0.54;5.27;47.67;174.79;462.75;-14.71;-23.41;-11.97;-79.1;-246.23;-224.49;7.26;6.78;4.95;35.26;127.01;244.55
0;-1.03;-13.15;-1.25;15.01;25.22;-128.44;20.01;2.85;10.24;81.68;104.28;-49.36;-17.07;-34.75;-8.02;-52.79;-155.62;-238.01;9.07;6.42;3.94;31.59;68.59;60.48
0;5.72;-10.3;-0.23;-20.3;-22.96;145.66;14.5;0.7;6.61;35.98;170.93;453.4;-9.83;-21.89;-10.9;-57.35;-214.65;-227.13;6.48;5.9;4.76;33.68;100.5;243.93
0;-1.22;-13.31;-1.31;13.12;33.01;-123.29;16.16;0.47;9.11;87.12;121.43;-51.36;-18.6;-33.15;-9.45;-64.18;-167.06;-233.42;8.8;5.84;3.39;35.59;68.63;53.34
0;5.44;-10.34;-1.42;-5.03;-39.92;131.48;17.84;-1.09;7.33;57.93;211.75;448.8;-13.29;-27.01;-14.52;-81.13;-266.29;-242.72;7.12;6.68;4.97;33.05;140.17;234.69
0;-0.22;-12.51;-1.19;7.22;42.91;-120.5;24.18;-4.92;6.52;72.35;123.49;-36.56;-15.42;-30.09;-6.07;-35.62;-110.99;-208.04;9.42;4.4;2.91;33.91;64.24;59.38
0;5.18;-10.33;-1.14;-12.05;-28.85;133.98;18.8;-0.7;7.47;56.11;256.08;484.44;-16.01;-28.68;-14.49;-59.78;-285.51;-217.66;9.16;7.39;5.19;30.98;147.16;253.62
0;-0.92;-13.44;-1.45;6.68;31.05;-121.66;17.31;-0.04;8.82;73.79;112.33;-49.73;-16.97;-34.22;-11.68;-66.4;-176.43;-221.31;8.14;5.92;3.53;32.5;67.54;54.15
0;5.38;-10.15;-0.46;-13.8;-31.86;145.14;14.19;-2.27;6.04;30.15;115.28;466.93;-11.78;-25.44;-10.69;-50.09;-217.54;-213.35;5.64;5.96;4.3;24.93;102.82;241.74
0;-0.3;-12.82;-1.18;6.35;28.96;-123.8;16.47;4.51;9.73;79.62;119.56;-65.15;-16.56;-33.04;-10.63;-61.79;-119.48;-256.13;7.68;6.43;3.8;33.54;65.95;53.78
0;4.89;-10.39;-0.77;-11.99;-26.37;138.56;19.09;-1.03;8.03;43.67;184.69;501.66;-17.28;-30.36;-12.22;-55.95;-274.4;-217.3;8.46;7.36;4.91;26.09;124.02;249.31
0;-0.52;-12.95;-1.57;9.27;33.62;-121.92;20.09;1.29;5.25;71.51;111.7;-49.7;-16.66;-33.84;-9.07;-67.03;-212.76;-217.17;7.76;5.75;3.2;32.71;77.32;53.2
0;5.35;-10.83;-0.8;-9.61;-38.74;138.34;16.42;-1.21;6.66;41.25;121.25;438.95;-15.54;-23.07;-13.09;-43.31;-225.69;-193.52;6.5;5.72;4.67;25.52;90.9;233.18
0;-0.77;-13.14;-1.12;8.38;28.52;-121.27;15.58;3.9;7.37;80.93;124.7;-65.16;-20.16;-32.91;-8.75;-56.19;-194.06;-249.86;8.3;6.67;2.99;34.62;68.83;51.77
0;5.69;-9.94;-0.91;-18.6;-24.46;145.17;20.27;-2.43;6.94;28.06;288.15;470.71;-13.49;-25.88;-14.4;-68.62;-334.52;-211.44;7.26;6.41;5.17;25.98;151.94;239.62
0;-0.14;-13.23;-1.3;13.34;30.35;-123.48;19.47;1.85;9.45;76.3;125.59;-63.87;-14.95;-35.53;-9.4;-58.29;-156.72;-252.4;8.49;6.56;3.31;31.08;60.39;54.62
0;4.76;-10.29;-0.2;-24.13;-11.99;147.17;14.74;-0.42;6.66;33.89;146.67;470.02;-9.7;-25.93;-10.8;-91.28;-290.29;-221.49;6.24;6.58;4.22;35.84;103.91;241.12
0;-1.78;-14.06;-1.37;15.06;9.34;-141.9;18.52;0.7;13.75;70.17;98.47;-58.62;-17.55;-34.95;-12.19;-49.52;-342.06;-271.85;8.94;6.83;5.05;25.92;83.05;65.89
0;5.59;-9.41;-0.5;-15.7;-7.2;166.84;17.86;2.27;5.55;51.68;215.8;464.79;-6.46;-26.85;-10.65;-90.82;-317.51;-241.5;8.19;7.75;4.29;42.89;137.84;251.86
0;-1.06;-13.22;-1.43;14.51;20.39;-122.79;17.09;1.3;12.96;83.74;139.8;-49.49;-20.35;-35.37;-13.95;-73.05;-325.39;-214.68;8.14;6.18;5.06;35.08;88.49;50.91
0;5.31;-9.53;-0.89;-21.77;-21.54;150.99;19.35;-1.6;6;43.01;285.72;456.57;-16.09;-21.84;-12.39;-87.82;-335.68;-207.65;6.99;6.15;4.58;35.33;153.3;237.39
0;-0.65;-13.34;-1.67;6.3;18.86;-126.86;22.01;2.91;9.34;71.02;100.33;-42.93;-18.8;-35.7;-9.55;-76.79;-274.17;-225.1;8.84;6.67;3.14;31.52;80.66;58.43
0;5.9;-10.47;-0.79;-16.09;-29.08;138.49;18.95;1.25;4.88;50.3;157.44;451.07;-13.51;-28.22;-9.02;-76.85;-219.97;-211.3;7.39;7.7;3.3;32.43;113.72;238.29
0;-1.15;-12.95;-1.49;10.64;37.91;-122.23;15.2;-1.72;9.82;70.11;129.63;-40.17;-18.08;-35.96;-6.98;-42.1;-85.22;-208.39;8.12;5.73;3.43;29.2;50.66;49.86
0;5.61;-9.64;-0.61;-14.36;-30.6;140.22;19.01;-1.41;5.57;35.53;199.59;453.83;-13.98;-25.65;-12.19;-83.06;-262.91;-191.22;7.03;6.4;3.69;29.25;119.58;237.28
0;-0.42;-12.79;-1.47;2.71;37.89;-118.34;18.44;-2.16;9.68;61.23;124.85;-36.62;-13.4;-34.59;-9.08;-85.46;-229.06;-191.42;7.63;5.75;3.61;31.44;67.87;47.73
0;6.15;-10.39;-0.74;-12.68;-50.64;110.33;16.81;-1.36;5.36;31.51;243.86;426.4;-13.45;-21.84;-12.51;-60.45;-206.91;-190.09;6.61;6.27;3.84;26.21;118.52;228.07
0;-1.17;-13.55;-1.51;-19.46;61.82;-127.87;13.5;-3.21;5.89;15.92;158.75;-80.32;-13.51;-29.32;-5.84;-52.74;-109.55;-194.02;8;5.07;2.34;20.21;78.61;56.83
0;4.46;-10.08;-0.59;1.5;6.73;117.05;13.66;-0.12;3.9;53.35;214.96;398.84;-7.88;-19.65;-12.37;-70.1;-205.97;-283.57;5.54;5.46;3.74;41.01;122.24;212.73
0;1.89;-12.67;-1.27;-1.34;6.92;-137.07;31.45;0.14;12;48.17;183.09;-67.69;-17.99;-31.36;-13.71;-60.23;-262.86;-253.91;10.77;6.72;4.56;21.87;122.57;52.93
0;4.39;-9.86;-0.82;-20.93;-18.4;140.72;15.7;2.2;6.87;71.93;217.16;402.56;-9.18;-21.85;-14.6;-118.31;-222.85;-175.17;6.33;6.18;4.94;45.82;122.59;210.04
0;-0.66;-12.98;-0.86;7.65;23.1;-123.18;15.13;0.35;10.47;56.34;110.06;-65.7;-12.9;-31.83;-7.16;-47.98;-157.53;-212.03;7.2;5.58;3.02;23.91;70.33;49.18
0;4.69;-10.17;-0.8;-24.39;-24.28;133.3;15.38;0.26;7.26;38.76;178.9;452.11;-9.6;-27.48;-12.64;-96.29;-248.66;-209.55;7.05;7.51;4.65;37.27;124.46;238.87
0;-0.45;-13.31;-1.06;5.21;21.52;-121.73;19.16;-1;11.82;68.97;99.19;-45.38;-18.58;-34.48;-7.49;-56.47;-222.99;-217.02;9.05;5.77;3.48;30.78;77.84;56.7
0;5.89;-10.08;-0.45;-24.49;-31.7;139.05;13.85;-3.64;5.12;29.71;163.98;454.18;-9.48;-24.84;-11.63;-81.99;-240.33;-212.41;5.94;5.48;3.95;35.27;118.63;233.02
0;-0.85;-13.5;-1.43;6.55;27.82;-121.93;20.06;2.74;8.85;81.2;122.5;-57.86;-18.69;-33.62;-8.04;-75.35;-176.48;-239.04;9.05;6.56;2.96;34.58;85.42;53.47
0;5.95;-9.9;-0.78;-21.56;-32.99;148.29;17.69;-2.43;5.8;26.06;155.41;503.27;-6.95;-30.36;-10.46;-105.51;-206.48;-235.39;6.45;6.9;3.93;32.32;102.07;255.17
0;1.03;-12.55;-1.02;-3.65;31.07;-116.93;28.48;6.7;10.55;67.76;131.51;-28.18;-9.92;-34.03;-9.46;-76.8;-232.33;-252.45;10.2;7.69;3.5;33.68;92.96;65.72
0;3.46;-10.68;-0.67;-19.58;-12.88;109.32;15.82;-1.05;5.51;67.16;191.55;473.92;-17.01;-29.16;-10.41;-98.57;-230.43;-225.35;8.56;6.98;4.02;41.94;116.59;244.95
0;-0.9;-13.22;-1.36;12.29;22.39;-124.32;21.41;3.54;8.95;76.95;109.83;-59.59;-15.87;-34.08;-9.73;-62.68;-205.21;-249.48;9.08;6.68;3.34;32.21;79.51;57.82
0;5.75;-10.08;-0.69;-21.17;-24.89;143.53;19.32;-0.02;6.29;40.41;203.43;472.54;-9.8;-28.78;-11.75;-100.56;-282.84;-235.46;7.49;7.38;4.27;40.6;138.81;244.43
0;-1.07;-13.61;-1.2;13.58;25.71;-127.78;19.7;0.22;10.38;77.3;122.11;-65.45;-17.05;-34.5;-8.99;-55.64;-212.24;-239.8;9.63;6.18;3.6;32.84;74.66;53.75
0;5.82;-10.26;-0.86;-26.75;-24.78;136.92;23.64;1.17;6.32;43.79;253.36;503.4;-11.8;-36.43;-12.4;-128.07;-225.03;-223.11;9.29;9.54;4.99;46.04;134.62;260.42
0;-0.88;-12.95;-1.23;18.08;30.05;-127.46;17.72;-1.5;13.35;73.38;108.59;-69.59;-15.22;-31.65;-10.71;-32.52;-92.79;-223.18;8.83;5.23;4.55;27.92;59.44;53.01
0;5.05;-10.45;-0.47;-28.36;-29.04;129.61;17.59;0.05;6.34;42.78;212.54;463.19;-14.35;-28.08;-9;-113.75;-236.21;-207.82;7.59;7.63;4.31;45.11;119.19;244.04
0;-1.83;-13.24;-1;17.57;20.67;-129.5;18.64;-3.26;13.86;84.22;114.88;-38.98;-17.41;-32.23;-7.66;-59.84;-135.9;-262.4;9.5;5.36;4.69;31.82;60.89;61.99
0;5.53;-10.4;-0.86;-21.64;-25.62;139.75;22.31;2.01;5.85;43.27;212.31;493.31;-12.43;-30.8;-10.45;-100.29;-249.79;-245.51;8.53;8.47;4.87;46.73;124.15;255.49
0;-1.84;-13.04;-1.16;12.27;26.11;-129.68;16.73;-1.61;11.77;73.41;120.96;-41.46;-18.14;-33.28;-10.16;-60.3;-115.45;-258.68;9.27;5.44;4.29;29.91;60.86;60.79
0;6.05;-10.3;0.26;-28.83;-20.05;155.46;15.86;2.42;5.77;27.13;198.2;472.23;-10.88;-27.19;-8.74;-103;-216.99;-226.31;7.4;8.38;4.46;43.01;125.53;253.4
0;-2.38;-13.45;-1.63;19.02;18.7;-132.81;21.9;-0.85;10.19;81.95;101.78;-48.87;-17.34;-34.17;-9.9;-60.92;-166.52;-255.64;9.46;6.17;4.3;32.04;68.6;56.84
0;6.26;-10.72;-0.97;-18.2;-34.32;148.58;19.04;1.4;6.32;42.89;194.99;498.8;-10.42;-29.53;-11.46;-85.57;-237.73;-239.15;8.05;8.44;5.23;44.53;130.17;259.38
0;-0.67;-12.67;-0.72;13.8;30.78;-123.3;19.98;1.14;11.72;73.03;137.33;-39.99;-17.72;-35.84;-6.8;-59.57;-168.24;-215.73;8.61;6.38;3.33;30.34;70.17;55.94
0;5.09;-10.27;-1.24;-3.9;-7;130.5;15.86;1.26;4.42;69.11;182.7;489.89;-16.16;-26.49;-11.73;-87.97;-286.27;-232.37;7.06;8;4.41;37.16;134.75;253.56
0;-0.87;-13.18;-1.87;25.37;22.81;-122.47;27.38;1.32;9.36;94.07;136.1;-34.41;-21.14;-35.28;-9.26;-24.73;-175.88;-247.37;11.28;6.84;3.59;32.52;82.84;70.13
0;6.01;-9.63;-0.24;-27.99;-22.67;153.75;20.84;-1.24;6.12;32.31;207.33;494.1;-5.22;-30.07;-7.66;-86.41;-223.27;-217.86;7.14;7.2;3.82;34.86;127.34;245.17
0;-1.14;-13.92;-1.38;10.21;17.96;-136.38;22.5;-0.33;13.43;71.46;113.61;-50.27;-19.5;-32.84;-11.6;-51.85;-180.77;-250.09;10.63;6.49;4.78;27.67;83.3;69.8
0;5.42;-9.09;-0.41;-43.09;-27.3;152.43;15.38;1.52;5.2;33.25;160.87;463.41;-3.16;-25.06;-8.21;-116.89;-276.47;-221.94;6.47;7.35;3.33;46.4;121.97;240.51
0;-0.97;-13.4;-1.09;19.35;42.9;-125.79;20.54;-0.23;12.02;75.19;169.6;-43.39;-17.3;-34.76;-8.01;-55.56;-142.08;-245.74;9.66;6.16;3.9;31.63;77.9;62.78
0;5.44;-10.3;-1.62;-13.86;-31.78;146.13;21.97;2.08;5.06;59.12;256.86;502.09;-14.7;-33.29;-11.96;-142.34;-279.02;-228.02;8.61;8.83;4.87;51.38;155.27;256.25
0;-0.8;-13.13;-1.39;14.16;24.45;-126.2;27.41;5.37;10.04;75.71;118.65;-40.3;-16.74;-35.38;-7.87;-67.98;-218.72;-239.39;10.78;7.12;3.99;31.77;90.24;66.17
0;5.37;-9.74;-0.4;-24.72;-27.13;144.12;13.65;-0.31;5.45;34.25;177.73;475.03;-10.48;-28.15;-9.28;-98.64;-263.8;-218.85;6.32;7.5;4.32;38.05;125.87;245.74
0;-1.28;-13.56;-1.69;19.95;27.83;-126.07;21.34;-0.12;11.29;92.03;118.7;-16.81;-21.6;-32.4;-9.66;-57.54;-234.59;-241.57;10.4;5.81;3.72;35.89;87.21;66.4
0;5.8;-9.3;-0.53;-25.45;-19.29;147.92;15.26;0.74;5.78;38.24;186.02;462.87;-4.27;-27.13;-10.63;-117.73;-269.63;-225.23;6.8;6.55;4.19;44.4;147.56;241.15
0;-1.52;-13.54;-1.7;27.48;23.6;-122.15;21.08;0.46;11.06;90.76;128.25;-37.35;-18.55;-33.38;-8.72;-49.74;-204.62;-237.94;9.85;6.3;3.74;32.81;81.36;61.05
0;5.97;-9.63;-0.76;-25.01;-34.32;146.39;17.01;-1.44;5.57;44.42;206.24;470.69;-4.79;-26.39;-9.75;-121.84;-298.43;-201.47;6.43;6.44;4.04;44.24;151.44;234.7
0;-1.29;-13.16;-1.28;16.77;38.7;-126.5;22.74;3.83;11.83;82.11;126.91;-23.81;-17.66;-32.57;-7.5;-60.15;-147.18;-238.74;9.9;6.27;3.96;33.42;69.61;64.38
0;5.38;-10.18;-1.11;-14.14;-44.93;139.76;15.85;0.34;4.46;40.87;190.3;470.37;-10.84;-26.9;-12.71;-75.09;-293.84;-231.62;7.52;7.28;4.6;39.07;129.11;249.85
0;-0.59;-13.01;-1.12;11.72;35.67;-124.01;21.83;3.27;8.25;78.98;136.73;-39.02;-15.99;-35.82;-7.17;-78.47;-163.15;-251.46;9.2;6.76;2.96;34.55;78.93;63.45
0;5.92;-10.05;-0.72;-12.89;-22.85;138.86;16.51;1.33;5.85;60.27;205.98;501.69;-13.41;-33.19;-9.72;-104.1;-230.52;-219.34;6.96;8.71;4.69;39.24;113.51;252.77
0;-0.73;-13;-1.13;18.56;33.24;-125.43;20.15;2.08;8.74;72.2;122.88;-56.8;-16.48;-35.12;-7.45;-58.97;-169.31;-240.01;8.98;6.3;3;29.47;71.34;55.47
0;5.49;-10.52;-0.72;-19.41;-27.32;140.83;13.37;3.85;5.34;49.44;149.62;483.63;-16.19;-23.67;-9.6;-90.41;-247.36;-212.68;7.28;7.76;4.56;43.05;114.78;248.35
0;-0.81;-13.21;-1.31;13.28;27;-132.11;21.63;1.47;10;67.32;129.33;-60.75;-19.48;-31.8;-7.39;-56.04;-185.69;-242.38;9.72;5.81;3.64;31.61;75.07;58.77
0;6.33;-10.39;-0.88;-20.89;-33.09;144.92;20.44;2.74;6.21;43.07;206.76;501.87;-12.17;-32.54;-9.75;-99.36;-208.05;-236.64;8.14;9.41;4.57;47.32;115.04;265.44
0;-1.05;-13.16;-0.75;4.97;27.88;-127.93;20.22;-5.38;9.96;63.71;108.95;-61.02;-14.59;-33.51;-8.02;-58.65;-182.89;-226.64;9.37;5.18;3.69;30.9;75.44;48.73
0;5.18;-10.25;-0.98;-15.7;-18.27;138.88;16.91;2.98;6.32;54.42;203.58;503.76;-13.54;-35.31;-11.71;-105.37;-193.33;-210.05;7.65;10.19;5.14;42.65;116.91;268.05
0;-1.58;-13.43;-1.42;15.2;34.52;-129.13;18.31;0.8;10.79;83.36;115.56;-42.74;-18.08;-33.6;-8;-78.47;-114.98;-259.96;10.09;6.03;3.68;34.59;66.08;62.73
0;5.55;-9.63;-1.14;-24.74;-24.78;137.76;21.19;5.34;4.99;45.48;255.95;482.45;-12.61;-28.51;-9.57;-110.39;-293.23;-248.3;8.31;9.66;4.3;54.3;141.25;260.44
0;-0.1;-12.78;-0.78;17.38;22.55;-124.26;20;-0.53;11.47;69.58;121.79;-43.6;-14.11;-32.01;-6.05;-52.3;-170.09;-256.29;9.02;5.69;3.1;26.89;63.77;60.44
0;6.38;-10.04;-0.97;-8.36;-30.91;130.54;15.14;-0.21;3.77;45.54;177.32;501.59;-14.59;-26.72;-8.84;-75.67;-257.78;-222.01;7.12;7.7;3.6;33.09;106.43;256.1
0;-1.92;-13.73;-1.42;19.24;36.65;-128.87;17.62;-4.32;10.64;80.38;128.05;-53.67;-18.72;-33;-9.96;-68.07;-176.38;-231.08;9.6;5.59;3.91;32.69;71.11;53.46
0;6.79;-9.34;-0.62;-26.93;-25.65;146.27;18.15;7.68;6.25;33.56;187.9;507.11;-6.35;-38.69;-11.66;-132.53;-233.16;-234.42;6.89;11.76;4.83;48.66;106.81;275.68
0;-2.36;-13.85;-1.33;12.93;20.65;-136.98;32.54;-4.81;9.35;77.24;163.92;-46.16;-20.39;-32.94;-7.73;-74.67;-173.95;-257.95;12.09;5.94;4.08;33.1;91.48;58.78
0;6.6;-9.64;-0.84;-16.55;-13.94;155.41;26.02;0.77;5.9;47.94;196.26;495.37;-8.56;-29.41;-9.71;-82.21;-237.3;-246.15;8.13;8.07;4.55;45.09;130.73;255.44
0;-0.54;-13.06;-0.96;15.94;22.2;-127.05;22.5;4.73;10.35;69.36;103.49;-41.83;-15.48;-34.41;-7.25;-78.88;-163.18;-235.04;9.07;6.69;3.35;29.65;61.99;58.26
0;5.53;-10.16;-0.98;-14.83;-21.23;133.92;15.3;1;5.12;55.05;196.26;500.58;-12.21;-29.37;-10.03;-106.69;-223.52;-224.41;6.36;8.82;4.5;41.77;116.09;256.02
0;-1.11;-13.6;-1.5;11.25;20.94;-137.29;28.35;8.32;11.69;70.4;123.91;-39.15;-19.71;-34.53;-8.72;-33.98;-207.35;-273.37;11.34;7.89;3.86;26.89;83.76;81.56
0;6.56;-8.85;0.23;-30.93;-18.96;166.72;18.1;3.84;6.61;37.25;174.92;501.21;-3.26;-32.35;-7.35;-100.58;-208.3;-237.57;7.26;9.26;3.62;43.43;107.82;258.44
0;-0.53;-12.86;-1.24;12.66;35.81;-125.47;23.25;-0.5;12.7;72.85;171.38;-56.08;-17.47;-31.28;-8.22;-45.59;-110.68;-261.13;10.28;5.64;3.74;29.15;81.03;65.37
0;5.91;-9.58;-1.08;-13.1;-15.51;135.91;18.51;3.99;6.37;74.79;212.48;502.16;-14.51;-32.12;-9.85;-127.88;-232.07;-247.37;7.99;10.17;4.68;50.08;128.73;268.71
0;-0.82;-13.08;-1.33;16.25;21.4;-127.7;24.25;1.48;9.57;67.83;97.6;-44.07;-16.09;-32.32;-6.1;-61.56;-190.75;-260.95;10.39;6.3;3;27.17;76.6;65.21
0;5.94;-9.95;-0.79;-23.5;-28.59;138.36;19.33;-0.58;4.56;29.21;155.27;497.76;-9.62;-25.54;-10.15;-102.06;-228.71;-220.12;6.6;7.1;4.18;37.69;101.01;248.79
0;-1.16;-13.53;-1.11;15.07;20.14;-131.05;26.43;6.41;13.57;69.67;115.64;-53.69;-19.39;-35.56;-7.98;-56.02;-215.8;-255.94;10.94;7.58;4.17;27.52;82.58;68.07
0;5.99;-9.26;-0.81;-16.47;-15.97;149.01;12.09;10.16;5.34;50.87;166.88;502.51;-4.42;-34.69;-11.38;-119.48;-202.34;-247.48;5.05;12.27;4.31;49.02;85.72;273.71
0;-0.85;-12.99;-1.16;17.13;31.7;-132.16;24.08;0.81;13.88;67.15;108.32;-44.94;-16.5;-33.11;-6.22;-25.61;-122.28;-250.82;10.69;5.88;3.84;25.84;63.82;68.27
0;5.13;-9.5;-0.7;-25.75;-20.94;139.16;21.08;6.13;5.96;50.17;194.45;473.88;-6.59;-28.21;-9.98;-103.62;-268.39;-234.29;7.05;9.33;4.13;50.52;110.61;254.38
0;-0.19;-12.99;-1.05;16.22;30.45;-124.61;19.63;1.47;8.95;73.93;126.16;-52.32;-16.52;-33.09;-6.72;-59.58;-189.41;-265.76;9.3;5.92;2.82;31.52;81.66;65.3
0;6.26;-10.49;-1.29;-9.74;-37.97;143.12;26.89;1.03;6.26;56.4;192.87;502.37;-13.61;-37.21;-11.6;-83.1;-286.82;-223.09;9.12;9.78;5.15;40.61;138.24;261.48
0;-1.14;-13.03;-1.3;8.93;29.94;-125.65;33.57;12.5;9.08;72.27;223.2;-43.71;-20.37;-33.89;-12.2;-68.67;-268;-273.91;12.45;8.67;4.31;34.84;109.74;70.06
0;5.83;-10.03;-0.79;-13.63;-28.74;138.93;22.05;6.08;6.14;52.7;157.46;501.73;-10.33;-33.98;-10.03;-69.72;-193.98;-247.94;7.24;10.92;5;39.59;94.93;270.61
0;-0.81;-12.74;-1.2;10.58;31.63;-131.94;33.85;5.55;10.27;75.8;157.94;-43.89;-17.9;-31.34;-7.45;-35.47;-232.65;-250.5;12.62;7.24;3.66;34.53;99.74;70.03
0;5.98;-9.2;-0.95;-31.36;-16.64;128.8;19.39;2.76;3.94;57.18;238.39;438.7;-15.68;-26.11;-9.61;-124.25;-264.26;-226.56;8.6;8.58;3.41;60.57;144.01;235.8
0;-1.37;-13.37;-1.7;18.08;34.32;-128.65;30.63;2.1;9.3;74.63;157.73;-26.34;-19.58;-33.83;-6.7;-60.73;-225.79;-263.89;11.8;6.41;3.07;31.67;94.74;71.54
0;5.43;-9.4;-1.32;-9.45;-29.36;144.81;24.06;0.95;5.01;52.89;187.91;502.42;-7.42;-32.02;-9.01;-79.93;-330.23;-224.95;8.62;8.53;4.07;40.85;131.73;257.16
0;-0.2;-12.98;-1.14;13.57;22.75;-130.24;27.24;7.44;10.73;76.28;121.28;-38.12;-16.9;-31.67;-6.54;-73;-253.32;-282.14;10.68;6.66;3.06;33.29;68.92;75.45
0;5.39;-9.58;-0.46;-27.17;-27.44;151.19;23.06;1.41;4.69;34.7;209.28;502.44;-8.94;-34.13;-8.4;-109.99;-232.53;-239.92;9;9.2;3.94;46.29;130.86;259.12
0;-0.91;-13.53;-1.23;14.85;16.45;-130.76;27.95;6.97;9.56;81.01;102.74;-33.45;-16.97;-33.61;-9.21;-87.06;-239.72;-254.47;9.97;6.94;3.42;36;71.53;66.2
0;6.44;-9.97;-0.52;-32.08;-28.03;144.92;20.44;0.46;4.22;27.17;172.96;460.44;-2.77;-31.29;-11.04;-95.84;-220.45;-222.41;6.95;8.15;4.23;41.39;120.42;240.92
0;-1.07;-13.14;-1.23;17.96;33.24;-128.35;24.31;7.7;6.62;69.92;145.13;-43.76;-18.84;-34.03;-6.46;-34.31;-119.86;-259.31;10.54;7.43;2.79;28.66;62.87;66.99
0;5.71;-10.1;-1.03;-21.04;-22.54;133.85;19.2;4.64;6.48;49.25;241.51;504.59;-13.57;-35.77;-8.86;-134.64;-269.05;-238.15;7.61;10.73;3.77;43.54;126.99;272.58
0;-0.56;-12.97;-1.34;20.34;33.95;-137.06;27.34;9.63;12.97;65.41;127.9;-51.04;-17.08;-32.9;-5.45;-26.63;-82.12;-282.72;11.39;7.52;3.2;25.42;53.79;72.96
0;5.86;-9.6;-1.07;-9.76;-23.37;139.47;21.1;3.51;4.93;56.79;172.01;468.99;-9.87;-27.63;-9.46;-77.03;-195.21;-244.56;7.74;9.81;4.18;43.41;97.45;251.24
0;-0.47;-13.16;-1.29;11.56;17.44;-127.79;39.07;9.01;9.09;74.53;143.53;-19.98;-19.65;-34.71;-7.34;-49.65;-245.03;-279.59;12.81;8.34;3.38;31.71;93.88;81.07
0;6.01;-9.58;0.19;-35.73;-15.81;157.72;25.21;0.45;5.45;16.03;153.27;502.89;-3.55;-31.24;-7.97;-106.08;-234.51;-215.52;7.36;8.3;3.96;43.29;109.18;253.93
0;-0.28;-13.03;-1.02;10.86;17.5;-128.24;33.79;8.18;8.57;66.04;119.41;-48.2;-17.3;-33.19;-5.61;-56.87;-210.5;-289.56;11.99;7.8;2.92;29.88;77.95;75.82
0;5.18;-9.59;-0.16;-30.74;-13.73;138.43;24.53;1.44;5.33;35.64;182.74;502.77;-10.86;-30.2;-8.84;-119.81;-260.57;-243.23;7.8;8.49;3.64;52.37;119.11;256.75
0;-1.23;-13.93;-1.84;16.23;16.97;-137.6;27.66;1.18;4.5;77.14;132.95;-50.94;-19.53;-32.39;-9.1;-57.4;-240.27;-260.56;11.59;6.36;2.95;31.27;96.81;70.79
0;6.22;-8.98;-0.19;-29.93;-21.17;159.23;20.26;1.81;4.63;33.67;175.06;502.63;-2.94;-30.7;-9.31;-97.97;-188.01;-222.59;7.4;8.65;3.73;46.95;106.78;252.76
0;-1.18;-13.74;-1.73;21.52;15.41;-135.68;34.06;8.11;8.14;80.26;131.32;-39.1;-22.12;-35.4;-10.69;-65.59;-244.77;-281.09;12.46;8.48;3.46;32.22;90.39;79.09
0;6.63;-8.84;-0.54;-16.63;-17.25;158.2;15.94;4.73;5.09;64.45;172.22;489.28;-3.55;-29.93;-9.05;-102.72;-256.12;-254.05;7.23;9.57;3.65;55.66;121.77;251.23
0;-1.27;-13.69;-1.56;19.9;24.27;-137.39;21.79;7.6;9.25;70.65;111.3;-37.65;-19.33;-32.01;-8.78;-39.94;-134.46;-276.21;10.03;7.76;3.4;28.1;66.95;79.85
0;6.5;-8.92;-0.41;-15.79;-24.97;160.04;25.52;2.82;6.49;51.21;198.59;502.79;-4.36;-31.49;-8.22;-101.4;-263.58;-240.48;8.41;8.94;4.28;44.58;127.48;256.09
0;-1.09;-13.12;-1.11;12.01;25.62;-129.15;33.11;4.78;6.42;73.61;117.11;-24.5;-17.99;-32.42;-7.37;-76.74;-226.53;-264.92;11.18;7;2.79;32.93;72.37;73.95
0;6.96;-9.67;-0.64;-15.32;-17.36;148.13;18.76;3.14;5.21;63.67;176.56;493.82;-10.81;-33.1;-10.28;-82.94;-221.06;-245.5;7.67;9.81;4.28;44.62;119.62;256.6
0;-1.56;-13.64;-1.2;20.31;30.44;-134.43;20.71;-0.82;11.94;76.29;113.47;-54.42;-17.4;-32.05;-8;-54.37;-124.78;-247.75;9.84;6.14;3.75;30.39;61.4;63
0;5.48;-9.77;-0.41;-23.08;-23.62;144.44;17.27;2.13;4.6;42.77;128.13;488.1;-4.94;-29.85;-9.87;-82.99;-186.94;-232.35;5.92;8.89;4.18;43.33;90.5;255.08
0;-0.46;-13.39;-1.29;14.76;13.68;-139.6;36.7;8.46;12.39;69.21;167.34;-44.82;-18.93;-32.19;-8.58;-35.31;-203.04;-277.44;13.02;8.44;3.73;26.42;84.11;85.26
0;6.02;-8.66;0.57;-32.15;-13.82;160.96;19.34;4.41;5.73;53.63;159.73;503.9;-2.48;-30.03;-7.57;-132.2;-218.91;-248.82;6.92;9.36;3.53;58.23;98.55;259.8
0;-1.24;-14.01;-1.45;16.63;18;-134.03;27.56;4.88;6.48;71.41;105.55;-22.52;-18.89;-34.62;-8.24;-69.75;-206.03;-280.48;11.43;7.31;3.2;31.51;79.22;79.05
0;6.82;-8.5;-0.2;-28.97;-22.12;158.76;16.86;2.02;4.43;35.55;198.91;498;-3.94;-25.22;-7.6;-96.36;-225.96;-235.8;6.76;7.68;3.49;46.8;122.1;244.53
0;-1.26;-13.36;-1.04;18.72;32.89;-132.34;30.76;9.07;9.51;81.22;147.73;-40.19;-16.3;-33.12;-7.95;-64.09;-192.29;-295.57;11.9;7.58;3.07;35.22;81.83;76.75
0;6.67;-9.26;-1.16;-5.26;-21.26;146.78;20.23;6.52;5.66;69.89;166.77;502.05;-9.39;-33.28;-10.88;-87.42;-207.42;-235.96;7.11;11.18;4.75;49.14;100.82;274.47
0;-0.91;-13.26;-0.53;13.23;18.81;-127.5;27.95;2.69;9.3;67.82;102.6;-46.53;-15.74;-33.45;-5.83;-63.84;-201.01;-269.41;10.24;6.62;3.24;29.93;72.15;68.02
0;5.22;-9.07;-1.69;-10.41;-3.33;144.28;14.54;4.76;4.36;71.21;224.01;501.23;-8.34;-27.58;-10.52;-122.34;-276.26;-222.81;6.3;9.55;4.09;50.23;126.63;264.45
0;-1.17;-13.84;-1.13;19.81;17.48;-137.95;27.46;3.78;14.12;73.21;108.19;-21.8;-17.33;-30.42;-9.83;-55.72;-192.72;-288.78;11.02;6.62;4.58;29.88;75.73;73
0;6.97;-8.93;-0.4;-22.43;-13.11;169.36;25.15;2.84;4.51;47.73;158.42;501.83;-1.76;-33.67;-9.38;-95.54;-196.11;-229.42;7.09;9.01;3.77;46.85;106.1;257.42
0;-1.78;-13.83;-1.06;12.91;23.91;-136.31;28.26;3.01;8.59;78.96;121.17;-37.07;-17.76;-34.33;-7.77;-96.21;-182.54;-265.68;10.22;7.1;3.47;34.69;69.78;66.79
0;6.1;-9.33;-1.22;-9.8;-13.67;149.09;17.07;4.39;5.89;67.3;220.29;501.96;-7.14;-28.75;-9.56;-111.38;-216.23;-249.34;7.05;9.76;3.87;47.56;123.3;263.31
0;-0.66;-13.26;-1.3;12.05;32.39;-136.25;30.98;12.53;14.07;67.88;116.06;-32.07;-19.25;-36.58;-6.86;-57.05;-136.81;-296.59;12.48;8.86;3.7;30.87;73.25;84.77
0;7.03;-9.06;-0.55;-12.11;-9.17;153.69;22.67;11.01;6.6;61.39;180.55;504.69;-7.42;-36.75;-10.68;-108.01;-220.84;-266.2;7.99;12.69;4.86;58.09;107.02;284.88
0;-0.82;-13.14;-0.72;10.11;18.42;-130.39;28.19;-1.06;10.43;68.47;109.01;-47.92;-14.58;-34.33;-9.5;-83.21;-239.82;-249.87;9.23;6.2;4.29;32.4;80.12;64.04
0;5.86;-9.25;-2.07;6.23;-4.2;137.31;17.37;5.59;5.04;83.67;256.53;501.23;-11.8;-27.28;-9.64;-138.18;-194.76;-222.03;6.97;9.33;4.38;54.48;132.72;261.67
0;-1.15;-13.43;-1.17;19.72;37.39;-133.37;24.59;7.38;11.04;75.71;135.03;-42.34;-15.76;-33.19;-7.35;-44.33;-172.77;-291.52;11;7.03;3.77;31.41;81.06;70.72
0;5.61;-9.35;-1.57;-13.08;-26.85;146.41;22.79;8.1;5.07;64.9;196.98;500.84;-10.35;-30.58;-10.8;-93.83;-228.85;-238.74;8.06;11.34;4.51;53.9;112.89;275.85
1;3.64;-11.84;-0.56;10.36;11.59;-129.49;23.15;7.31;7.19;65.74;93.61;-70.22;-13.85;-23.47;-5.11;-22.25;-178.58;-248.41;8.88;6.5;2.18;21.61;68.72;55.3
1;7.39;-9.89;0.52;-34.96;-26.19;112.31;27.15;-2.58;7.07;34.15;134.13;431.66;-6.27;-30.23;-11.15;-110.34;-216.11;-303.14;6.24;6.47;3.83;46.54;77.09;229.8
1;2.49;-11.26;-0.38;10.92;14.09;-107.83;19.21;3.21;6.08;45.36;75.2;-48.04;-17.08;-21.12;-4.94;-21.27;-103.11;-248.47;9.24;5.55;2.32;20.59;48.54;64.72
1;6.07;-10.82;-0.1;-34.5;-20.94;113.21;22.3;-1.51;5.85;63;156.57;428.75;-3.2;-33.67;-11.6;-126.82;-220.86;-275.62;6.46;6.78;4.24;51.22;98.89;231.5
1;2.13;-12.04;-0.16;8.68;9.68;-122.91;28.43;4.63;7.4;48.82;90.19;-64.62;-17.76;-28.84;-5.08;-21.23;-176.31;-245.72;10.27;6.79;2.6;20.14;56.71;55.13
1;5.41;-10.84;0.08;-39.49;-17.31;114.65;19.97;-0.09;11.25;56.28;203.82;444.23;-5.72;-34.53;-12.33;-114.59;-240.04;-293.68;6.83;9.01;4.88;54.9;122.28;244.39
1;2.41;-11.35;-0.63;5.65;17.14;-119.44;30;3.41;9.62;51.5;68.94;-62.05;-17.05;-20.57;-5.22;-20.45;-167.86;-240.08;10.36;6.82;2.18;16.77;59.78;64.71
1;5.72;-10.76;0.08;-30.94;-21.66;108.59;17.4;-0.76;5.78;64.9;152.85;423.33;-6.5;-28.14;-9.26;-118.61;-242.26;-277.38;6.37;8.27;3.75;48.4;100.51;236.68
1;2.03;-12.38;-0.88;13.45;21.94;-124.93;28.79;4.78;7.21;48.92;107.75;-68.82;-16.04;-26.36;-9.03;-20.04;-125.61;-231.83;9.43;6.59;2.51;20.22;49.78;52.3
1;5.68;-10.29;0.58;-29.68;-23.5;105.03;14.15;3.56;11.24;63.87;107.26;451.57;-7.81;-36.25;-11.24;-110.28;-252.92;-244.74;5.7;8.81;4.21;52;93.17;243.24
1;2.19;-11.51;-0.69;6.09;19.49;-113.91;33.55;6.52;3.79;42.87;103.64;-52.48;-17.98;-21.86;-4.95;-26.29;-212.48;-211.2;10.84;6.34;2.41;16.55;75.33;55.03
1;6.17;-10.23;-0.79;-6.93;-22.17;115.37;21.05;1.77;7.04;67.97;172.7;428.09;-10.54;-36.56;-10.62;-68.85;-223.37;-232.51;8.19;8.98;4.61;39.26;109.26;240.52
1;1.46;-11.92;-0.65;1.74;19.19;-117.79;26.97;3.95;7.24;55.1;115.71;-67.5;-14.53;-28.86;-5.52;-36.35;-164.38;-220.07;9.16;6.38;2.27;26.8;64.9;46.71
1;5.4;-11.14;0.19;-44.83;-15.42;110.01;22.77;-2.27;8.22;39;164.23;425.31;-6.78;-37.02;-11.02;-117.25;-261.89;-286.02;6;8.12;4.02;52.43;101.67;237.21
1;3.05;-11.37;-0.44;6.94;14.27;-124.87;34.44;7.34;9.75;55.84;133.93;-71.54;-16.03;-26.97;-5.65;-30.83;-221.41;-247.3;10.37;7.18;2.46;22.19;77.4;55.44
1;5.49;-10.91;-0.27;-30.17;-17.72;114.05;17.15;1.79;9.04;51.62;198.16;441.71;-8.14;-30.95;-11.62;-126.41;-164.68;-267.44;7.7;8.59;5.3;51.55;107.16;237.37
1;2.31;-11.84;-0.58;6.31;14.88;-120.82;29.29;1.3;6.35;38.84;93.97;-71.2;-13.85;-21.52;-6.73;-19.33;-171.42;-219.39;9.42;5.6;2.06;17.46;53.26;53.38
1;5.06;-10.83;0.04;-45.51;-18.74;121.15;17.98;-2.44;4.71;62.09;135.01;431.27;-6.91;-34.93;-13.34;-131.87;-249.08;-269.01;5.87;7.86;4.29;56.21;97.11;232.16
1;1.74;-11.79;-0.43;12.69;18.72;-117.99;37.13;6.26;9.67;58.89;95.45;-48.53;-18.24;-30.23;-5;-22.15;-185.43;-241.46;11.69;7.39;2.48;24.15;64.42;66.62
1;4.94;-11.26;-0.5;-35.25;-22.81;114.53;16.39;-0.81;5;60.09;196.6;436.37;-7.38;-35.92;-13.66;-119.36;-225.95;-251.94;6.71;8.23;4.83;57;117.79;246.39
1;2.47;-11.41;0.01;9.65;7.4;-121.48;28.25;6.07;10.44;58.29;116.05;-65.32;-15.48;-30.44;-5.59;-25.58;-229.73;-254.65;9.48;7.73;2.68;22.19;70.24;57.46
1;5.49;-10.99;-0.09;-32.43;-14.47;102.16;19.61;0.07;6.95;72.52;197.36;413.48;-4.65;-32.57;-10.34;-133.85;-245.11;-282.56;6.99;8.87;4.47;57.79;115.41;228.25
1;2.04;-12.09;-0.44;10.19;16.58;-124.57;31.69;3.34;6.99;39.97;80.72;-69.8;-15.78;-22.43;-7.59;-18.21;-117.84;-236.86;9.84;6.31;2.59;16.05;57.26;55.03
1;5.4;-10.63;0.32;-34.64;-29.12;106.8;15.46;-0.14;10.04;77.41;117.29;428.62;-8.69;-35.51;-12.09;-146.06;-182.84;-269.42;6.15;8.99;4.71;63.77;80.28;240.68
1;3.36;-11.31;-0.76;-4.85;19.78;-121.21;29.31;8.86;6.3;47.85;114.32;-54.44;-17.44;-25.22;-8.57;-34.33;-220.26;-246.13;10.15;7.65;2.76;19.77;80.87;56.68
1;5.4;-9.84;-0.37;-35.42;-18.71;119.92;17.45;1.43;8;60.14;193.86;421.36;-13.97;-31.7;-11.34;-142.47;-219.88;-258.55;8.49;8.36;5.01;58.42;113.32;230.57
1;2.78;-11.53;-0.24;2.98;7.44;-119.69;31.62;6.33;9.58;68.16;96.29;-62.23;-16.97;-30.66;-5.3;-23.65;-264.39;-234.11;9.88;6.64;2.54;22.59;77.51;56.71
1;5.59;-10.17;0.06;-33.67;-5.6;101.89;22.76;0.37;9.26;43.84;176.88;404.51;-10.32;-29.47;-9.7;-103.51;-200;-292.07;7.3;7.66;4.71;50.37;107.02;226.19
1;2.48;-11.57;-1.11;14.02;16.61;-120.04;32.87;5.49;6.51;67.66;143.76;-58.82;-16.83;-19.64;-8.97;-24.17;-236.12;-219.52;10.68;5.65;2.94;23.71;82.11;59.98
1;7.29;-10.51;0.4;-33.96;-25.81;113.52;32.08;-0.4;7.07;47.74;189.16;437.7;-14.08;-37.32;-14.77;-123.09;-177.11;-313.08;9.1;8.41;4.68;53.3;94.4;243.77
1;2.14;-11;-0.33;9.51;6.69;-109.95;29.26;5.79;5.72;61.98;126.81;-32.66;-24.39;-23.71;-7.15;-26.37;-240.45;-218.05;11.23;6.57;2.88;22.18;85.34;65.33
1;6.78;-10.07;-0.03;-24.53;-6.43;108.49;30.47;1.28;8.83;47.5;160.97;435.42;-12.7;-33.1;-9.77;-116.41;-270.4;-320.48;7.52;8.68;3.9;49.35;100.47;248.24
1;1.73;-11.03;-0.67;12.7;7.56;-112.05;38.6;8.66;6.23;72.29;165.48;-53.82;-18.2;-24.44;-4.81;-27.36;-271.19;-223.11;12.82;7.09;2.48;27.51;92.38;59.18
1;5.88;-11.19;0.29;-34.31;-7.26;104.84;17.96;0.4;9.75;62.32;178.44;424.87;-5.06;-32.48;-9.17;-127.92;-275.62;-304.04;6.46;8.51;4.74;53.85;104.56;240.59
1;2.97;-11.38;-0.66;14.8;13.18;-118.35;27.92;5.52;6.49;54.78;123.47;-52.64;-21.27;-22.84;-8.36;-10.84;-108.28;-253.49;9.82;7.45;2.4;15.57;42.69;71.27
1;5.84;-10.1;0.97;-43.21;-17.94;98.96;15.87;-0.27;8.46;61.63;148.98;410.95;-10.92;-35.74;-9.48;-139.74;-238.74;-263.44;6.72;8.42;3.82;59.59;90.28;229.77
1;2.85;-10.82;-0.31;14.99;6.08;-110.61;35.05;7.97;4.83;72.51;86.16;-53.2;-19.63;-20.67;-4.05;-24.38;-222.71;-229.57;11.33;6.37;2.1;25.24;81.95;55.93
1;7.05;-10.59;-0.09;-32.58;-21.11;94.78;28.94;-0.97;6.88;67.45;122.28;431.77;-10.19;-24.17;-9.56;-121.1;-217.71;-367.58;9.27;7.42;4.34;57.48;92.87;245.8
1;1.91;-12.17;-0.63;13.1;15.35;-113.27;25.97;-0.63;5.53;59.74;157.56;-36.12;-21.84;-26.32;-8.55;-16.56;-117.87;-256.06;9.82;5.61;2.51;21.83;62.66;65.96
1;7.33;-9.68;0.88;-41.94;-16.23;143.58;21.64;0.74;8.84;44.82;138.05;414.59;-9.4;-29.57;-9.43;-127.83;-168.61;-294.45;7.11;7.68;3.99;51.51;88.8;227.78
1;-0.18;-12.41;-1.12;17.35;23.66;-118.29;37.36;1.41;7.82;64.83;95.74;-33.43;-15.74;-26.15;-8.48;-17.97;-183.35;-235.2;11.22;5.9;2.93;25.47;60.61;74.74
1;6.91;-9.82;0.12;-31.18;-32.23;135.98;29.46;1.79;5.54;66.88;198.57;449.4;-7.45;-31.26;-7.55;-141.12;-249.98;-241.83;9.63;8.44;4.09;55.43;121.63;237.97
1;0.83;-12.14;-0.62;6.59;22.41;-123.19;36.25;5.98;10.61;55.45;155.24;-55.81;-14.98;-32.91;-5.09;-28.26;-246.73;-220.1;12.27;6.76;3.06;27.08;90;60.57
1;5.77;-10.94;-0.06;-32.32;-22.79;104.97;17.75;-0.47;6.04;60.45;184.95;449.95;-6.97;-34.28;-8.78;-124.97;-209.57;-259.75;6.68;8.38;4.38;52.42;102.73;241.39
1;2.4;-11.79;-0.27;14.81;13.12;-116.82;24.76;3.05;6.56;61.54;84.85;-42.29;-25.02;-29.39;-5.03;-18.76;-97.56;-264.28;10.38;6.58;2.4;23.3;53.6;65.14
1;5.52;-10.81;0.01;-29.46;-19.35;100.96;17.75;0.26;8.64;47.13;152.21;423.95;-8.01;-34.85;-9.06;-102.75;-222.77;-295.23;6.78;9;4.67;43.99;88.78;234.75
1;2.81;-11.23;-0.57;3.77;21.24;-122.51;35.68;5.24;3.68;41.37;92.97;-64.31;-19.63;-21.24;-6.31;-22.56;-171.72;-232.6;11.17;6.16;2.02;18.37;71.8;57.38
1;5.72;-10.26;-0.23;-35.18;-23.74;109.37;16.31;1.05;8.55;71.87;179.37;434.11;-11.53;-34.88;-12.72;-133.64;-199.32;-239;6.93;8.74;4.82;59.75;97.81;233.21
1;2.81;-11.76;-0.65;3.83;19.53;-121.16;33.29;1.92;6.59;41.72;83.9;-58.39;-18.6;-25.87;-8.32;-34.99;-203.85;-252.77;10.41;5.98;3.15;23.79;65.14;62.75
1;5.17;-10.15;0.33;-37.52;-23.48;90.72;15.21;4.32;9.14;73.98;175.1;433.39;-13.59;-36.47;-15.69;-141.78;-246.76;-260.05;7.21;8.91;5.08;68.34;111.08;240.49
1;3.11;-11.15;-0.46;5.44;23.14;-110.15;38.13;11.24;5.2;47.63;108.12;-51.87;-17.46;-23.5;-6.19;-34.18;-269.23;-232.91;11.55;7.32;2.28;21.4;77.61;53.94
1;5.85;-11.01;0.04;-33.53;-20.23;105.14;19.83;-3.01;7.68;69.78;119.36;429.75;-13.02;-39.24;-14.58;-123.36;-197.57;-295.06;7.45;8.46;4.75;59.08;89;236.73
1;3.09;-11.11;-0.62;7.56;10.86;-117.72;37.26;12.44;5.16;60.02;83.75;-57.64;-21.54;-28.67;-7.78;-30.53;-214.02;-253.82;11.64;9.58;2.23;21.88;69.35;63.73
1;5.12;-10.36;0.37;-33.78;-21.12;100.64;15.32;0.46;9.33;67.62;134.07;441.96;-12.21;-35.04;-13.12;-130.45;-173.65;-262.8;6.77;8.84;4.59;60.66;92.27;243.71
1;2.63;-11.24;-0.95;6.15;23.18;-113.2;35.24;9.18;6.4;59.41;123.01;-52.97;-19.84;-26.64;-8.16;-32.24;-216.22;-240.91;11.8;7.82;3.06;25.59;80.32;56.18
1;6.12;-9.84;0.09;-35.29;-15.56;117.64;16.11;0.59;7.44;69.04;174.86;451.17;-12.51;-33.19;-9.96;-110;-146.41;-222.98;6.69;7.64;4.46;56.02;98.04;239.17
1;2.21;-11.86;-0.72;7.85;10.55;-126.74;33.94;12.82;8.73;75.02;157.89;-55.23;-22.21;-33.05;-8.47;-31.01;-271.79;-272.15;12.49;8.61;3.15;26.51;90.07;63.72
1;5.33;-9.86;-0.05;-30.26;-27.7;89.07;21.52;8.41;10.17;84.47;201.02;455.81;-14.46;-33.61;-13.77;-139.68;-247.35;-275.27;8.79;9.28;5.23;69.18;117.99;255.65
1;3.01;-11.67;-0.65;0.11;25.89;-113.35;34.23;11.7;3.67;40.22;102.43;-48.69;-20.26;-23.76;-6.72;-31.91;-196.64;-237.79;11.61;7.37;1.92;19.76;61.97;56.64
1;5.51;-10.29;0.43;-34.31;3.89;109.95;13.76;-2.15;9.9;53.19;118.14;380.57;-9.84;-34.92;-8.49;-118.73;-175.99;-250.41;5.94;6.72;4.17;57.34;75.64;217.55
1;3.02;-11.88;-0.85;26.36;13.78;-123.08;26.06;7.93;9.2;66.27;110.54;-56.92;-17.72;-26.45;-8.26;-16.12;-135.92;-267.36;9.38;7.99;3.2;22.56;48.39;64.77
1;5.79;-9.65;0.97;-49.46;-17.02;109.48;15.8;-0.21;6.98;68.07;133.5;390.97;-12.24;-36.08;-8.89;-148.03;-224.17;-285.93;6.53;8.31;3.57;67.11;86.66;216.91
1;1.46;-11.6;-0.7;17.82;-0.04;-124.66;39.6;9.3;5.79;83.99;93.87;-29.55;-22.4;-25.23;-5.14;-19.19;-239.72;-266.9;12.88;8.24;2.69;21.37;81.49;80.01
1;6.31;-8.63;0.91;-34.1;-8.44;109.09;16.68;3.84;8.67;66.88;128.33;425.42;-6.39;-32.09;-9.15;-130.46;-226.66;-260.17;5.67;9.63;3.65;58.51;81.64;242.16
1;2.72;-12.23;-0.5;8.7;17.47;-129.61;29.29;4.34;4.84;56.18;188.35;-52.63;-11.02;-20.64;-6.83;-19.85;-173.14;-262.35;9.67;6.68;2.42;19.62;74.92;62.67
1;5.82;-8.41;0.17;-35.32;-30.58;87.23;25.45;6.18;8.66;84.51;209.39;417.31;-11.81;-31.7;-14.79;-172.71;-238.58;-254.66;8.59;8.73;4.57;77.53;117.74;229.17
1;3.02;-11.67;-0.74;5.65;30.72;-108.84;34.94;7.3;5.34;50.52;83.45;-58.74;-18.76;-22.87;-10.09;-28.55;-167.65;-237.11;9.92;6.26;2.77;21.98;53.76;50.78
1;5.72;-9.98;0.08;-22.09;-17.14;91.34;17.11;1.28;8.3;77.53;159.12;431.12;-14.85;-34.02;-12.09;-103.87;-167.83;-269.05;8.16;8.15;4.6;56.68;106.21;239.81
1;2.37;-11.97;-1.22;6.78;16.66;-121.23;31.81;11.83;5.43;52.85;112.27;-48.81;-19.62;-25.46;-9.4;-30.63;-285.02;-217.95;10.95;7.51;3.24;22.46;89.65;56.96
1;7.79;-9.16;1.14;-41.19;-20.76;125.55;20.25;-0.67;9.16;48.21;124.08;418.3;-13.62;-37.28;-12.24;-139.47;-139.47;-292.49;7;7.96;4.75;56.94;73.02;224.59
1;2.43;-11.39;-0.73;12.24;6.73;-121.95;32.93;7.54;3.22;64.48;79.94;-56.52;-18.53;-23;-7.44;-22.71;-246.75;-247.71;10.73;7.09;2.57;24.92;75.9;63.29
1;8.17;-9.71;1.02;-37.42;-12.2;116.91;27.93;-2.12;6.87;59.74;148.38;428.67;-4.81;-30.65;-7.11;-123.3;-157.29;-364.48;8.76;7.17;3.9;51.46;92.32;245.71
1;2.64;-11.66;-0.7;10.41;10.77;-118.03;33.57;3.07;3.12;53.22;168.99;-42.94;-21.07;-22.72;-6.19;-20.4;-185.24;-248.13;11.23;5.97;2.52;20.9;70.26;65.76
1;6.79;-9.16;1.54;-52.37;-7.78;111.31;19.07;1.84;10.15;66.32;121.36;405.68;-14.7;-34.08;-11.4;-164.56;-200.31;-284.89;5.99;8.55;4.6;66.23;75.64;228.72
1;2.72;-10.78;-0.47;14.38;8.28;-112.75;37.57;11.97;6.69;95.51;106.73;-45.14;-17.85;-22.89;-4.19;-23.18;-293.65;-252.96;12.25;7.65;2.78;26.37;91.86;61.03
1;5.73;-10.56;0.24;-31.27;-9.13;94.77;17.57;1;8.75;90.22;124.06;424.38;-17.14;-36.51;-9.74;-137.86;-177.01;-327.7;7.68;9.39;4.48;64.8;76.98;245.78
1;2.29;-11.53;-1.31;13.46;13.13;-122.29;39.81;17.36;4.55;93;167.51;-45.3;-21.26;-23.65;-7.44;-27.81;-306.64;-245.78;12.4;9.61;2.94;24.93;98.84;72.8
1;7.28;-8.81;1.03;-45.49;-18.04;138.1;18.97;2.27;8.62;36.15;132.88;441.82;-8.14;-35.15;-11.07;-133.79;-121.86;-306.59;6.01;8.16;4.33;57.72;79.38;237.88
1;2.35;-11.92;-0.87;16.04;6.73;-129.17;37.58;10.45;6.68;73;94.48;-58.84;-19.6;-29.05;-7.14;-25.66;-267.05;-260.45;11.95;8.84;3.02;26.62;81.1;73.2
1;8;-9.3;1.2;-45.96;-10.03;126.21;25.02;0.85;7.8;52.53;113.41;425.17;-5.64;-34.11;-8.61;-137.33;-153.18;-335.02;6.83;8.35;3.94;58.9;74.53;240.19
1;1.71;-12.08;-1.03;15.99;12.01;-125.52;38.56;5.98;6.81;65.18;141.13;-49.22;-22.17;-22.54;-7.45;-17.67;-271.29;-249.62;12.48;7.8;2.91;23.04;85.68;74.77
1;6.87;-9.16;0.92;-55.47;-18.28;135.73;19.42;-0.4;7.53;37.6;136.66;416.32;-4.93;-36.9;-15.77;-148.62;-196.52;-270.92;5.67;7.68;4.47;61.52;94.35;226.42
1;2.04;-11.97;-0.73;13.99;9.85;-126.62;38.54;8.57;9.44;78.19;129.79;-35.79;-23.35;-29.24;-8.81;-29.13;-280.41;-250.5;12.5;8.7;3.41;27.03;85.37;76.41
1;6.43;-10;0.65;-37.13;-10.04;116.48;19.89;0.28;8.79;67.71;167.77;414.18;-10.99;-36.24;-9.72;-126.56;-182.48;-293.34;7.52;7.94;3.86;63.2;94.5;233.82
1;2.8;-11.73;-0.92;13.87;12.09;-125.88;31.12;8.48;5.16;75.99;117.4;-49.57;-20.14;-23.74;-7.57;-26.91;-209.22;-246.09;10.86;7.96;2.66;25.28;67.16;65.27
1;5.82;-9.99;0.7;-36.61;-11.65;126.51;16.23;0.96;10.73;68.29;99.93;444.48;-15.16;-36.63;-14.6;-111.56;-150.18;-272.62;6.51;8.93;4.64;55.27;69.37;249.11
1;2.77;-11.58;-1.04;8.5;12.19;-126.15;36.87;14.01;6.34;87.05;142.96;-36.08;-23.04;-26.85;-7.81;-32.65;-310.28;-257.59;12.26;8.77;2.89;27.05;95.1;70.07
1;6.39;-9.49;1.11;-37.82;-16.44;140.07;17.08;-0.58;7.91;21.3;114.55;425.2;-8.49;-34.2;-7.44;-115.55;-122.82;-272.47;5.43;6.78;3.74;47.51;67.45;227.84
1;1.76;-12.29;-1.03;9.02;13.78;-133.02;30.26;12.32;6.26;61.17;169.58;-20.09;-25.36;-28.65;-5.4;-26.69;-221.03;-257.61;12.39;8.65;2.72;22.29;82.34;79.17
1;6.75;-8.07;1.32;-52.14;-28.08;125.42;16.74;1.33;6.67;21.24;90.74;409.81;-2.14;-26.67;-7.22;-166.35;-219.54;-236.71;4.96;6.71;3.53;64.64;93.04;223.45
1;1.69;-12.87;-1;6.77;19.56;-127.88;30.12;6.46;7.05;54.91;147.67;-53.12;-21.71;-29.57;-9.68;-32;-235.79;-245.11;11.01;6.89;3.06;23.16;85.34;64.32
1;7.28;-9.05;0.51;-39.04;-13.75;129.29;26.11;-0.21;9.61;52.47;130.9;406.64;-12.76;-32.61;-9.97;-112.14;-248.48;-296.6;6.44;7;3.93;49.61;95.54;222.01
1;1.56;-12.15;-1.25;18.72;14.6;-122.06;35.72;7.55;7.04;76.63;103.52;-38.27;-22.22;-23.51;-8.46;-29.23;-251.97;-242.25;11.97;7.31;2.97;28.33;83.78;67.66
1;9.27;-9.17;0.39;-17.98;-8.65;147.68;25.83;1.88;5.58;53.07;76.13;439.74;-6.45;-32.14;-9.53;-75.36;-105.11;-342.69;6.42;8;3.26;39.52;44.72;240.66
1;2.81;-11.24;-0.81;10.89;9.84;-113.29;33.43;2.52;3.93;53.48;80.33;-17.32;-24.29;-22.34;-7.81;-21.44;-194.74;-245.19;11.98;6.28;2.28;18.77;64.06;66.97
1;6.92;-10.3;0.84;-32.79;4.66;105.15;25.91;0.19;7.86;64.47;110.41;418.23;-19.09;-36.61;-8.57;-133.88;-126.6;-326.99;8.3;8.52;4.01;57.37;64.46;240.34
1;1.83;-11.56;-1.03;19.63;6.84;-117.69;38.55;10.13;3.31;74.21;124.81;-29.47;-18.92;-23.69;-6.66;-10.83;-231.49;-233.57;11.98;7.48;2.11;19.74;75.54;72.23
1;7.2;-8.82;1.1;-42.06;-13.71;119.15;17.3;-1.29;6.34;42.93;39.29;404.45;-14.27;-31.74;-7.1;-134.71;-187.83;-265.88;5.94;7.24;3.28;56.14;58.82;218.9
1;2.14;-11.76;-0.92;23.42;2.72;-119.59;30.16;7.35;6.26;75.26;106.15;-20.71;-17.43;-19.37;-7.61;-22.8;-206.65;-235.83;10.86;6.51;2.76;28.6;81.52;74.79
1;7.95;-8.68;1.57;-43.83;-3.41;128.09;22.09;-2.2;7.45;39.33;147.78;402.56;-4.63;-28.95;-8.08;-108.34;-150.43;-351.78;5.54;6.02;3.86;47.88;69.59;223.73
1;2.3;-12.04;-0.53;15.33;8.62;-120.03;35.38;4.9;5.98;56.13;135.54;-49.6;-19.53;-21.71;-4.62;-19.58;-181.42;-228.62;11.16;6.14;2.15;21.82;66.38;65.22
1;6.79;-9.26;1.18;-42.94;-8.11;112.92;21.11;0.19;12.69;101.98;181.25;434.96;-13.76;-38.16;-18.75;-132.05;-246.89;-291.76;6.97;8.77;5.36;58.8;93.58;240.58
1;2.44;-11.26;-1.01;19.45;20.2;-115.27;25.74;18.1;13.17;95.45;126.8;-23.03;-21.03;-31.64;-9.22;-25.45;-237.27;-269.36;11.46;10.54;4.56;28.03;82.97;79.28
1;6.73;-8.23;0.19;-24.92;-34.22;84.45;39.92;12.21;8.51;81.37;85.19;425.6;-22.06;-31.41;-7.3;-136.95;-312.72;-268.16;11.35;9.04;3.7;62.36;93.58;246.48
1;1.18;-12.8;-0.59;10.92;31.62;-111.29;28.46;7.38;5.98;54.84;149.53;-38.47;-18.98;-24.52;-5.45;-22.34;-102.89;-229.41;9.95;6.1;2.26;19.6;53.44;63.73
1;6.45;-9.7;1.07;-28.54;-18.26;112.07;27.42;0.5;7.35;69.2;144.16;439.77;-19.32;-37.16;-8.96;-145.21;-200.64;-291.73;9.53;8.49;4.58;63.86;92.66;239.34
1;2.52;-10.71;-0.77;2.18;2.6;-108.27;39.26;13.52;6.36;68.22;118.27;-18.94;-23.28;-21.55;-10.18;-35.69;-306.68;-230;13.52;7.83;3.51;29.2;99.09;73.28
1;6.05;-9.66;1.48;-47.04;2.91;89.93;15.03;0.02;9.72;88.39;121.9;395.93;-18.29;-34.26;-8.41;-158.82;-200.76;-296;7.17;8.17;4.17;72.51;95.76;229.04
1;2.74;-11.23;-0.7;19.78;0.04;-121.21;39.48;15.58;4.85;105.43;128.45;-41.54;-19.87;-23.35;-4.65;-16.97;-310.27;-242.53;12.71;8.74;2.26;26.03;96.57;70.75
1;7.45;-9.03;1.16;-32.46;-10.15;117.81;24.11;-0.35;10.28;58.7;110.38;431.58;-13.17;-36.36;-6.36;-123.59;-142.11;-277.59;8.15;8.72;4.46;59.44;64.27;230.88
1;2.27;-11.79;-0.88;2.67;10.04;-120.08;36.78;14.66;5.27;78.4;122.11;-34.53;-22.53;-26.81;-9.01;-30.39;-305.86;-244.98;13.09;9.02;3.3;26.08;97.06;72.32
1;6.5;-8.28;1.21;-38.32;-19.19;84.15;26.23;11.96;8.48;85.25;115.23;404.47;-15.61;-35.51;-8.89;-154.42;-241.2;-262.49;7.74;8.35;3.55;73.09;86.15;231.01
1;2.38;-12.41;-1.16;14.97;32.87;-115.77;29.46;12.42;5.43;63.76;130.73;-49.31;-20.47;-22.94;-5.57;-22.42;-121.93;-223.86;10.88;7.31;2.46;27.05;62.35;54.54
1;6.58;-8.42;1.65;-46.31;1.11;106.43;18.26;0.6;11.44;74.59;157.5;400.94;-18.47;-32.82;-5.54;-133.26;-157.88;-249.73;7.68;8.19;3.52;62.97;88.51;216.64
1;2.44;-11.56;-1.38;25.96;7.19;-119.82;37.17;10.18;4.02;74.47;184.66;-39.91;-17.66;-22.17;-5.08;-0.5;-275.99;-232.61;11.91;7.25;2.33;17.12;94.26;68.88
1;6.48;-8.77;1.34;-32.37;-25.51;96.45;19.38;-0.18;7.97;98.94;123.2;415.61;-20.44;-36.75;-10.55;-112.91;-236.64;-251.43;8.3;8.15;4.15;59.73;89.39;231.55
1;2.56;-11.59;-1.2;9.37;12.11;-110.84;36.75;17.85;6.81;52.85;144.08;-19.77;-23.03;-27.11;-7.99;-31.38;-330.7;-226.69;13.48;10.5;3.23;23.54;93.86;75.4
1;7.91;-8.34;1.57;-37.21;-7.48;114.99;19.67;2;9.83;90.69;152.95;415.92;-15.65;-36.29;-7.07;-112.56;-164.71;-351.48;7.42;8.78;4.17;51.94;98.11;237.78
1;2.37;-11.41;-1.12;15.11;13.05;-115.75;40.16;12.43;4.74;96.79;180.69;-31.42;-20.9;-20.2;-6.85;-16.3;-302.81;-237.89;12.96;8.21;2.67;24.64;98.21;74.53
1;6.65;-9.06;1.18;-47.57;-13.97;114.59;19.68;0.63;9.43;67.26;87.87;422.22;-18.79;-36.26;-15.53;-138.2;-238.61;-260.35;7.18;8.09;4.69;64.63;88.84;228.62
1;3.46;-11.24;-0.46;15.23;0.3;-122.56;30.1;12.3;7.05;94.81;123.13;-52.5;-20.4;-22.84;-7.06;-28.54;-324.96;-246.73;11.54;8.39;3.19;30.29;94.44;67.08
1;6.82;-8.78;1.2;-39.18;-2.98;114.38;21.1;1.75;9.56;54.26;162.15;413.98;-20.54;-33.94;-6.84;-135.17;-140.19;-280.95;8.46;9.25;4.22;57.33;87.26;229.05
1;2.72;-11.47;-0.89;11.87;10.65;-122.34;39.04;13.74;5.52;72.6;123.13;-38.28;-19.86;-20.45;-5.67;-30.14;-294.19;-240.1;12.52;8.51;2.57;23.25;89.17;73.5
1;6.24;-8.55;1.5;-49.13;-21.88;86.17;15.8;1.79;6.67;96.26;86.06;381.05;-11.63;-34.86;-10.4;-175.81;-243.12;-241.85;6.07;8.36;3.5;80.19;87.83;221.97
1;2.61;-12.18;-1.08;18.05;27.8;-115.97;29.87;13.08;5.53;64.77;175.54;-40.27;-21.25;-21.81;-6.33;-28.12;-223.59;-220.47;11.98;8.17;2.88;25.78;81.01;63.3
1;6.91;-8.37;1.19;-33.3;-14.53;110.65;17.9;2.29;10.64;87.85;92.48;405.08;-17.2;-35.86;-7.97;-111.64;-158.3;-257.45;7.64;9.34;3.65;54.63;57.89;226.39
1;2.74;-11.72;-1.11;21.02;12.23;-122.42;34.43;13.32;3.7;76.32;152.61;-25.27;-19.93;-20.29;-7.43;-14.15;-253.3;-246.05;12.13;8.72;2.78;22.33;84.57;76.11
1;6.56;-8.19;0.83;-31.89;-20.95;102.6;19.93;9.86;8.91;80.37;94.77;436.44;-14.3;-34.14;-12.8;-119.79;-278.97;-252.51;7.47;8.99;4.41;59.79;80.14;245.62
1;2.97;-12.15;-1.39;9.63;34.39;-110.95;33.05;11.58;5.25;45.85;198.01;-20.37;-23.37;-22.49;-7.85;-33.07;-208.92;-234.94;12.36;7.38;2.79;20.14;65.18;73.69
1;5.6;-9.25;1.25;-31.8;-8.45;94.04;15.41;0;11.22;97.29;165.59;383.46;-15.43;-33.53;-5.53;-120.37;-146.79;-288.24;8.1;7.44;3.31;59.3;80.54;224.4
1;2.93;-11.73;-1.23;17.72;16.22;-129.7;32.12;16.43;3.83;78.34;136.38;-56.43;-12.75;-26.43;-5.9;-12.85;-233.07;-261.51;11.9;10.15;2.4;16.41;83.48;63.67
1;6.71;-8.41;0.84;-33.3;-11.79;113.2;16.71;2.57;7.36;82.33;71.5;406.88;-17.1;-33.05;-12.87;-146;-114.2;-271.88;7.74;8.63;3.92;68.24;42.76;233.49
1;3.7;-10.89;-0.59;21.04;1.12;-115.36;28.98;11.01;6.2;84.62;162.84;-31.68;-17.05;-20.53;-6.27;-9.58;-263.83;-256.15;10.78;8.03;2.84;22.23;83.91;71.36
1;6.83;-8.97;1.13;-39.73;-13.67;107.95;19.53;-0.18;8.81;84.52;111.11;412.04;-20.48;-34.9;-12.75;-123.04;-160.08;-312.3;8.06;8.33;4.35;56.37;64.17;233.78
1;3.61;-11.31;-0.56;8.87;1.29;-120.21;38.79;12.87;4.01;86.33;94.47;-48.68;-14.91;-22.97;-7.5;-22.87;-311.63;-244.36;11.87;8.11;3.07;23.8;94.54;59
1;5.48;-8.95;0.64;-37.29;-2.16;110.67;17.24;0.51;10.77;66.35;133.56;392.98;-17.5;-32.25;-7.69;-127.51;-124.34;-272.44;7.78;7.93;3.78;54.7;80.7;222.04
1;3.91;-11.61;-0.79;3.63;14.93;-128.53;37.42;13.87;6.43;88.82;147.07;-40.96;-12.99;-24.73;-7.3;-27.21;-270.29;-251.19;11.61;9.42;2.81;22.51;95.16;68.13
1;7.24;-7.65;0.62;-34.1;0.87;134.57;23.34;0.91;7.11;54.87;125.09;434.81;-7.91;-20.66;-5.82;-120.6;-135.31;-196.89;7.67;7.3;3.67;54.96;75.22;227.19
1;2.34;-12.49;-0.5;11.47;-9.76;-133.33;41.02;9.73;7.22;75.48;153.65;-42.69;-29.08;-30.28;-9.02;-24.66;-337.31;-269.66;13.77;8.39;3.14;22.69;110.23;69.4
1;6.91;-8.59;0.92;-29.9;-11.36;128.12;21.32;-0.86;8.34;54.55;87.61;451.42;-21.48;-31.9;-8.1;-122.6;-149.93;-198.79;7.61;7.19;4.33;57.48;70.47;236.39
1;2.89;-12.17;-0.59;3.44;3.66;-125.41;34.93;10.71;7.38;65.47;91.42;-44.54;-22;-32.75;-9.08;-39.09;-298.49;-256.31;12.1;8.84;3.32;27.05;95.58;67.8
1;5.33;-9.3;1.1;-40.5;-16.91;102.77;13.64;4.28;9.94;82.43;154.86;414.91;-17.05;-36.28;-8.99;-127.74;-268.32;-272.63;6.94;8.22;3.48;61.37;100.73;233.65
1;2.91;-11.8;-1.12;2.82;24.88;-119.62;34.89;14.97;6.32;49.66;151.09;-49.49;-22.44;-26.06;-8.5;-35.55;-306.71;-230.31;12.53;9.52;3.07;22.41;87.29;66.5
1;7.33;-8.33;0.63;-40.32;-16.63;139.02;23.43;1.18;8.74;58.07;200.83;431;-11.06;-25.05;-7.77;-138.27;-168.02;-210.12;8.42;8.09;4.08;64.31;92.56;227.77
1;2.33;-12.58;-0.32;7.17;4.26;-138.66;25.79;10.68;8.49;62.16;81.69;-49.02;-20.13;-36.07;-5.66;-29.46;-248.87;-283.58;10.93;9.69;3.02;23.46;68.42;70.13
1;6.07;-10;0.83;-32.55;5.24;128.91;16.53;1.74;10.87;34.39;117.68;447.93;-16.66;-34.53;-9.39;-121.18;-117.25;-273.11;7.43;9.15;3.81;50.58;64.02;246.97
1;2.69;-11.92;-0.78;12.86;3.72;-127.91;36.35;14.23;9.27;66.75;133.17;-54.01;-22.21;-24.85;-10.65;-16.65;-262.18;-258.24;12.26;9.18;3.17;17.44;78.82;67.89
1;6.69;-9.04;0.85;-44.57;-0.04;129.67;20.16;0.44;7.27;58.92;123.78;419.75;-12.62;-25.33;-8.4;-146.89;-117.42;-235.89;7.19;6.69;3.61;62.89;68.27;225.34
1;1.64;-12.64;-0.47;19.32;6.7;-130.79;27.53;5.95;8.72;60.94;152;-47.18;-20.41;-31.3;-7.11;-2.06;-205.46;-231.46;10.71;7.23;2.79;17.57;81.2;64.39
1;7.09;-9.41;0.42;-30.31;-0.98;130.85;23.55;1.57;7.7;48.51;153.05;427.16;-13.89;-33.53;-12.77;-111.49;-176.98;-285.6;7.01;8.03;4.89;54.45;90.24;234.48
1;1.03;-12.49;-1.06;19.52;6.07;-126.66;37.62;7.45;8.12;77.4;140.29;-39.14;-22.05;-26.22;-8.46;-17.58;-320.53;-232.33;13.07;7.15;3.33;24.78;99.58;68.42
1;7.5;-8.3;1.3;-40.71;-6.84;139.22;19.83;4.58;6.94;58.27;136.67;440.54;-17.31;-27.74;-6.72;-170.19;-149.13;-243.66;7.86;8.71;3.55;72.78;69.7;241.34
1;1.69;-12.5;-1.05;19.1;6.26;-125.27;34.54;5.27;5.84;58.89;90.7;-37.4;-19.81;-26.95;-8.38;-12.05;-234.43;-246.36;11.54;7.12;2.56;21.49;80.47;70.24
1;7.02;-9.64;1.02;-45.66;-5.68;153.37;21.79;-0.73;5.1;52.33;120.38;424.44;-3.69;-31.32;-8.08;-120.88;-214.11;-282.3;5.8;6.57;3.59;55.94;85.9;222.54
1;0.17;-11.95;-0.49;26.31;17.28;-116.22;37.69;2.33;6.36;69.67;84.42;-44.81;-18.35;-25.22;-4.39;-9.4;-201.15;-234.49;12.26;5.91;2.83;23.91;63.76;66.06
1;6.59;-9.15;-0.08;-30.82;-14.06;115.58;17.52;3.62;6.87;65.92;160.01;441.58;-4.61;-27.74;-9.12;-137.05;-268.26;-224.63;6.25;8.49;4.35;65.09;104.85;230.03
1;0.45;-13.46;-0.71;19.64;15.81;-128.52;25.77;4.63;8.1;57.07;108.92;-50.22;-26.09;-32.42;-9.45;-21.53;-131.3;-263.05;11.77;6.88;4.08;23.21;73.83;71.83
1;4.88;-9.43;-0.16;-38.32;-28.79;128.98;16.48;4.63;4.54;60.33;146.07;489.23;-13.15;-28.89;-10.65;-144.44;-216.58;-257.6;7.22;9.62;4.15;59.46;106.44;265.34
1;1.87;-13.29;-0.9;14.54;11.02;-136.49;31.78;6.35;7.6;64.14;100.12;-61.45;-23.24;-30.28;-10.82;-21.23;-193.82;-303.32;11.35;7.84;3.3;25.96;78.71;72.46
1;6.32;-9.21;0.92;-37.93;-15.05;107.59;21.58;0.16;6.51;62.89;183.69;406.22;-13.19;-36.96;-9.95;-137.16;-177.7;-293.82;7.79;8.49;4.28;64.68;97.85;232.03
1;2.87;-11.78;-1.14;5.66;20.83;-118.27;28.7;13.31;4.83;49.39;170.59;-33.12;-21.89;-27.87;-9.93;-27.45;-196.64;-258.59;11.31;9.48;3.21;23.99;73.59;76.07
1;6.03;-8.65;0.97;-36.57;-19.28;94.56;24.89;10.36;9.23;96.15;165.96;429.18;-16.94;-35.38;-14.02;-131.91;-229.89;-286.9;8.36;9;4.35;69.3;117.56;242.77
1;2.54;-12.17;-1.16;16.49;29.93;-113.97;30.03;15.47;5.31;69.06;152.61;-38.56;-23.63;-24.85;-8.54;-22.2;-180.13;-250.14;11.41;8.92;3.3;23.81;62.48;65.79
1;6.06;-8.95;0.61;-28.03;-25.89;104.42;19;5.42;8.8;87;146.85;463.62;-13.4;-36.75;-15.97;-101.58;-225.02;-324.03;7.35;8.96;4.84;51.18;100.25;253.24
1;2.59;-12.12;-1.11;7.94;21.01;-116.54;26.4;16.88;8.7;51.82;139.32;-40.76;-24.8;-28.5;-10.18;-29.27;-212.24;-242.91;11.27;9.38;4.26;19.84;66.07;66.16
1;6.08;-8.23;0.97;-28.29;-16.59;94.81;31.96;9.66;8.78;91.38;135.34;434.01;-24.4;-33.74;-6.95;-132;-279.7;-279.96;10.22;9.3;3.82;66.22;95.49;248.04
1;2.15;-12.47;-1.17;10.93;37.15;-123.54;34.83;13.75;5.6;44.89;134.8;-44.2;-16.44;-24.53;-6.1;-22.93;-123.62;-233.7;10.73;8.19;2.68;18.65;51.46;61.87
1;6.37;-9.23;0.79;-33.74;-35.19;95.24;22.64;13.46;10.68;98.76;129.62;411.15;-12.97;-35.87;-11.56;-118.5;-226.87;-304.9;7.39;8.49;3.72;58.27;90.54;238.75
1;2.99;-12.04;-0.79;5.79;23.69;-117.56;27.08;21.01;7.89;45.9;149.26;-49.05;-20.26;-32.22;-5.94;-42.29;-177.79;-227.45;10.56;10.73;3.42;24.04;60.51;62.89
1;5.98;-9.56;0.82;-28.84;-19.23;105.86;26.24;3.96;9.99;61.41;121.54;447.51;-20.85;-35.71;-7.75;-104.97;-220.23;-295.42;8.65;8.81;3.94;51.2;84.74;246.97
1;2.41;-12.18;-1.26;6.91;21.36;-121.7;33.57;14.17;4.36;50.63;104.08;-53.41;-23.55;-28.39;-9.84;-33.32;-119.82;-258.62;11.1;8.89;3.17;23.07;42.79;65.35
1;5.67;-9.32;0.44;-24.15;-20.41;106.2;17.75;7.99;9.21;64.15;187.16;433.07;-13.32;-36.16;-9.94;-117.48;-260.19;-308.39;7.6;8.97;4.1;58.17;102.07;254.53
1;3.35;-12.05;-0.57;-5.73;21.57;-124;33.25;20.67;7.47;35.16;143.16;-51.84;-15.13;-34.68;-5.34;-30.16;-219.83;-248.39;11.11;11.62;2.51;16.31;69.01;65.31
1;6.19;-8.69;0.93;-40.53;-12.43;131.36;25.18;1.73;9.82;43.95;152.37;440.49;-21.1;-33.99;-10.93;-136.77;-182.57;-213.78;8.69;8.26;4.69;62.82;94.37;235.3
1;3.15;-12.71;-0.46;-0.26;11.51;-141.9;34.91;11.91;10.73;79.4;149.55;-48.91;-18.93;-32.67;-6.4;-45.19;-270.31;-298.22;11.9;10.07;3.75;27.49;91.17;70.97
1;5.57;-8.96;0.55;-35.78;-25.41;98.52;28.77;10.06;9.3;79.72;155.4;427.12;-17.81;-36.29;-10.99;-132.35;-274.48;-316.27;8.92;8.84;3.71;59.31;100.62;251.39
1;1.87;-12.6;-0.9;1.92;35.14;-122.82;31.35;17.48;6.68;53.56;156.04;-42.43;-15.95;-31.59;-7.06;-33.87;-145.27;-253.17;10.87;9.95;2.98;19.91;61.42;65.44
1;5.85;-9.35;1.28;-39.48;-9.33;110.68;17.62;2.32;10.81;105.87;165.98;427.65;-16.38;-33.25;-7.26;-146.34;-192.03;-284.48;8.78;8.88;4.04;70.74;96.43;241.3
1;3.95;-11.51;-1.15;14.36;11.89;-130.33;37.16;17.16;4.22;85.48;107.53;-59.44;-13.87;-20.79;-5.58;-22.66;-277.74;-256.64;12.06;9.72;2.99;24.74;80.1;69.66
1;6.16;-8.6;0.94;-30.66;-17.66;101.54;24.39;12.06;8.45;94.63;83.04;441.51;-23.75;-35.99;-12.37;-119.91;-273.06;-306.74;8.66;9.4;4.2;60.7;80.95;250.38
1;3.65;-11.64;-1.02;10.49;16.94;-119.08;30.86;18.55;4.91;39.76;53.09;-57.88;-11.82;-27.43;-6.32;-22.28;-198.45;-243.61;9.98;9.04;2.9;17.66;55.05;56.13
1;6.21;-9.66;0.82;-25.37;-0.33;124.92;17.5;-1.22;8.53;67.2;105.06;427.59;-20.67;-37.16;-8.46;-101.02;-103.12;-277.32;8.06;8.63;3.86;52.41;61.49;236.11
1;2.63;-11.63;-1.05;7.55;13;-130.94;37.13;18.56;5.99;79.03;144.1;-48.41;-18.45;-29.14;-6.33;-31.53;-279.97;-257.27;12.65;10.36;3.12;25.22;90.51;72.25
1;6.4;-8.6;0.46;-37.11;-21.49;143.43;16.15;1.76;6.96;36.67;127.45;444.27;-10.14;-27.4;-9.72;-120.6;-149.54;-217.51;7.32;7.55;3.99;56.4;78.99;234.28
1;2.14;-12.91;-0.59;-0.37;21.56;-136.47;35.14;13.31;7.9;69.25;177.66;-18.89;-20.31;-36.37;-8.97;-29.73;-283.27;-278.36;13.4;9.89;3.74;26.92;98.69;84.28
1;5.22;-8.39;0.04;-38.73;-18.13;126.04;15.44;2.43;6.24;35.71;155.73;418.49;-14.89;-27.21;-13.46;-116.55;-169.51;-229.04;6.41;6.38;3.81;57.63;90.91;229.44
1;3.07;-12.55;-0.28;12.2;18.84;-136.33;36.87;11.5;8.75;64.57;140.4;-57;-18.63;-35.8;-6.57;-36.82;-174.81;-332.67;11.6;8.91;3.6;27.03;60.97;78.71
1;5.51;-9.13;0.7;-31.12;-14.67;96.21;21.85;7.61;10.39;92.07;150.31;421.28;-23.22;-36.82;-11.63;-127.88;-295.55;-301.33;8.74;8.73;4.31;64.84;106.82;244.27
2;5.33;-9.08;0.3;-62.13;-9.37;103.2;22.1;-1.5;7.34;35.69;242.6;393.69;-6.7;-26.49;-6.31;-160.81;-273.73;-232.39;8.01;5.05;4.01;62.05;145.4;218.91
2;2.34;-11.8;-0.59;21.1;18.85;-119.39;27.37;3.49;3.92;62.9;135.45;-31.16;-16.27;-30.1;-5.82;-26.67;-220.92;-267.74;10.83;6.8;2.19;27.06;97.61;80.53
2;5.82;-9.16;0.27;-39.95;-29.87;71.07;18.3;-1.91;10.82;52.49;267.21;382;-10.79;-34.66;-13.47;-149.4;-257.88;-286.68;7.08;7.15;4.73;58.96;125.94;228.43
2;2.02;-11.28;-1.22;18.87;24.69;-111.87;23;3.34;7.95;64.38;151.9;-27.55;-13.55;-22.32;-6.16;-32.51;-164.45;-259.58;10.44;6.48;2.3;28.91;74.23;77.1
2;6.47;-8.12;0.57;-56.46;-22.38;111.6;19.79;-2.42;6.79;32.17;170.3;402.5;-2.87;-19.76;-14.95;-151.79;-275.23;-257.92;5.22;4.43;5.11;60.95;121.52;217.2
2;2.34;-12.44;-0.49;11.98;17.31;-128.32;24.07;2.67;8.56;52.29;123.18;-40.02;-16.28;-24.49;-3.69;-34.52;-169.18;-264.9;11.01;6.41;2.8;25.06;88.27;81.06
2;6.2;-9.51;0.43;-45.22;-26.04;106.61;19.61;-3.02;5.15;35.07;163.79;398.21;-3.47;-27.54;-14.39;-140.63;-241.55;-284.91;6.27;5.81;4.96;56.16;108.18;227.16
2;2.56;-11.14;-0.24;8.46;20.48;-116.08;25.3;3.25;5.12;50.81;117.36;-16.82;-13.58;-20.63;-5.86;-32.55;-200.39;-262.46;9.85;6.2;1.92;26.23;78.23;87.15
2;6.67;-8.48;1.05;-47.57;-19.46;113.65;17.8;1;6.63;22.2;129.47;406.46;-1.68;-18.89;-5.69;-153.52;-178.19;-257.68;5.44;5.76;3.52;55.53;81.02;220.29
2;2.15;-11.98;-0.89;15.91;21.45;-119.79;20.9;0.77;4.61;62.23;120.33;-32.67;-15.11;-21.89;-6.93;-31.69;-136.14;-245.13;9.63;5.3;2.37;26.04;69.42;78.27
2;5.8;-8.6;1.26;-60.19;-26.15;106.15;13.73;-1.75;7.49;17.06;93.73;384.93;-5.47;-24.54;-6.95;-166.05;-234.91;-248.76;4.4;5.63;3.75;62.21;95.78;214.77
2;2.51;-11.99;-0.93;13.82;26.97;-123.57;35.06;1.81;7.46;49.06;146.71;-33.59;-16.43;-23.42;-7.87;-28.19;-257.7;-260.08;12.05;6.05;3.03;24.07;100.97;79.23
2;6.06;-7.88;1.18;-56.6;-18.01;119.64;15.57;-0.4;6.83;27.09;140.43;394.04;-3.79;-18.14;-8.48;-150.08;-246.71;-210.37;6;4.96;3.2;60.88;105.23;213.36
2;1.99;-12.64;-0.68;18.53;8.36;-125.94;26.63;1.22;6.61;59.8;156.66;-37.19;-16.37;-28.73;-4.19;-24.11;-219.22;-264.98;10.95;6.54;2.15;24.5;99.64;77.37
2;6.45;-8.36;0.45;-52.99;-26.85;102.36;19.36;1.27;6.46;29.54;221.21;391.6;-5.73;-24.24;-10.38;-148.46;-226.77;-259.88;6.96;6.04;4.51;63.82;128.26;217.44
2;2.04;-11.92;-0.66;14.57;20.29;-121.29;29.19;0.7;8.11;53.58;131.71;-23.38;-14.99;-23.69;-6.61;-27.64;-206.58;-256.89;11.13;5.35;2.88;25.09;83.66;83.38
2;6.06;-8.18;0.85;-52.27;-17.14;115.87;16.59;-1.05;6.67;30.23;127.4;420.36;-3.05;-20.09;-7.28;-148.75;-231.46;-233.63;5.63;5.59;3.46;56.63;101.21;226.3
2;1.88;-12.59;-0.57;15.18;24.23;-128.06;25.42;2.38;3.79;65.4;138.37;-36.92;-14.47;-28.43;-7.14;-28.42;-187.28;-261.41;10.48;6.38;2.21;28.07;81.94;81.07
2;6.46;-7.65;0.19;-47.37;-18.95;127.56;21.24;0.03;6.68;23.06;175;425.72;-8.8;-21.45;-7.93;-135.15;-244.62;-261.01;7.7;5.97;3.79;50.46;125.92;228.6
2;2.04;-12.33;-0.58;15.6;7.88;-128.44;27.15;1.45;5.94;57.21;104.14;-25.25;-15.76;-24.66;-6.85;-29.77;-225.76;-260.61;11.38;6.34;2.84;25.05;86.72;82.13
2;6.77;-8.48;0.27;-47.08;-27.66;111.54;24.38;-0.44;6.23;22.81;166.49;421.91;-9.23;-21.42;-14.17;-134.66;-214.27;-316.05;7.01;5.73;5.09;51.12;111.91;238.86
2;2.13;-11.37;-0.25;15.26;15.5;-113.21;24.03;-1.81;11.59;48.56;112.11;-10.6;-13.9;-21.84;-4.58;-28.11;-190.21;-252.63;10.67;5.34;3.23;25.23;73.49;86.53
2;7.21;-9.26;0.41;-34.37;-19.61;108.1;18.99;-1.15;6.66;13.33;173.7;426.63;-3.46;-25.79;-11.16;-122.89;-119.01;-275.64;5.92;5.79;4.44;43.06;73.97;235.74
2;1.82;-11.72;-0.99;10.75;28.51;-118.26;26.52;2.21;4.94;51.12;122.98;-18.36;-15.8;-22.19;-9.7;-32.13;-196.48;-259.68;10.7;6.02;2.85;25;82.21;82.73
2;6.38;-7.9;0.86;-46.92;-25.8;125.36;18.03;-1.25;7.23;27.67;178.96;425.62;-7.78;-19.28;-8.11;-134.99;-216.23;-232.02;6.5;5.12;3.69;53.21;104.24;228.87
2;1.77;-12.36;-1.03;13.25;13.96;-124.28;25.57;-0.15;4.9;57.32;129.33;-11.72;-15.9;-27.28;-7.32;-30.47;-206.83;-280.86;11.2;6.38;2.83;26.21;88.74;86.29
2;6.23;-9.68;0.72;-34.29;-21.2;92.99;18.57;-2.77;7.32;29.75;171.98;386.1;-7.73;-31.22;-6.89;-120.96;-243.95;-235.88;7.18;7.25;3.53;53.63;100.91;226.58
2;1.13;-11.26;-1.53;15.56;37.92;-113.72;31.67;1.61;5.21;56.8;165.29;-14.72;-20.48;-23.58;-6.13;-27.71;-216.3;-265.47;12.74;6.28;2.23;25.29;88.34;81.61
2;7.76;-8.25;0.42;-41.77;-26.31;113.69;23.14;-1.59;5.53;25.05;202.96;385.33;-9.75;-16.58;-5.09;-131.21;-211.89;-280.46;8.46;4.2;3.18;46.35;119.19;209.64
2;1.64;-12.48;-0.87;20.53;38.41;-130.01;32.83;-5.77;8.02;60.16;199.79;-40.22;-12.76;-24.7;-4.74;-20.92;-210.04;-263.36;11.57;5.27;3.03;23.92;86.82;71.11
2;7.04;-6.35;1.42;-43.15;-8.86;146.62;17.69;1.73;6.91;26.68;174.86;417.99;-3.11;-17.6;-3.53;-126.12;-180.22;-178.02;6.14;5.32;3.01;52.4;87.05;212.13
2;2.68;-12.49;-1.89;12.27;7.35;-128.03;32.56;-2.51;21.29;56.94;148.99;-25.55;-16.7;-30.58;-24.33;-72.04;-289.99;-252.66;12.02;7.02;7.34;30.9;120.12;80.79
2;6.62;-9.05;0.09;-33.63;-30.06;99.54;14.7;-0.55;6.37;25.1;184.24;395.38;-5.31;-31.25;-13.23;-93.5;-201.81;-309.92;6.07;6.92;4.25;36.11;100.83;225.03
2;1.97;-11.4;-0.14;13.07;26.78;-116.67;28.05;1.62;11.91;53.12;142.08;-15.12;-17.92;-23.69;-5.54;-28.48;-183.55;-246.81;12.17;6.5;3.52;26.54;83.51;81.42
2;6.93;-9.53;0.33;-29.7;-15.68;113.67;20.98;-1.2;7.01;41.43;121.46;412.93;-8.09;-27.57;-5.4;-107.85;-190.94;-312.34;6.84;5.76;3.92;35.09;87.84;235.2
2;2.09;-11.69;-0.81;14.78;13.67;-120.79;34.22;1.75;2.6;48.9;94.65;-16.85;-14.67;-21.29;-4.87;-16.42;-201.77;-260.09;12.09;5.69;2.49;21.33;76;85.14
2;6.99;-8.15;0.4;-42.31;-26.45;117.63;14.36;-0.32;4.96;16.94;142.01;442.78;-1.97;-24.09;-12.84;-118.56;-144.48;-301.56;4.66;6.66;4.24;43.67;74.82;243.94
2;1.99;-11.56;-0.34;12.55;20.07;-114.68;24.89;0.6;12.07;57.76;135.43;-16.25;-16.75;-23.19;-7.22;-33.28;-185.23;-268.78;11.32;6.03;3.92;26.78;86.66;88.86
2;6.14;-9.12;1.32;-36.56;0.31;101.12;20.02;-0.49;5.13;47.18;211.44;410.69;-7.55;-26.73;-6.87;-119.44;-208.59;-286.08;5.93;6.54;3.14;46.25;103.01;227.88
2;2.27;-12.09;-1.2;26.96;11.03;-130.3;34.83;3.35;2.09;62.03;151.79;-27.14;-15.85;-24.61;-4.86;-12.09;-241.16;-265.59;12.4;6.3;2.06;20.93;84.14;84.93
2;6.88;-7.36;0.7;-54.11;-16.53;125.5;17.26;0.68;6.2;20.03;176.17;420.29;-3.23;-26.02;-11.5;-127.71;-195.88;-240.08;5.41;6.71;3.75;53.42;112.13;225.63
2;1.78;-12.22;-0.48;22.29;22.5;-122.89;23.89;-0.99;11.76;58.13;112.34;-24.96;-15.09;-29.89;-6.76;-19.84;-175.71;-263.97;11.06;6.42;3.93;24.75;78.27;84.39
2;7.44;-8.79;-0.09;-27.88;-30.08;115.14;23.05;-3.41;5.33;26.63;166.46;405.59;-7.33;-23.16;-9.51;-111.66;-185.14;-289.23;6.8;5.45;4.06;39.68;84.35;229.83
2;1.63;-12.43;-1.03;7.42;33.24;-127.53;30.64;1.76;4.53;37.86;161.81;-13.65;-14.97;-23.88;-6.26;-33.82;-249.83;-292.53;12.41;6.42;2.65;19.9;92.88;87.15
2;6;-9.16;0.5;-36.44;-34.59;108.49;13.2;-2.78;4.88;28.85;84.75;407.33;-11.03;-27.92;-9.52;-120.78;-188.75;-247.44;5.4;6.17;3.04;49.55;66.62;230.03
2;1.85;-11.7;-0.83;14.42;24.05;-124.32;27.87;3.47;7.53;50.54;137.2;-28.73;-15.6;-23.93;-5.63;-35.96;-207.77;-261.98;11.66;6.35;3.42;25.67;84.85;80.63
2;6.51;-9.27;0.67;-40.88;-26.79;94.75;25.46;0.4;9.7;45.45;263.3;439.91;-10.38;-29.39;-9.19;-134.79;-245.22;-274.52;8.54;7.13;3.98;51.7;134.73;247.04
2;1.28;-11.76;-1.36;15.59;37.41;-119.31;29.33;4.45;10.08;58.46;129.44;-19.23;-18.22;-22.49;-5.44;-30.01;-179.6;-248.36;12.47;6.37;3.14;27.94;73.59;80.8
2;7.12;-8.92;0.79;-40.57;-32.94;104.77;18.84;-0.75;6.99;47.99;128;456.96;-5.34;-25.14;-8.31;-129.56;-236.43;-268.36;5.37;6.32;3.32;55.88;94.57;260.19
2;0.54;-11.8;-1.21;18.7;39.48;-114.98;21.02;1.74;6.82;61.19;137.35;-14.47;-20.24;-21.65;-4.32;-20.48;-107.96;-260.84;11.32;5.95;2.48;24.66;66.24;83.48
2;7.52;-7.93;0.72;-41.01;-24.66;146.69;18.49;-1.7;5.02;20.29;139.79;443.65;-3.19;-21.93;-5.76;-124.78;-168.78;-225.65;5.66;5.52;2.65;45.4;74.28;234.67
2;1.39;-12.78;-1.15;13.27;16.15;-129.12;27.91;3.62;8.48;65.45;173;-17.14;-18.64;-29.62;-8.39;-40.1;-243.95;-278.47;12.23;7.14;3.52;28.81;104.38;83.83
2;6.78;-7.68;0.56;-46.54;-16.06;126.7;21.9;-0.11;6.03;18.74;236.3;435.95;-6.75;-21.68;-9.35;-141.47;-181.82;-238.59;6.89;5.87;3.64;52.24;106.97;231.5
2;1.37;-12.52;-1.25;15.04;11.27;-125.95;33.18;4.55;4.66;58.18;117.28;-18.37;-16.24;-30.09;-8.38;-27.73;-280.82;-261.62;12.44;7.08;2.92;25.77;94.4;85.54
2;6.73;-8.56;0.62;-43.87;-21.18;113.92;25.33;3.47;8.44;23.1;323.32;424.15;-12.02;-32.35;-10.44;-150.35;-298.19;-237.92;9.45;8.57;5.06;58.6;169.25;237.66
2;1.6;-11.78;-1.16;14.78;20.61;-118.52;32.3;4.27;3.29;64.29;170.24;5.76;-19.54;-26.85;-7.44;-24.9;-256.49;-257.99;12.9;7;2.56;26.39;94.24;89.1
2;6.72;-8.56;0.88;-42.94;-22.74;116.08;20.87;-0.86;7.95;35.07;131.81;433.84;-3.73;-21.07;-9.92;-144.33;-193.77;-287.74;6.35;6.28;4.64;56.38;101.37;238.18
2;1.56;-12.33;-0.82;13.36;15.2;-125.52;34.95;1.94;4.77;49.75;103.9;-22.03;-18.08;-21.58;-4.51;-27.46;-265.24;-260.86;12.92;6.1;2.63;24.18;90.22;81.99
2;6.56;-7.74;1.2;-56.89;-13.58;122.84;16.08;0;5.2;30.75;149.47;430.19;0.23;-18.04;-8.59;-142.48;-214.45;-231.86;4.48;5.01;3.48;59.13;90.16;234.62
2;1.82;-12.6;-0.82;20.76;5.59;-130.67;25.71;4.51;8.29;68.9;103.51;-22.9;-19.1;-29.19;-6.15;-24.14;-179.95;-275.72;11.57;7.08;3.35;25.93;86.78;87.74
2;6.93;-8.23;0.67;-39.62;-14.52;112.35;15.96;-0.68;5.86;10.31;127.46;421.14;-2.73;-19.45;-5.28;-107.49;-174.25;-296.65;5.53;5.15;3.3;40.62;78.39;238.6
2;1.96;-12.31;-0.63;16.58;-1.33;-125.45;31.03;-0.79;3.71;55.56;119.35;-22.31;-18.15;-22.36;-4.09;-20.34;-238.99;-266.96;12.54;5.47;2.4;24.05;90.72;85.85
2;7.14;-8.37;1.05;-51.71;-8.84;99.75;17.85;0.41;6.3;29.85;176.26;414.62;-5.69;-22.17;-7.88;-142.69;-202.01;-297.68;5.64;5.85;3.84;56.05;114.95;233.91
2;1.93;-12.3;-0.82;14.8;9.73;-126.65;29.14;0.6;6.31;54.06;141.2;-27.23;-14.22;-24;-5.96;-31.7;-189;-300.25;11.79;5.95;3.08;25.77;83.38;86.22
2;6.86;-7.83;0.63;-45.04;-14.22;129.42;22.06;1.72;8.49;32.72;360.9;444.86;-15.66;-28.64;-13.35;-137.94;-282.45;-267.72;8.8;8.17;5.01;57.3;172.55;250.35
2;1.49;-12.49;-0.42;7.73;15.33;-130.99;29.98;7.06;6.3;45.31;104.61;-17.41;-18.14;-25.18;-4.34;-30.08;-252.12;-265.98;12.74;7.08;2.47;24.25;88.31;90.08
2;6.16;-8.69;1.18;-41.52;-26.94;95.14;16.08;0.24;6.15;55.18;121.01;450.21;-13.13;-29.91;-8.28;-115.54;-286.65;-268.65;6.01;6.97;3.44;46.14;93.74;252.64
2;1.33;-11.87;-1.65;20.56;27.27;-118.01;34.98;8.64;3.04;63.62;115.78;-12.08;-17.89;-21.49;-6.59;-21.64;-238.27;-256.55;13.13;7;2.45;28.76;69.56;86.48
2;7.05;-8.44;0.94;-44.07;-22.81;122.92;19.99;1.93;6.68;50.74;86.4;429.78;-11.94;-24.68;-9.38;-138.24;-132.21;-305.07;6.58;6.26;3.99;54.97;61.28;241.07
2;1.74;-11.88;-0.9;16.11;19.32;-120.83;36.79;5.04;4.58;53.9;114.89;-7.76;-18.26;-22.87;-5.17;-19.81;-249.6;-259.39;13.2;6.53;2.61;25.88;85.27;85.94
2;6.57;-8.29;1.11;-52.82;-20.49;107.17;13.66;1.02;6.03;39.17;132.1;399.52;-10.03;-27.72;-8.67;-148.13;-139.91;-279.01;5.24;6.85;3.57;59.92;96.07;227.28
2;1.32;-12.16;-0.98;18.2;22.03;-124.8;33.44;3.95;5.18;59.74;125.71;-12.62;-18.42;-22.42;-5.76;-27.47;-228.91;-249.2;13.21;6.3;3.04;27.29;86.9;84.63
2;7.13;-8.25;1.12;-47.54;-21.52;122.13;14.21;0.13;5.68;21.16;89.82;426.88;-10.52;-23.76;-6.17;-145.02;-125.14;-272.92;5.82;6.39;3.08;54.07;68.06;235.98
2;1.56;-12.47;-1.07;17.83;13.01;-128.6;37.07;2.81;4.4;58.89;136.41;-20.1;-18.13;-23.46;-5.12;-23.63;-259.15;-244.79;13.56;6.45;2.77;26.86;92.39;78.47
2;6.73;-6.75;1.07;-50.65;-0.02;123.65;15.4;0.61;6.08;30.33;204.1;448.7;-0.74;-20.5;-8.28;-153.19;-160.39;-222.62;4.58;5.73;3.18;63.13;108.32;237.06
2;1.37;-13.41;-1.23;15.93;19.16;-131.73;26.25;2.63;11.6;54.28;172.74;-12.5;-22.83;-28.57;-10.8;-29.59;-227.81;-270.78;13.46;7.03;4.15;26.9;104.5;85.78
2;6.45;-7.88;0.51;-34.51;-21.5;110.46;17.73;1.79;5.79;34.15;159.6;448.77;-14.33;-24.98;-6.5;-130.16;-173.89;-236.92;6.53;6.31;3.45;51.77;81.51;243.89
2;1.28;-12.43;-1.09;14.71;12.13;-125.09;36.35;5.17;3.38;56.13;105.62;-11.24;-18.86;-27.14;-4.36;-23.83;-261.31;-256.5;13.49;6.79;2.17;24.34;95.46;83.67
2;7.59;-8.1;0.8;-35.48;-15.42;116.87;19.72;1.3;6.69;40.5;160.42;433.07;-9.05;-26.89;-7.8;-109.87;-208.19;-277.22;6.17;6.96;3.98;51.01;92.85;238.03
2;1.25;-12.54;-1.19;11.61;26.29;-122.86;34.51;3.28;5.81;44.73;154.53;-20.14;-20.98;-27.63;-4.63;-23.42;-286.98;-255.18;13.5;6.64;2.51;22.28;95.84;82.88
2;6.86;-8.46;0.96;-26.81;-9.12;112.27;21.16;0.97;6.26;38.85;139.37;432.65;-17.25;-27.33;-7.25;-103.34;-166.6;-277.95;6.94;6.53;3.5;45.95;92.77;243.19
2;1.4;-11.97;-1.73;22.57;13.69;-125.61;39.53;3.46;2.96;60.29;121.74;-23.42;-17.88;-20.38;-6.17;-8.05;-294.54;-270.42;13.64;5.85;2.44;22.93;98.27;85.33
2;6.84;-8.85;-0.34;-19.03;-43.88;103.92;15.04;-0.42;6.09;39.24;112.71;439.99;-7.65;-30.95;-15.56;-82.74;-199.6;-260.49;5.7;7.32;5.06;38.55;84.22;245.69
2;1.89;-11.64;-1.24;-0.99;36.44;-121.85;30.62;6.7;5.06;39.15;145.65;2.32;-19.04;-23.26;-5.55;-44.58;-260.85;-251.45;13.55;7.1;3.49;29.82;90.69;90.35
2;7;-7.46;1.38;-50.13;-27.5;141.71;20.28;3.93;9.14;37.21;149.09;433.38;-4.95;-22.29;-12.39;-146.43;-216.08;-215.4;7.28;6.19;5.47;63.45;122.1;235.48
2;0.66;-13.32;-1.26;7.52;13.57;-127.81;20.42;5.02;6.98;59.48;130.96;5.65;-22.98;-33.34;-9.67;-45.65;-149.99;-279.34;12.74;8.36;3.33;29.35;77.49;95.82
2;7.3;-7.89;0.97;-51.91;-21.9;136.33;18.79;2.47;7.55;39.96;153.12;467.69;-6.41;-24.94;-10.24;-178.55;-248.72;-251.11;7.06;6.84;4.58;73.19;111.69;254.57
2;0.94;-12.43;-1.18;10.38;20.16;-131.91;27.43;4.83;3.98;54.64;122.64;3.84;-22.14;-28.13;-8.02;-33.67;-222.29;-270.53;12.29;6.78;2.57;24.74;86.28;91.98
2;7.03;-8.05;1.18;-53.81;-10.75;137.48;13.84;-0.37;6.11;24.38;92.84;432.74;-1.58;-20.35;-8.04;-166.08;-113.23;-234.97;4.87;4.94;3.51;65.8;67.99;229.84
2;1.38;-12.38;-1.35;16.37;9.32;-129.86;34.36;6.84;3.3;64.32;143.91;-9.64;-18.14;-30.67;-8.32;-17.49;-275.96;-268.49;13.03;7.45;2.88;25.33;95.22;90.74
2;6.67;-7.98;1.22;-55.69;-12.63;132.66;16.23;-0.96;6.57;22.77;193.85;436.33;-3.36;-19.94;-8.4;-148.22;-184.52;-246.9;4.89;5.12;3.66;62.01;113.29;236.2
2;1.08;-13.36;-1.24;12.81;33.59;-137.55;38.97;7.8;6.48;55.69;220.96;-4.78;-22.53;-30.67;-5;-29.39;-298.83;-263.59;14.62;7.75;3.09;25.43;117.49;88.13
2;6.72;-7.35;0.75;-38.51;-35.03;133.35;15.29;0.85;4.27;39.75;144.63;433.96;-7.34;-21.14;-5.37;-135.69;-141.76;-243;5.69;5.32;2.7;63.07;66.59;234.22
2;1.69;-12.37;-0.96;17.63;1.96;-127.81;35.26;6.38;3.52;70.07;138.47;-15.63;-17.74;-29.43;-4.85;-28.93;-275.7;-263.87;13.19;7.11;2.54;29.29;99.36;88.91
2;7.55;-8.73;0.7;-47.28;-3.46;116;17.46;-0.01;7.32;22.05;145.46;433.18;-5.29;-29.49;-10.08;-142.41;-164.62;-286.27;5.44;6.18;4.17;53.37;93.68;239.66
2;1.27;-12.24;-0.92;19.71;25.08;-128.42;32.85;1.42;5.72;51.3;115.01;-10.08;-19.24;-26.71;-4.79;-23.19;-253.95;-260.98;13.25;6.35;2.95;22.08;85.92;88.78
2;6.92;-8.22;0.48;-40.11;-30.63;112.53;17.67;1.36;6.1;25.51;83.4;431.5;-10.53;-25.22;-11.17;-126.66;-156.92;-260.29;6.16;6.54;4.12;49.98;73.8;236.4
2;1.51;-11.82;-0.64;21.51;4.49;-121.35;33.41;7.76;4.27;68.27;158.92;-12.56;-17.31;-24.44;-5.65;-27;-273.14;-254.5;13.18;7.44;2.98;30.35;107.36;86.34
2;7.92;-8.33;1.3;-38.62;-13.64;87.4;26.18;4.74;7.11;46.59;114.61;438.72;-6.65;-31.18;-6.26;-128.56;-201.63;-249.44;5.91;8.26;3.39;49.33;89.45;240.77
2;0.39;-13.02;-1.89;21.36;28.21;-121.08;25.21;5.55;3.48;67.85;134.54;-9.22;-21.53;-22.19;-7.16;-26.64;-78.61;-255.03;11.79;5.87;2.58;29.02;66.02;85.09
2;7.47;-7.46;1.14;-39.9;-28.59;116.32;23.9;0.92;5.97;46.58;119.31;444.96;-13.97;-29.32;-5.13;-141.65;-279.07;-248.6;7.91;8.02;2.76;54.86;107.19;241.85
2;1.63;-12.6;-1.84;11.36;45.66;-128;37.41;9.34;2.66;52.24;140.26;-15.94;-20.45;-21.44;-7.55;-28.42;-176.49;-262.92;13.5;6.78;2.64;25.38;77.63;85.85
2;7.2;-7.37;1.66;-39.2;-33.17;107.45;25.25;5.87;9.64;62.6;114.12;446.27;-10.62;-33.83;-11.3;-129.67;-209.7;-278.31;6.91;7.87;4.16;56.84;98.04;246.26
2;0.91;-12.45;-2.07;19.7;27.99;-120.8;26.54;10.01;4.22;69.35;113.86;-9.3;-20;-24.29;-7;-23.68;-115.65;-250.36;12.85;7.95;3.09;27.86;66.03;86.52
2;7.51;-7.7;1.14;-48.99;-16.42;137.76;16.53;2.03;6.09;25.57;145.11;437.72;-12.6;-31.8;-12.88;-156.57;-149.32;-254.43;6.81;8.72;4.14;62.06;86.88;232.17
2;2.06;-11.74;-1.03;15.37;19.72;-120.84;32.97;7.82;4.95;58.38;129.96;-3.35;-18.85;-22.03;-7.83;-25.1;-246.85;-288.03;12.95;7.62;3.29;26.43;98.15;91.15
2;7.08;-8.45;0.35;-38.16;-13.72;122.49;17.5;1.7;5.13;42.38;104.13;451.86;-10.32;-30.93;-10.32;-143.29;-176.43;-288.83;7.03;7.44;3.93;56.14;73.45;248.29
2;2.07;-11.55;-1.15;23.31;8.06;-115.51;37.8;10.53;6.85;69.91;146.83;-2.28;-16.83;-25.52;-10.29;-11.97;-270.72;-266.54;13.7;8.46;3.55;24.32;93.2;90.04
2;6.55;-8.67;0.96;-36.04;-25.04;103.96;17.33;2.14;5.69;67.58;149.12;441.38;-13.87;-32.02;-10.65;-142.23;-268.38;-253.36;7.88;8.1;4.04;59.71;91.01;246.67
2;1.52;-11.78;-1.6;20.69;26.63;-122.54;36.56;9.9;3.88;64.41;137.28;-4.16;-18.67;-22.55;-6.42;-29.46;-275.76;-242.87;14.11;7.92;2.79;30.87;86.29;86.57
2;7.49;-8.51;0.39;-43.97;-20.03;111.07;14.68;0.23;8.37;55.16;95.03;437.11;-7.22;-29.76;-14.27;-148.34;-162.8;-269.35;5.56;7.91;4.52;62.52;75.2;247.14
2;1.96;-11.9;-1.38;17.49;28.93;-123.39;29.63;5.61;10.57;68.83;166.61;-22.25;-20.6;-21.74;-6.51;-31.54;-240.71;-251.97;13.56;7.32;3.81;31.84;97.73;87.05
2;7.45;-7.64;0.75;-42.24;-14.49;134.56;17.17;1.61;6.99;26.87;124.07;436.78;-13.69;-30.32;-9.83;-124.72;-164.85;-232.21;6.85;8;3.9;50.41;93.17;232.11
2;1.47;-11.11;-0.99;17.93;8.68;-109.05;38.29;6.51;3.96;68.81;176.16;19.25;-16.63;-28.06;-5.55;-29.13;-292.67;-236.81;14.55;8.05;2.91;30.16;108.97;89.31
2;6.81;-9.03;-0.12;-24.4;-16.04;92.9;24.96;0.55;7.78;54.48;85.78;444.11;-7.01;-32.84;-12.96;-118.21;-175.11;-284.63;6.88;8.34;5.61;49;70.86;254.96
2;1.67;-11.48;-0.88;8.72;19.21;-118.27;32.92;7.56;4.74;51.81;164.63;19.22;-22.61;-25.24;-7.58;-31.24;-237.2;-265.01;13.5;7.9;3.18;28.42;93.1;100.07
2;7.11;-8.18;0.54;-33.33;-16.16;112;16.23;2.29;6.35;53.47;117.63;431.37;-13.95;-28.54;-11.99;-119.05;-130.79;-298.47;5.45;8.25;4.82;50.75;65.08;247.39
2;1.8;-11.54;-0.81;16.22;20.14;-116.23;39.22;9.11;6.19;59.82;123.89;-12.96;-18.53;-20.87;-4.98;-24.86;-271.69;-248.73;13.71;7.32;2.91;29.61;95.32;89.27
2;7.11;-8.26;0.76;-61.4;-16.61;99.34;16.4;0.56;7.23;44.45;144.24;416.26;-2.68;-20.43;-14.41;-194.49;-246.03;-285.28;5.05;6.24;5.22;75.8;101.01;235.59
2;1.66;-12.14;-0.31;25.62;-0.39;-123.34;26.66;-0.76;11.1;72.58;119.21;4.3;-20.23;-22.26;-5.01;-15.08;-169.16;-267.96;13.02;5.31;4.35;27.66;97.28;95.91
2;7.66;-8;1.85;-51.27;-14.37;87.74;14.01;2.4;11.41;43.87;178.8;426.29;1.05;-29.47;-9.31;-170.67;-200.56;-259.98;4.78;7.87;4.31;67.29;103.12;241.22
2;0.75;-12.63;-1.9;21.27;17.29;-124.87;26.31;4.58;7.28;64.3;139.14;-4.38;-21.6;-23.37;-6.11;-24;-144.56;-259.53;12.37;6.27;3.01;27.34;82.8;87.39
2;7.04;-7.36;1.35;-53.52;-10.32;127.27;16.63;0.03;7.95;42.69;164.22;419.58;-4.17;-30.61;-13.4;-134.96;-214.81;-271.13;4.62;7.36;4.69;53.78;115.33;230.24
2;1.95;-11.76;-1.12;22.04;28.9;-120.69;30.04;1.7;11.05;67;159.64;-4.22;-21.88;-21.91;-8.72;-23.72;-201.69;-251.72;13.28;6.37;4.08;25.99;88.94;88.18
2;6.82;-8.46;0.76;-37.12;-24.57;114.56;16.66;1.03;7.09;26.03;90.78;433.22;-7.09;-28.76;-8.69;-133.16;-157.03;-260.13;5.83;7.93;3.9;48.71;77.5;237.78
2;2.04;-11.77;-0.6;17.99;15.25;-117.36;30.19;7.81;6.49;51.83;128.61;-10.02;-18.5;-21.14;-4.7;-17.25;-228.26;-246.73;12.86;7.24;2.77;22.62;87.5;88.62
2;7;-7.62;1.09;-53.4;-8.02;113.48;13.89;0.52;6.82;31.78;127.35;427.31;-5.81;-24.9;-12.08;-155.33;-228.58;-252.37;4.36;7;4.45;63.02;88.13;232.81
2;1.35;-12.46;-0.68;27.57;10.86;-123.35;26.94;5.22;11.93;68.29;111.43;-17.12;-19.63;-29.7;-5.83;-22.37;-202.72;-252.87;12.92;7.28;4.29;27.85;90.14;89.48
2;7.25;-7.78;1;-40.15;-33.75;82.48;29.43;5.7;6.02;57.64;203.99;429.6;-11.17;-32.68;-8.13;-131.26;-248.11;-265.36;6.69;9.06;3.63;57.19;123.22;246.08
2;1.14;-12.63;-1.98;13;35.22;-125.07;33.33;7.52;4.93;60.29;114.09;-10.38;-16.86;-21.77;-8.13;-28.39;-123.6;-256.43;12.76;6.21;3.43;27.45;73.57;85.01
2;7.04;-8.53;1.62;-49.35;-23.82;136.58;17.78;-0.05;7.83;29.8;194.61;438.33;-7.32;-29.94;-9.95;-140.8;-217.33;-291.8;5.99;6.92;4.42;55.5;126.6;241.43
2;2.01;-11.36;-0.95;17.07;15.12;-124.74;31.39;6.18;4.22;49.86;121.26;-20.16;-18.82;-21.33;-4.82;-17.41;-205.68;-267.93;12.27;6.28;2.39;20.46;81.96;89.24
2;6.89;-8.09;1.16;-54.67;-23.7;104.33;17.64;0.62;7.97;23.12;165.32;401.75;-3.56;-26.82;-10.81;-170.59;-189.89;-250.98;5.31;6.93;4.09;67.38;101.11;225.92
2;1.31;-11.97;-1.05;16.38;25.35;-122.58;26.62;5.11;8.73;54.68;127.82;0.13;-17.77;-22.35;-6.23;-28.4;-166.75;-271.79;12.14;6.66;3.49;26.41;77.78;91.96
2;6.94;-8.4;0.65;-35.7;-23.61;113.55;16.18;0.05;4.87;46.38;117.47;413.77;-6.8;-30.33;-12.8;-130.2;-138.58;-313.87;4.62;7.52;4.17;51.37;67.11;239.41
2;2.31;-11.08;-0.73;17.62;19.73;-116.66;36.5;6.45;9.25;50.36;159.52;6.43;-19.99;-21.02;-4.51;-20.13;-228.26;-270.62;13.88;6.95;3.66;23.95;94.1;98.17
2;6.76;-8.32;0.94;-44.57;-27.72;81.69;16.68;1.13;18.4;69.49;219.25;402.39;-1.43;-29.92;-19.66;-164.24;-219.1;-275.28;4.47;7.67;5.76;63.66;99.51;233.11
2;1.62;-11.83;-1.15;19.39;27.81;-124.14;31.12;5.02;16.2;63.11;186.94;-0.34;-18.73;-23.69;-6.17;-29.36;-182.56;-255.94;13.18;7.23;3.99;28.27;94.43;87.15
2;7.59;-7.43;0.61;-40.46;-13.7;129.77;20.06;1.95;6.01;62.24;205.2;424.02;-11.68;-23.48;-12.81;-123.94;-126.74;-321.91;6.1;6.41;4.31;50.61;92.88;230.79
2;1.99;-11.68;-0.23;21.22;14.98;-120.74;33.71;-2.77;10.06;59.97;112.34;-17.85;-14.71;-21.59;-4.09;-18.99;-239.14;-262.25;12.88;5.43;3.43;24.23;86.07;86.53
2;7.54;-7.91;0.13;-39.51;-19.49;94.69;17;2.21;7.82;30.33;139.1;416.66;-0.12;-31.85;-26.78;-137.65;-258.41;-307.76;4.19;7.76;6.9;53.22;84.67;236.27
2;1.35;-11.71;-0.59;17.48;38.46;-118.5;36.97;-0.38;21.38;68.5;177.96;9.73;-16.93;-24.27;-6.3;-23.76;-260.14;-251.22;13.73;6.32;5.52;26.71;103.37;91.05
2;6.99;-8;1;-40.7;-28.11;123.64;14.95;1.37;5.51;37.47;151.03;412.5;-5.76;-24.75;-7.01;-132.25;-183;-286.12;4.43;5.97;3.03;52.49;82.31;224.68
2;2.02;-12.31;-1.08;15.5;20.22;-125.53;35.58;9.2;4.57;48.08;115.71;5.89;-19.56;-24;-4.19;-28.81;-198.13;-265.46;13.91;7.86;2.74;23.63;81.77;97.68
2;7.43;-6.92;1.5;-48.86;-9.82;128.12;16.79;-0.33;7.22;35.42;150.7;445.3;-2.13;-18.9;-6.36;-155.23;-190.28;-240.4;4.58;5.41;4.33;66.09;104.8;236.69
2;1.32;-13.29;-1.25;9.11;23.42;-131.52;31.41;5.14;13.05;42.52;167.9;3.76;-23.34;-31.3;-10.67;-35.02;-225.26;-286.22;14.49;7.68;4.63;23.84;104.92;96.07
2;7.13;-7.88;1.02;-38.5;-36.04;67.11;25.76;3.69;14.07;70.79;122.06;402.2;-9.88;-31.35;-15.43;-124.33;-251.62;-254.82;6.21;6.68;5.35;59.28;110.96;234.64
2;-0.07;-13.12;-2.06;17.93;56.98;-124.47;22.73;4.43;7.48;65.27;136.53;-5.95;-21.81;-23.23;-7.25;-32.07;-99.91;-256;12.25;5.75;3.49;26.46;57.1;84
2;7.63;-7.58;0.74;-32.74;-54.41;129.67;21.94;4.09;7.5;38.81;170.31;446.21;-11.64;-33.9;-7.22;-115.67;-232.88;-279.72;7.03;8.71;3.3;54.48;110.01;249.21
2;1.34;-11.99;-1.51;6.23;47.26;-121.92;28.45;9.54;3.43;42.13;151.9;14.64;-22.76;-23;-6.09;-34.45;-178.01;-266.56;13.95;7.19;2.75;26.59;80.87;98.61
2;6.85;-7.62;1.22;-46.62;-26.91;115.11;16.32;2.48;7.29;50.35;105.93;418.45;-7.6;-28.07;-8.53;-137.76;-148.31;-269.62;5.63;7.06;3.7;57.63;89.91;227.75
2;1.26;-12.3;-1.44;20.62;27.63;-122.69;31.81;6.46;11.01;61.61;121.81;-8.21;-19.37;-21.45;-7.28;-23.32;-214.47;-276.55;13.47;7.18;3.63;27.48;89.64;92.23
2;7.47;-7.82;0.3;-25.13;-22.11;120.18;17.48;1.97;5.29;43.39;152.4;446.68;-5.66;-29.46;-11.71;-95.99;-181.38;-292.9;5.57;7.92;4.14;41.81;93.22;247.7
2;1.45;-11.73;-0.86;19.35;22.06;-125.76;30.82;6.59;8.8;58.16;121.07;-5.65;-16.73;-22.25;-5.68;-23.86;-223.85;-252.11;13.21;7.3;3.27;26.51;83.3;89.78
2;7.1;-7.78;0.9;-54.04;-16.26;117.18;18.37;2.35;7.57;25.47;130.75;418.87;-4.95;-27.57;-11.92;-172.17;-140;-268.97;5.89;6.51;4.35;67.29;95.05;230.55
2;1.41;-12.31;-0.8;23.97;14.73;-124.99;27.7;5.3;10.93;71.27;103.08;-1.73;-17.93;-23.54;-5.62;-24.49;-181.27;-253.84;12.82;6.45;4.55;30.01;84.47;91.27
2;7.03;-8.12;0.87;-34.85;-25.01;95.85;16.72;0.75;11.18;62.45;171.38;434.21;-4.94;-29.82;-11.26;-111.26;-186.22;-271.98;5.06;8.26;4.71;47.29;115.08;244.16
2;1.58;-11.81;-1.48;17.94;35.54;-122.53;26.84;7.78;9.71;54.58;161.14;0.33;-18.51;-22.62;-6.85;-27.23;-191.79;-247.28;12.56;6.77;3.32;26.71;81.91;84.98
2;7.16;-7.99;0.81;-41.8;-21.88;120.36;17.01;0.25;5.9;44.24;181.48;417.56;-0.28;-28.54;-9.32;-119.87;-183.42;-289.77;4.99;7.92;3.44;50.39;98.15;229.47
2;1.66;-12.29;-1.19;21.97;33.81;-127.08;29.79;4.83;11.17;57.39;148.89;-8.87;-20.54;-22.38;-7.38;-18.57;-167.24;-255.43;12.98;6.71;3.92;24.51;83.03;88.83
2;7;-7.71;0.71;-27.65;-29.26;102.4;18.43;0.64;14.78;66.4;202.08;443.87;-6.31;-31.03;-14.86;-140.69;-215.32;-276.88;6.15;8.37;5.2;48.62;126.57;246.97
2;0.99;-11.74;-1.7;20.01;28.39;-119.03;27.7;5.8;11.44;60.61;143.32;9.25;-19.36;-20.88;-6.76;-21.51;-190.36;-256.74;13.16;6.5;4.01;28.24;81.62;94.97
2;7.46;-7.42;0.85;-41.34;-22.79;120.57;16.53;1.68;7.55;32.12;110.93;418.27;-5.33;-25.08;-12.57;-138.24;-134.23;-273.37;5.45;7.48;5.11;55.37;85.23;230.75
2;1.43;-12.15;-1.07;16.02;27.29;-121.54;30.84;6.05;8.44;61.78;159.55;5.24;-21.59;-23.26;-8.64;-24.29;-195.94;-269.43;13.68;6.95;3.96;27.78;98.88;93.37
2;6.78;-8.29;0.85;-36.28;-23.02;111.99;20.17;1.14;7.81;42.23;156.57;429.27;-6.54;-30.69;-9.12;-109.28;-170.44;-278.45;5.71;7.82;3.96;47.6;103.53;239.94
2;1.15;-12.03;-1.4;22.94;27.86;-125.85;33.27;3.18;10.05;68.92;111.69;6.46;-20.88;-21.56;-5.15;-16.02;-204.91;-272.49;13.8;6.58;3.39;24.28;79.81;96.25
2;7.62;-6.46;0.61;-40.11;-12.65;143.86;16.4;1.5;4.16;81.86;121.09;438.4;-4.89;-16.95;-9.91;-162.28;-150.17;-212.29;5.72;5.92;2.97;67.85;61.94;231.19
2;1.4;-12.55;-1.37;13.89;25.07;-129.43;25.53;7.95;11.16;58.87;180.17;5.15;-23.71;-30.28;-11.69;-41.48;-185.26;-273.89;13.28;7.9;4.62;28.36;102;96.82
2;6.96;-8.39;0.32;-28.64;-35.59;102.74;19.49;0.81;7.87;47.59;163.67;419.8;-5.71;-30.27;-10.5;-103.82;-238.66;-289.05;6.08;7.58;4.3;41.36;97.56;237.23
2;2.04;-11.56;-1.26;17.25;35.01;-116.22;32.96;7.65;9.78;60.54;149.94;14.49;-19.01;-21.6;-6.92;-32.14;-187.57;-272.8;13.73;7.08;3.64;30.37;95.01;98.75
2;7;-7.88;1.05;-33.12;-23.12;102.19;14.1;0.85;12.44;68.52;140.67;413.41;-3.1;-31.67;-11;-130.62;-140.56;-304.03;4.66;7.55;4.34;59.39;71.86;235.13
2;1.36;-11.87;-1.85;22.26;16.57;-126.14;35.76;8.49;13.02;71.65;133.07;-0.13;-22.09;-23.55;-6.08;-27.14;-212.38;-254.89;14.43;7.31;3.94;31.06;93.2;93.81
2;7.49;-7.94;0.92;-46.92;-11.45;125.07;15.54;0.52;7.17;32.04;124.14;441.29;-6.51;-32.37;-18.56;-141.49;-138.99;-310.74;4.79;8.11;5.53;53.59;71.71;244.27
2;1.86;-11.35;-0.71;19.98;17.6;-115.8;31.56;8.88;16.35;75.75;155;-0.29;-21.33;-22.19;-6.69;-20.32;-250.12;-256.81;13.8;7.74;4.53;28.55;97.86;95
2;7.03;-8.84;0.15;-35.18;-16.51;107.29;16.69;1.33;6.85;36.82;97.65;422.79;-12.17;-33.33;-16.72;-128.36;-133.99;-311.41;5.98;8.21;5.69;51.21;70.35;243.75
2;1.8;-11.18;-0.72;19;15.76;-117.2;34.07;9.78;12.08;72.77;123.33;1.41;-18.6;-21.92;-5.1;-28.32;-272.28;-253.8;13.6;8.27;4.03;30;96.93;94.31
2;7.25;-8.3;0.47;-40.23;-14.49;100.98;15.52;0.34;13.23;45.54;104.43;413.08;-8.05;-34.06;-16.77;-112.16;-114.78;-283.24;5.09;7.75;5.43;46.74;62.43;231.81
2;1.31;-11.68;-1.1;22.16;25.17;-118.08;31.93;3.46;17.4;69.94;129.93;-6.62;-21.22;-21.03;-5.73;-18.71;-230.91;-253.41;13.29;6.6;4.85;27.83;92.45;93.34
2;7.61;-7.65;-0.13;-33.67;-23.78;114.08;16.52;2.56;5.6;54.39;92.56;408.11;-0.85;-29.68;-19.96;-135.59;-195.27;-287.93;5.77;9.15;5.25;53.23;71.42;232.29
2;1.27;-12.11;-0.93;16.72;31.07;-121.81;27.87;6.19;15.06;61.29;153.24;13.76;-21.99;-21.97;-7.74;-33.45;-206.33;-259.38;13.89;7.4;5.6;30.9;95.28;98.88
2;7.81;-7.75;1.13;-27.59;-19.18;117.77;15.25;1.29;7.41;42.57;72.75;417.02;-8.64;-28.17;-6.05;-112.46;-146.1;-300.52;5.18;7.84;3.63;45.09;64.52;232.64
2;1.51;-12.05;-1.25;21.06;14.5;-120.69;34.82;7.34;9.4;63.52;96.91;-2.73;-21.5;-23.29;-6.99;-14.07;-202.37;-261.71;13.72;7.12;3.38;24.39;82.66;97.11
2;7.55;-7.83;1.04;-52.71;-19.65;119.67;14.53;1.69;5.52;26.16;106.01;429.19;-6.3;-26.98;-10.93;-147.79;-164.06;-299.15;4.75;7.64;3.75;56.84;75.37;239.86
2;1.46;-11.98;-0.64;19.83;15.12;-120.61;32.72;8;9.85;68.19;102.55;7.23;-21.01;-22.91;-5.88;-26.96;-248.44;-250.69;13.63;7.53;3.67;29.88;90.1;92.67
2;7.4;-7.62;0.92;-39.1;-27.8;85.53;16.67;3.29;15.48;59.42;132.19;417.14;0.43;-29.74;-17.6;-162.04;-240.03;-258.95;4.26;7.62;5.98;68.09;102.87;236.84
2;0.71;-12.34;-1.45;11.03;35.1;-123.11;27.16;4.03;13.76;54.8;141.71;12.14;-22.37;-23.99;-6.2;-38.22;-147.87;-260.58;13.26;6.72;4.04;27.07;85.77;94.42
2;7.7;-7.88;1.37;-39.28;-18.85;127.93;13.85;0.85;8.06;41.08;120.35;429.03;2.14;-31;-12.43;-131.59;-188.57;-310.67;3.35;7.16;5.28;52.58;83.23;233.71
2;0.87;-12.25;-1.28;22.43;28.59;-127.4;23.52;7.57;13.61;63.97;113.57;9.61;-23.65;-24.44;-6.03;-22.97;-184.38;-255.7;13.38;7.55;4.41;24.64;67.98;97.81
2;7.11;-8.07;1.1;-43.32;-32;118.23;16.39;1.23;9.15;71.58;86.95;430.19;-4.71;-32.2;-12.56;-134.43;-199.13;-300.9;5.46;6.95;5;52.34;85.49;235.72
2;2.17;-12.06;-0.62;15.09;38.05;-129.63;36.25;10.59;11.04;76.48;208.81;-1.08;-17.52;-23.79;-6.2;-28.18;-250.06;-256.57;13.88;7.99;3.91;27.81;100.56;89.28
2;7.63;-6.97;1.17;-41.77;-32.64;105.36;18.65;1.37;18.16;69.06;196.19;424.34;-6.92;-30.6;-16.11;-133.21;-273.09;-251.35;5.26;7.86;5.31;57.11;117.64;227.46
2;1.11;-12.36;-1.19;19.05;41.17;-125.55;32.94;0.63;18.49;64.77;184.39;-5.09;-21.02;-21.55;-6.28;-34.08;-148.93;-259.87;12.81;5.9;5.29;28.02;101.05;86.17
2;6.87;-7.91;0.89;-40.44;-34.7;131.39;17.38;1.95;5.98;47.57;179.64;416.44;-4.42;-32.45;-9.78;-116.18;-204.29;-301.81;5.02;8.21;4.21;51.39;112.02;230.34
2;1.86;-11.86;-0.89;16.83;25.93;-127.58;34.95;11.11;6.21;61.03;109.07;-5.12;-19.7;-23.36;-5.74;-33.1;-199.82;-261.92;13.83;8.13;3.25;28.8;84.45;92.78
2;7.39;-7.43;0.72;-39.93;-31.89;108.04;15.02;2.86;7.49;21.95;144;426.23;1.46;-27.56;-11.33;-135.45;-177.16;-281.68;4.13;7.81;5.18;52.66;98.55;235.57
2;1.31;-12.56;-0.86;6.49;37.48;-127.73;26.73;4.98;9.46;46.4;153.52;0.99;-23.66;-22.59;-6.68;-35.28;-154.97;-258.51;13.17;6.15;3.96;25.3;91.82;90.15
2;7.11;-7.97;0.73;-31.81;-34.08;118.05;15.58;2.01;6.35;39.56;161.05;446.48;-6.84;-32.46;-13.34;-117.32;-108.3;-285.87;5.13;7.96;5.56;48.88;70.74;244.51
2;1.59;-11.78;-0.78;4.97;35.11;-120.26;27.24;11.63;10.67;64.16;183.77;11.31;-23.95;-23.38;-8.13;-41.01;-217.72;-252.38;13.99;8.14;4.31;28.71;98.62;92.85
2;7.3;-7.6;0.85;-30.85;-33.84;98.41;18.74;2.01;7.68;48.86;159.45;424.79;-4.32;-32.04;-7.61;-104.58;-175.11;-271.7;5.57;7.83;4.43;49.19;98;237.93
2;1.11;-12.23;-1.19;7.99;44.66;-125.44;25.57;5.9;7.96;48.13;161.56;10.93;-21.19;-23.64;-7.35;-38.28;-148.45;-254.19;12.82;6.62;3.54;25.31;78.55;90.91
2;7.84;-7.02;0.63;-37.65;-23.05;119.96;17.8;2.9;7.69;31.55;190.5;422.58;0.49;-29.06;-18.44;-116.67;-237.18;-312.92;4.71;8.56;5.22;44.09;110.36;228.74
2;1.55;-12.33;-0.67;18.2;28.77;-122.34;25.45;0.96;17.18;59.8;174.75;-1.87;-20.55;-22.24;-5.9;-26.89;-159.64;-253.71;12.74;6.21;5.05;27.01;90.21;93.93
2;7.3;-7.59;0.68;-44.43;-30.81;112.37;15.41;1.74;8.16;28.32;193.31;420.84;-0.24;-29.7;-17.25;-127.47;-214.66;-291.22;4.68;8.54;5.13;49.43;113.38;231.11
2;1.3;-11.93;-0.81;16.71;27.54;-117.2;26.96;5.5;17.18;66.42;160.89;-0.4;-23.62;-22.37;-6.96;-31.19;-215.72;-263.66;13.21;7.01;4.61;31.56;98.59;93.52
2;7.54;-7.74;-0.38;-22.9;-14.35;118.37;15.14;2.88;3.98;45.65;142;418.85;-15.14;-30.15;-13.63;-86.06;-108.78;-327.78;5.76;9.02;4;38.79;78.25;239.83
2;1.6;-12.16;-1.03;14.47;26.28;-125.63;42.23;11.35;7.26;56.96;162.68;-13.69;-17.71;-23.81;-5.84;-27.39;-305.36;-271.64;14.11;8.12;3.36;25.36;106.32;90.49
2;7.55;-7.35;-0.26;-11.93;-14.57;127.32;16.81;5.16;4.61;57.23;109.3;438.18;-17;-34.54;-12.32;-94.61;-156.69;-280.5;7.51;10.54;3.93;50.27;66.53;247.35
2;1.71;-11.49;-1.26;12.89;20.98;-120.37;38.78;13.26;4.96;63.6;148.92;14.52;-22.4;-23.87;-7.78;-25.7;-266;-263.56;14.41;8.54;3.61;27.52;98.31;93.27
2;6.6;-7.99;0.56;-37.06;-9.4;106.97;17.9;3.33;9.05;61.91;161.23;423.88;-11.03;-31.79;-18.99;-124.16;-168.27;-279.21;6.17;8.08;5.99;57.68;98.27;242.45
2;1.86;-11.51;-1.05;18.67;17.89;-121.81;30.67;11.79;14.24;83.36;107.26;5.23;-20.4;-23.16;-6.89;-28.16;-213.43;-260.54;13.72;7.67;5.25;30.12;83.06;95.06
2;7.3;-7.97;0.99;-31.78;-35.06;97.31;19.49;2.05;8.46;47.24;158.71;441.43;-3.28;-31.69;-11.17;-132.6;-194.66;-293.41;5.32;8.03;5.47;57.93;104.41;253.1
2;1.62;-12.11;-0.88;2.44;46.82;-126.37;22.86;10.94;5.61;32.07;192.3;11.25;-23.91;-25.97;-4.99;-29.04;-151.6;-265.3;13.28;7.63;3.31;20.92;93.51;93.39
2;6.91;-7.61;1.83;-47.25;-39.48;109.27;16.57;2.84;9.16;53.45;179.25;430.54;-4.74;-31.33;-10.47;-156.86;-165.1;-271.71;4.8;7.53;3.99;62.66;80.47;240.1
2;1.25;-12.25;-1.48;16.01;30.97;-127.16;27.44;9.58;8.59;60.53;121.55;15.06;-23.16;-24.32;-6.36;-26.04;-160.83;-269.71;13.73;7.76;3.62;26.06;78.5;99.66
2;7.53;-6.61;1.64;-47.23;-26.77;111.97;14.33;1.69;21.26;53.03;175.82;425.39;1.03;-29.55;-16.67;-120.55;-228.13;-261.29;3.93;7.35;5.98;51.97;113.7;231.1
2;0.51;-12.69;-1.33;20.59;33.46;-127.57;28.82;-2.08;20.28;60.96;135.23;-6.11;-22.09;-22.45;-6.85;-20.47;-149.45;-254.99;12.66;5.86;5.57;26.99;89.06;88.84
2;7.41;-7.26;0.93;-36.12;-24.53;124.81;15.4;3.06;9.71;53.83;172.32;430.82;-2.58;-31.3;-12.91;-111.7;-146.29;-297.26;4.81;8.81;4.55;46.22;97.03;240.6
2;1.52;-11.89;-1.1;14.58;30.42;-126.2;33.14;8.24;10.27;58.39;193.81;3.59;-21.66;-23.01;-5.88;-27.51;-230.65;-255.38;13.82;7.4;3.88;22.55;98.17;92.08
2;7.76;-7.49;0.68;-35.75;-33.73;117.98;16.05;2.95;6.85;43.76;180.32;423.1;-4.65;-29.82;-15.71;-137.74;-161.64;-285.32;5.28;7.85;5.86;56.42;71.86;229.5
2;0.86;-12.47;-0.92;17.25;34.49;-122.45;28.61;6.87;15.09;66.5;185.05;0.95;-25.49;-24.59;-7.13;-31.67;-215.18;-272.15;14.2;7.64;4.36;32.07;105.81;94.59
2;7.67;-7.15;-0.45;-32.58;-23.75;118.46;16.63;3.91;11.7;51.67;121.76;421.27;-3.04;-35.25;-17.56;-100.41;-198.09;-282.94;5.22;9.08;5.55;50.14;72.21;234.09
